INFO 2025-12-01 23:32:39,279 autoreload 24868 10492 Watching for file changes with StatReloader
INFO 2025-12-01 23:33:12,163 autoreload 24868 10492 C:\Users\USER\Desktop\myshop_app\cart\models.py changed, reloading.
INFO 2025-12-01 23:33:15,751 autoreload 23872 19692 Watching for file changes with StatReloader
INFO 2025-12-01 23:33:36,089 autoreload 23872 19692 C:\Users\USER\Desktop\myshop_app\cart\models.py changed, reloading.
INFO 2025-12-01 23:33:38,134 autoreload 10632 16312 Watching for file changes with StatReloader
INFO 2025-12-01 23:35:23,555 autoreload 10632 16312 C:\Users\USER\Desktop\myshop_app\store\urls.py changed, reloading.
INFO 2025-12-01 23:35:26,820 autoreload 14188 25496 Watching for file changes with StatReloader
INFO 2025-12-01 23:36:05,579 autoreload 14188 25496 C:\Users\USER\Desktop\myshop_app\cart\models.py changed, reloading.
INFO 2025-12-01 23:36:08,693 autoreload 24024 20968 Watching for file changes with StatReloader
INFO 2025-12-01 23:43:38,031 autoreload 15300 19256 Watching for file changes with StatReloader
INFO 2025-12-01 23:43:56,617 autoreload 15300 19256 C:\Users\USER\Desktop\myshop_app\cart\admin.py changed, reloading.
INFO 2025-12-01 23:43:56,704 autoreload 24024 20968 C:\Users\USER\Desktop\myshop_app\cart\admin.py changed, reloading.
INFO 2025-12-01 23:43:58,066 autoreload 22036 12972 Watching for file changes with StatReloader
INFO 2025-12-01 23:43:58,373 autoreload 22800 12276 Watching for file changes with StatReloader
INFO 2025-12-01 23:46:32,037 autoreload 3536 25552 Watching for file changes with StatReloader
INFO 2025-12-01 23:47:00,564 autoreload 22800 12276 C:\Users\USER\Desktop\myshop_app\orders\models.py changed, reloading.
INFO 2025-12-01 23:47:00,805 autoreload 3536 25552 C:\Users\USER\Desktop\myshop_app\orders\models.py changed, reloading.
INFO 2025-12-01 23:47:02,755 autoreload 15712 23964 Watching for file changes with StatReloader
INFO 2025-12-01 23:47:02,763 autoreload 19596 10224 Watching for file changes with StatReloader
ERROR 2025-12-01 23:47:10,412 log 15712 15540 Internal Server Error: /
Traceback (most recent call last):
  File "C:\Users\USER\Desktop\myshop_app\venv\Lib\site-packages\django\db\backends\utils.py", line 105, in _execute
    return self.cursor.execute(sql, params)
           ~~~~~~~~~~~~~~~~~~~^^^^^^^^^^^^^
  File "C:\Users\USER\Desktop\myshop_app\venv\Lib\site-packages\django\db\backends\sqlite3\base.py", line 360, in execute
    return super().execute(query, params)
           ~~~~~~~~~~~~~~~^^^^^^^^^^^^^^^
sqlite3.OperationalError: no such column: store_product.image

The above exception was the direct cause of the following exception:

Traceback (most recent call last):
  File "C:\Users\USER\Desktop\myshop_app\venv\Lib\site-packages\django\core\handlers\exception.py", line 55, in inner
    response = get_response(request)
  File "C:\Users\USER\Desktop\myshop_app\venv\Lib\site-packages\django\core\handlers\base.py", line 197, in _get_response
    response = wrapped_callback(request, *callback_args, **callback_kwargs)
  File "C:\Users\USER\Desktop\myshop_app\store\views.py", line 241, in home
    return render(request, 'store/home.html', {'products': products})
  File "C:\Users\USER\Desktop\myshop_app\venv\Lib\site-packages\django\shortcuts.py", line 25, in render
    content = loader.render_to_string(template_name, context, request, using=using)
  File "C:\Users\USER\Desktop\myshop_app\venv\Lib\site-packages\django\template\loader.py", line 62, in render_to_string
    return template.render(context, request)
           ~~~~~~~~~~~~~~~^^^^^^^^^^^^^^^^^^
  File "C:\Users\USER\Desktop\myshop_app\venv\Lib\site-packages\django\template\backends\django.py", line 107, in render
    return self.template.render(context)
           ~~~~~~~~~~~~~~~~~~~~^^^^^^^^^
  File "C:\Users\USER\Desktop\myshop_app\venv\Lib\site-packages\django\template\base.py", line 171, in render
    return self._render(context)
           ~~~~~~~~~~~~^^^^^^^^^
  File "C:\Users\USER\Desktop\myshop_app\venv\Lib\site-packages\django\template\base.py", line 163, in _render
    return self.nodelist.render(context)
           ~~~~~~~~~~~~~~~~~~~~^^^^^^^^^
  File "C:\Users\USER\Desktop\myshop_app\venv\Lib\site-packages\django\template\base.py", line 1016, in render
    return SafeString("".join([node.render_annotated(context) for node in self]))
                               ~~~~~~~~~~~~~~~~~~~~~^^^^^^^^^
  File "C:\Users\USER\Desktop\myshop_app\venv\Lib\site-packages\django\template\base.py", line 977, in render_annotated
    return self.render(context)
           ~~~~~~~~~~~^^^^^^^^^
  File "C:\Users\USER\Desktop\myshop_app\venv\Lib\site-packages\django\template\defaulttags.py", line 199, in render
    len_values = len(values)
  File "C:\Users\USER\Desktop\myshop_app\venv\Lib\site-packages\django\db\models\query.py", line 368, in __len__
    self._fetch_all()
    ~~~~~~~~~~~~~~~^^
  File "C:\Users\USER\Desktop\myshop_app\venv\Lib\site-packages\django\db\models\query.py", line 1954, in _fetch_all
    self._result_cache = list(self._iterable_class(self))
                         ~~~~^^^^^^^^^^^^^^^^^^^^^^^^^^^^
  File "C:\Users\USER\Desktop\myshop_app\venv\Lib\site-packages\django\db\models\query.py", line 93, in __iter__
    results = compiler.execute_sql(
        chunked_fetch=self.chunked_fetch, chunk_size=self.chunk_size
    )
  File "C:\Users\USER\Desktop\myshop_app\venv\Lib\site-packages\django\db\models\sql\compiler.py", line 1623, in execute_sql
    cursor.execute(sql, params)
    ~~~~~~~~~~~~~~^^^^^^^^^^^^^
  File "C:\Users\USER\Desktop\myshop_app\venv\Lib\site-packages\django\db\backends\utils.py", line 122, in execute
    return super().execute(sql, params)
           ~~~~~~~~~~~~~~~^^^^^^^^^^^^^
  File "C:\Users\USER\Desktop\myshop_app\venv\Lib\site-packages\django\db\backends\utils.py", line 79, in execute
    return self._execute_with_wrappers(
           ~~~~~~~~~~~~~~~~~~~~~~~~~~~^
        sql, params, many=False, executor=self._execute
        ^^^^^^^^^^^^^^^^^^^^^^^^^^^^^^^^^^^^^^^^^^^^^^^
    )
    ^
  File "C:\Users\USER\Desktop\myshop_app\venv\Lib\site-packages\django\db\backends\utils.py", line 92, in _execute_with_wrappers
    return executor(sql, params, many, context)
  File "C:\Users\USER\Desktop\myshop_app\venv\Lib\site-packages\django\db\backends\utils.py", line 100, in _execute
    with self.db.wrap_database_errors:
         ^^^^^^^^^^^^^^^^^^^^^^^^^^^^
  File "C:\Users\USER\Desktop\myshop_app\venv\Lib\site-packages\django\db\utils.py", line 91, in __exit__
    raise dj_exc_value.with_traceback(traceback) from exc_value
  File "C:\Users\USER\Desktop\myshop_app\venv\Lib\site-packages\django\db\backends\utils.py", line 105, in _execute
    return self.cursor.execute(sql, params)
           ~~~~~~~~~~~~~~~~~~~^^^^^^^^^^^^^
  File "C:\Users\USER\Desktop\myshop_app\venv\Lib\site-packages\django\db\backends\sqlite3\base.py", line 360, in execute
    return super().execute(query, params)
           ~~~~~~~~~~~~~~~^^^^^^^^^^^^^^^
django.db.utils.OperationalError: no such column: store_product.image
ERROR 2025-12-01 23:47:10,428 basehttp 15712 15540 "GET / HTTP/1.1" 500 168659
INFO 2025-12-01 23:49:25,379 basehttp 15712 19560 "GET /admin/ HTTP/1.1" 200 11327
ERROR 2025-12-01 23:49:45,118 log 15712 9972 Internal Server Error: /
Traceback (most recent call last):
  File "C:\Users\USER\Desktop\myshop_app\venv\Lib\site-packages\django\db\backends\utils.py", line 105, in _execute
    return self.cursor.execute(sql, params)
           ~~~~~~~~~~~~~~~~~~~^^^^^^^^^^^^^
  File "C:\Users\USER\Desktop\myshop_app\venv\Lib\site-packages\django\db\backends\sqlite3\base.py", line 360, in execute
    return super().execute(query, params)
           ~~~~~~~~~~~~~~~^^^^^^^^^^^^^^^
sqlite3.OperationalError: no such column: store_product.image

The above exception was the direct cause of the following exception:

Traceback (most recent call last):
  File "C:\Users\USER\Desktop\myshop_app\venv\Lib\site-packages\django\core\handlers\exception.py", line 55, in inner
    response = get_response(request)
  File "C:\Users\USER\Desktop\myshop_app\venv\Lib\site-packages\django\core\handlers\base.py", line 197, in _get_response
    response = wrapped_callback(request, *callback_args, **callback_kwargs)
  File "C:\Users\USER\Desktop\myshop_app\store\views.py", line 241, in home
    return render(request, 'store/home.html', {'products': products})
  File "C:\Users\USER\Desktop\myshop_app\venv\Lib\site-packages\django\shortcuts.py", line 25, in render
    content = loader.render_to_string(template_name, context, request, using=using)
  File "C:\Users\USER\Desktop\myshop_app\venv\Lib\site-packages\django\template\loader.py", line 62, in render_to_string
    return template.render(context, request)
           ~~~~~~~~~~~~~~~^^^^^^^^^^^^^^^^^^
  File "C:\Users\USER\Desktop\myshop_app\venv\Lib\site-packages\django\template\backends\django.py", line 107, in render
    return self.template.render(context)
           ~~~~~~~~~~~~~~~~~~~~^^^^^^^^^
  File "C:\Users\USER\Desktop\myshop_app\venv\Lib\site-packages\django\template\base.py", line 171, in render
    return self._render(context)
           ~~~~~~~~~~~~^^^^^^^^^
  File "C:\Users\USER\Desktop\myshop_app\venv\Lib\site-packages\django\template\base.py", line 163, in _render
    return self.nodelist.render(context)
           ~~~~~~~~~~~~~~~~~~~~^^^^^^^^^
  File "C:\Users\USER\Desktop\myshop_app\venv\Lib\site-packages\django\template\base.py", line 1016, in render
    return SafeString("".join([node.render_annotated(context) for node in self]))
                               ~~~~~~~~~~~~~~~~~~~~~^^^^^^^^^
  File "C:\Users\USER\Desktop\myshop_app\venv\Lib\site-packages\django\template\base.py", line 977, in render_annotated
    return self.render(context)
           ~~~~~~~~~~~^^^^^^^^^
  File "C:\Users\USER\Desktop\myshop_app\venv\Lib\site-packages\django\template\defaulttags.py", line 199, in render
    len_values = len(values)
  File "C:\Users\USER\Desktop\myshop_app\venv\Lib\site-packages\django\db\models\query.py", line 368, in __len__
    self._fetch_all()
    ~~~~~~~~~~~~~~~^^
  File "C:\Users\USER\Desktop\myshop_app\venv\Lib\site-packages\django\db\models\query.py", line 1954, in _fetch_all
    self._result_cache = list(self._iterable_class(self))
                         ~~~~^^^^^^^^^^^^^^^^^^^^^^^^^^^^
  File "C:\Users\USER\Desktop\myshop_app\venv\Lib\site-packages\django\db\models\query.py", line 93, in __iter__
    results = compiler.execute_sql(
        chunked_fetch=self.chunked_fetch, chunk_size=self.chunk_size
    )
  File "C:\Users\USER\Desktop\myshop_app\venv\Lib\site-packages\django\db\models\sql\compiler.py", line 1623, in execute_sql
    cursor.execute(sql, params)
    ~~~~~~~~~~~~~~^^^^^^^^^^^^^
  File "C:\Users\USER\Desktop\myshop_app\venv\Lib\site-packages\django\db\backends\utils.py", line 122, in execute
    return super().execute(sql, params)
           ~~~~~~~~~~~~~~~^^^^^^^^^^^^^
  File "C:\Users\USER\Desktop\myshop_app\venv\Lib\site-packages\django\db\backends\utils.py", line 79, in execute
    return self._execute_with_wrappers(
           ~~~~~~~~~~~~~~~~~~~~~~~~~~~^
        sql, params, many=False, executor=self._execute
        ^^^^^^^^^^^^^^^^^^^^^^^^^^^^^^^^^^^^^^^^^^^^^^^
    )
    ^
  File "C:\Users\USER\Desktop\myshop_app\venv\Lib\site-packages\django\db\backends\utils.py", line 92, in _execute_with_wrappers
    return executor(sql, params, many, context)
  File "C:\Users\USER\Desktop\myshop_app\venv\Lib\site-packages\django\db\backends\utils.py", line 100, in _execute
    with self.db.wrap_database_errors:
         ^^^^^^^^^^^^^^^^^^^^^^^^^^^^
  File "C:\Users\USER\Desktop\myshop_app\venv\Lib\site-packages\django\db\utils.py", line 91, in __exit__
    raise dj_exc_value.with_traceback(traceback) from exc_value
  File "C:\Users\USER\Desktop\myshop_app\venv\Lib\site-packages\django\db\backends\utils.py", line 105, in _execute
    return self.cursor.execute(sql, params)
           ~~~~~~~~~~~~~~~~~~~^^^^^^^^^^^^^
  File "C:\Users\USER\Desktop\myshop_app\venv\Lib\site-packages\django\db\backends\sqlite3\base.py", line 360, in execute
    return super().execute(query, params)
           ~~~~~~~~~~~~~~~^^^^^^^^^^^^^^^
django.db.utils.OperationalError: no such column: store_product.image
INFO 2025-12-01 23:49:45,167 basehttp 15712 9972 - Broken pipe from ('127.0.0.1', 50781)
ERROR 2025-12-01 23:49:45,228 log 15712 7076 Internal Server Error: /
Traceback (most recent call last):
  File "C:\Users\USER\Desktop\myshop_app\venv\Lib\site-packages\django\db\backends\utils.py", line 105, in _execute
    return self.cursor.execute(sql, params)
           ~~~~~~~~~~~~~~~~~~~^^^^^^^^^^^^^
  File "C:\Users\USER\Desktop\myshop_app\venv\Lib\site-packages\django\db\backends\sqlite3\base.py", line 360, in execute
    return super().execute(query, params)
           ~~~~~~~~~~~~~~~^^^^^^^^^^^^^^^
sqlite3.OperationalError: no such column: store_product.image

The above exception was the direct cause of the following exception:

Traceback (most recent call last):
  File "C:\Users\USER\Desktop\myshop_app\venv\Lib\site-packages\django\core\handlers\exception.py", line 55, in inner
    response = get_response(request)
  File "C:\Users\USER\Desktop\myshop_app\venv\Lib\site-packages\django\core\handlers\base.py", line 197, in _get_response
    response = wrapped_callback(request, *callback_args, **callback_kwargs)
  File "C:\Users\USER\Desktop\myshop_app\store\views.py", line 241, in home
    return render(request, 'store/home.html', {'products': products})
  File "C:\Users\USER\Desktop\myshop_app\venv\Lib\site-packages\django\shortcuts.py", line 25, in render
    content = loader.render_to_string(template_name, context, request, using=using)
  File "C:\Users\USER\Desktop\myshop_app\venv\Lib\site-packages\django\template\loader.py", line 62, in render_to_string
    return template.render(context, request)
           ~~~~~~~~~~~~~~~^^^^^^^^^^^^^^^^^^
  File "C:\Users\USER\Desktop\myshop_app\venv\Lib\site-packages\django\template\backends\django.py", line 107, in render
    return self.template.render(context)
           ~~~~~~~~~~~~~~~~~~~~^^^^^^^^^
  File "C:\Users\USER\Desktop\myshop_app\venv\Lib\site-packages\django\template\base.py", line 171, in render
    return self._render(context)
           ~~~~~~~~~~~~^^^^^^^^^
  File "C:\Users\USER\Desktop\myshop_app\venv\Lib\site-packages\django\template\base.py", line 163, in _render
    return self.nodelist.render(context)
           ~~~~~~~~~~~~~~~~~~~~^^^^^^^^^
  File "C:\Users\USER\Desktop\myshop_app\venv\Lib\site-packages\django\template\base.py", line 1016, in render
    return SafeString("".join([node.render_annotated(context) for node in self]))
                               ~~~~~~~~~~~~~~~~~~~~~^^^^^^^^^
  File "C:\Users\USER\Desktop\myshop_app\venv\Lib\site-packages\django\template\base.py", line 977, in render_annotated
    return self.render(context)
           ~~~~~~~~~~~^^^^^^^^^
  File "C:\Users\USER\Desktop\myshop_app\venv\Lib\site-packages\django\template\defaulttags.py", line 199, in render
    len_values = len(values)
  File "C:\Users\USER\Desktop\myshop_app\venv\Lib\site-packages\django\db\models\query.py", line 368, in __len__
    self._fetch_all()
    ~~~~~~~~~~~~~~~^^
  File "C:\Users\USER\Desktop\myshop_app\venv\Lib\site-packages\django\db\models\query.py", line 1954, in _fetch_all
    self._result_cache = list(self._iterable_class(self))
                         ~~~~^^^^^^^^^^^^^^^^^^^^^^^^^^^^
  File "C:\Users\USER\Desktop\myshop_app\venv\Lib\site-packages\django\db\models\query.py", line 93, in __iter__
    results = compiler.execute_sql(
        chunked_fetch=self.chunked_fetch, chunk_size=self.chunk_size
    )
  File "C:\Users\USER\Desktop\myshop_app\venv\Lib\site-packages\django\db\models\sql\compiler.py", line 1623, in execute_sql
    cursor.execute(sql, params)
    ~~~~~~~~~~~~~~^^^^^^^^^^^^^
  File "C:\Users\USER\Desktop\myshop_app\venv\Lib\site-packages\django\db\backends\utils.py", line 122, in execute
    return super().execute(sql, params)
           ~~~~~~~~~~~~~~~^^^^^^^^^^^^^
  File "C:\Users\USER\Desktop\myshop_app\venv\Lib\site-packages\django\db\backends\utils.py", line 79, in execute
    return self._execute_with_wrappers(
           ~~~~~~~~~~~~~~~~~~~~~~~~~~~^
        sql, params, many=False, executor=self._execute
        ^^^^^^^^^^^^^^^^^^^^^^^^^^^^^^^^^^^^^^^^^^^^^^^
    )
    ^
  File "C:\Users\USER\Desktop\myshop_app\venv\Lib\site-packages\django\db\backends\utils.py", line 92, in _execute_with_wrappers
    return executor(sql, params, many, context)
  File "C:\Users\USER\Desktop\myshop_app\venv\Lib\site-packages\django\db\backends\utils.py", line 100, in _execute
    with self.db.wrap_database_errors:
         ^^^^^^^^^^^^^^^^^^^^^^^^^^^^
  File "C:\Users\USER\Desktop\myshop_app\venv\Lib\site-packages\django\db\utils.py", line 91, in __exit__
    raise dj_exc_value.with_traceback(traceback) from exc_value
  File "C:\Users\USER\Desktop\myshop_app\venv\Lib\site-packages\django\db\backends\utils.py", line 105, in _execute
    return self.cursor.execute(sql, params)
           ~~~~~~~~~~~~~~~~~~~^^^^^^^^^^^^^
  File "C:\Users\USER\Desktop\myshop_app\venv\Lib\site-packages\django\db\backends\sqlite3\base.py", line 360, in execute
    return super().execute(query, params)
           ~~~~~~~~~~~~~~~^^^^^^^^^^^^^^^
django.db.utils.OperationalError: no such column: store_product.image
ERROR 2025-12-01 23:49:45,234 basehttp 15712 7076 "GET / HTTP/1.1" 500 168802
INFO 2025-12-01 23:49:52,274 basehttp 15712 3572 "GET /admin/ HTTP/1.1" 200 11327
INFO 2025-12-01 23:49:52,709 basehttp 15712 3972 "GET /static/admin/css/dashboard.css HTTP/1.1" 200 441
INFO 2025-12-01 23:49:52,737 basehttp 15712 19424 "GET /static/admin/css/nav_sidebar.css HTTP/1.1" 200 2810
INFO 2025-12-01 23:49:52,739 basehttp 15712 3572 "GET /static/admin/css/base.css HTTP/1.1" 200 22120
INFO 2025-12-01 23:49:52,745 basehttp 15712 24228 "GET /static/admin/css/dark_mode.css HTTP/1.1" 200 2808
INFO 2025-12-01 23:49:52,745 basehttp 15712 23000 "GET /static/admin/css/responsive.css HTTP/1.1" 200 16565
INFO 2025-12-01 23:49:52,750 basehttp 15712 16916 "GET /static/admin/js/theme.js HTTP/1.1" 200 1653
INFO 2025-12-01 23:49:52,792 basehttp 15712 16916 "GET /static/admin/js/nav_sidebar.js HTTP/1.1" 200 3063
INFO 2025-12-01 23:49:52,794 basehttp 15712 24228 "GET /static/admin/img/icon-changelink.svg HTTP/1.1" 200 380
INFO 2025-12-01 23:49:52,807 basehttp 15712 23000 "GET /static/admin/img/icon-addlink.svg HTTP/1.1" 200 331
ERROR 2025-12-01 23:50:12,717 log 15712 7080 Internal Server Error: /
Traceback (most recent call last):
  File "C:\Users\USER\Desktop\myshop_app\venv\Lib\site-packages\django\db\backends\utils.py", line 105, in _execute
    return self.cursor.execute(sql, params)
           ~~~~~~~~~~~~~~~~~~~^^^^^^^^^^^^^
  File "C:\Users\USER\Desktop\myshop_app\venv\Lib\site-packages\django\db\backends\sqlite3\base.py", line 360, in execute
    return super().execute(query, params)
           ~~~~~~~~~~~~~~~^^^^^^^^^^^^^^^
sqlite3.OperationalError: no such column: store_product.image

The above exception was the direct cause of the following exception:

Traceback (most recent call last):
  File "C:\Users\USER\Desktop\myshop_app\venv\Lib\site-packages\django\core\handlers\exception.py", line 55, in inner
    response = get_response(request)
  File "C:\Users\USER\Desktop\myshop_app\venv\Lib\site-packages\django\core\handlers\base.py", line 197, in _get_response
    response = wrapped_callback(request, *callback_args, **callback_kwargs)
  File "C:\Users\USER\Desktop\myshop_app\store\views.py", line 241, in home
    return render(request, 'store/home.html', {'products': products})
  File "C:\Users\USER\Desktop\myshop_app\venv\Lib\site-packages\django\shortcuts.py", line 25, in render
    content = loader.render_to_string(template_name, context, request, using=using)
  File "C:\Users\USER\Desktop\myshop_app\venv\Lib\site-packages\django\template\loader.py", line 62, in render_to_string
    return template.render(context, request)
           ~~~~~~~~~~~~~~~^^^^^^^^^^^^^^^^^^
  File "C:\Users\USER\Desktop\myshop_app\venv\Lib\site-packages\django\template\backends\django.py", line 107, in render
    return self.template.render(context)
           ~~~~~~~~~~~~~~~~~~~~^^^^^^^^^
  File "C:\Users\USER\Desktop\myshop_app\venv\Lib\site-packages\django\template\base.py", line 171, in render
    return self._render(context)
           ~~~~~~~~~~~~^^^^^^^^^
  File "C:\Users\USER\Desktop\myshop_app\venv\Lib\site-packages\django\template\base.py", line 163, in _render
    return self.nodelist.render(context)
           ~~~~~~~~~~~~~~~~~~~~^^^^^^^^^
  File "C:\Users\USER\Desktop\myshop_app\venv\Lib\site-packages\django\template\base.py", line 1016, in render
    return SafeString("".join([node.render_annotated(context) for node in self]))
                               ~~~~~~~~~~~~~~~~~~~~~^^^^^^^^^
  File "C:\Users\USER\Desktop\myshop_app\venv\Lib\site-packages\django\template\base.py", line 977, in render_annotated
    return self.render(context)
           ~~~~~~~~~~~^^^^^^^^^
  File "C:\Users\USER\Desktop\myshop_app\venv\Lib\site-packages\django\template\defaulttags.py", line 199, in render
    len_values = len(values)
  File "C:\Users\USER\Desktop\myshop_app\venv\Lib\site-packages\django\db\models\query.py", line 368, in __len__
    self._fetch_all()
    ~~~~~~~~~~~~~~~^^
  File "C:\Users\USER\Desktop\myshop_app\venv\Lib\site-packages\django\db\models\query.py", line 1954, in _fetch_all
    self._result_cache = list(self._iterable_class(self))
                         ~~~~^^^^^^^^^^^^^^^^^^^^^^^^^^^^
  File "C:\Users\USER\Desktop\myshop_app\venv\Lib\site-packages\django\db\models\query.py", line 93, in __iter__
    results = compiler.execute_sql(
        chunked_fetch=self.chunked_fetch, chunk_size=self.chunk_size
    )
  File "C:\Users\USER\Desktop\myshop_app\venv\Lib\site-packages\django\db\models\sql\compiler.py", line 1623, in execute_sql
    cursor.execute(sql, params)
    ~~~~~~~~~~~~~~^^^^^^^^^^^^^
  File "C:\Users\USER\Desktop\myshop_app\venv\Lib\site-packages\django\db\backends\utils.py", line 122, in execute
    return super().execute(sql, params)
           ~~~~~~~~~~~~~~~^^^^^^^^^^^^^
  File "C:\Users\USER\Desktop\myshop_app\venv\Lib\site-packages\django\db\backends\utils.py", line 79, in execute
    return self._execute_with_wrappers(
           ~~~~~~~~~~~~~~~~~~~~~~~~~~~^
        sql, params, many=False, executor=self._execute
        ^^^^^^^^^^^^^^^^^^^^^^^^^^^^^^^^^^^^^^^^^^^^^^^
    )
    ^
  File "C:\Users\USER\Desktop\myshop_app\venv\Lib\site-packages\django\db\backends\utils.py", line 92, in _execute_with_wrappers
    return executor(sql, params, many, context)
  File "C:\Users\USER\Desktop\myshop_app\venv\Lib\site-packages\django\db\backends\utils.py", line 100, in _execute
    with self.db.wrap_database_errors:
         ^^^^^^^^^^^^^^^^^^^^^^^^^^^^
  File "C:\Users\USER\Desktop\myshop_app\venv\Lib\site-packages\django\db\utils.py", line 91, in __exit__
    raise dj_exc_value.with_traceback(traceback) from exc_value
  File "C:\Users\USER\Desktop\myshop_app\venv\Lib\site-packages\django\db\backends\utils.py", line 105, in _execute
    return self.cursor.execute(sql, params)
           ~~~~~~~~~~~~~~~~~~~^^^^^^^^^^^^^
  File "C:\Users\USER\Desktop\myshop_app\venv\Lib\site-packages\django\db\backends\sqlite3\base.py", line 360, in execute
    return super().execute(query, params)
           ~~~~~~~~~~~~~~~^^^^^^^^^^^^^^^
django.db.utils.OperationalError: no such column: store_product.image
ERROR 2025-12-01 23:50:12,728 basehttp 15712 7080 "GET / HTTP/1.1" 500 168659
ERROR 2025-12-01 23:50:14,869 log 15712 7080 Internal Server Error: /
Traceback (most recent call last):
  File "C:\Users\USER\Desktop\myshop_app\venv\Lib\site-packages\django\db\backends\utils.py", line 105, in _execute
    return self.cursor.execute(sql, params)
           ~~~~~~~~~~~~~~~~~~~^^^^^^^^^^^^^
  File "C:\Users\USER\Desktop\myshop_app\venv\Lib\site-packages\django\db\backends\sqlite3\base.py", line 360, in execute
    return super().execute(query, params)
           ~~~~~~~~~~~~~~~^^^^^^^^^^^^^^^
sqlite3.OperationalError: no such column: store_product.image

The above exception was the direct cause of the following exception:

Traceback (most recent call last):
  File "C:\Users\USER\Desktop\myshop_app\venv\Lib\site-packages\django\core\handlers\exception.py", line 55, in inner
    response = get_response(request)
  File "C:\Users\USER\Desktop\myshop_app\venv\Lib\site-packages\django\core\handlers\base.py", line 197, in _get_response
    response = wrapped_callback(request, *callback_args, **callback_kwargs)
  File "C:\Users\USER\Desktop\myshop_app\store\views.py", line 241, in home
    return render(request, 'store/home.html', {'products': products})
  File "C:\Users\USER\Desktop\myshop_app\venv\Lib\site-packages\django\shortcuts.py", line 25, in render
    content = loader.render_to_string(template_name, context, request, using=using)
  File "C:\Users\USER\Desktop\myshop_app\venv\Lib\site-packages\django\template\loader.py", line 62, in render_to_string
    return template.render(context, request)
           ~~~~~~~~~~~~~~~^^^^^^^^^^^^^^^^^^
  File "C:\Users\USER\Desktop\myshop_app\venv\Lib\site-packages\django\template\backends\django.py", line 107, in render
    return self.template.render(context)
           ~~~~~~~~~~~~~~~~~~~~^^^^^^^^^
  File "C:\Users\USER\Desktop\myshop_app\venv\Lib\site-packages\django\template\base.py", line 171, in render
    return self._render(context)
           ~~~~~~~~~~~~^^^^^^^^^
  File "C:\Users\USER\Desktop\myshop_app\venv\Lib\site-packages\django\template\base.py", line 163, in _render
    return self.nodelist.render(context)
           ~~~~~~~~~~~~~~~~~~~~^^^^^^^^^
  File "C:\Users\USER\Desktop\myshop_app\venv\Lib\site-packages\django\template\base.py", line 1016, in render
    return SafeString("".join([node.render_annotated(context) for node in self]))
                               ~~~~~~~~~~~~~~~~~~~~~^^^^^^^^^
  File "C:\Users\USER\Desktop\myshop_app\venv\Lib\site-packages\django\template\base.py", line 977, in render_annotated
    return self.render(context)
           ~~~~~~~~~~~^^^^^^^^^
  File "C:\Users\USER\Desktop\myshop_app\venv\Lib\site-packages\django\template\defaulttags.py", line 199, in render
    len_values = len(values)
  File "C:\Users\USER\Desktop\myshop_app\venv\Lib\site-packages\django\db\models\query.py", line 368, in __len__
    self._fetch_all()
    ~~~~~~~~~~~~~~~^^
  File "C:\Users\USER\Desktop\myshop_app\venv\Lib\site-packages\django\db\models\query.py", line 1954, in _fetch_all
    self._result_cache = list(self._iterable_class(self))
                         ~~~~^^^^^^^^^^^^^^^^^^^^^^^^^^^^
  File "C:\Users\USER\Desktop\myshop_app\venv\Lib\site-packages\django\db\models\query.py", line 93, in __iter__
    results = compiler.execute_sql(
        chunked_fetch=self.chunked_fetch, chunk_size=self.chunk_size
    )
  File "C:\Users\USER\Desktop\myshop_app\venv\Lib\site-packages\django\db\models\sql\compiler.py", line 1623, in execute_sql
    cursor.execute(sql, params)
    ~~~~~~~~~~~~~~^^^^^^^^^^^^^
  File "C:\Users\USER\Desktop\myshop_app\venv\Lib\site-packages\django\db\backends\utils.py", line 122, in execute
    return super().execute(sql, params)
           ~~~~~~~~~~~~~~~^^^^^^^^^^^^^
  File "C:\Users\USER\Desktop\myshop_app\venv\Lib\site-packages\django\db\backends\utils.py", line 79, in execute
    return self._execute_with_wrappers(
           ~~~~~~~~~~~~~~~~~~~~~~~~~~~^
        sql, params, many=False, executor=self._execute
        ^^^^^^^^^^^^^^^^^^^^^^^^^^^^^^^^^^^^^^^^^^^^^^^
    )
    ^
  File "C:\Users\USER\Desktop\myshop_app\venv\Lib\site-packages\django\db\backends\utils.py", line 92, in _execute_with_wrappers
    return executor(sql, params, many, context)
  File "C:\Users\USER\Desktop\myshop_app\venv\Lib\site-packages\django\db\backends\utils.py", line 100, in _execute
    with self.db.wrap_database_errors:
         ^^^^^^^^^^^^^^^^^^^^^^^^^^^^
  File "C:\Users\USER\Desktop\myshop_app\venv\Lib\site-packages\django\db\utils.py", line 91, in __exit__
    raise dj_exc_value.with_traceback(traceback) from exc_value
  File "C:\Users\USER\Desktop\myshop_app\venv\Lib\site-packages\django\db\backends\utils.py", line 105, in _execute
    return self.cursor.execute(sql, params)
           ~~~~~~~~~~~~~~~~~~~^^^^^^^^^^^^^
  File "C:\Users\USER\Desktop\myshop_app\venv\Lib\site-packages\django\db\backends\sqlite3\base.py", line 360, in execute
    return super().execute(query, params)
           ~~~~~~~~~~~~~~~^^^^^^^^^^^^^^^
django.db.utils.OperationalError: no such column: store_product.image
ERROR 2025-12-01 23:50:14,907 basehttp 15712 7080 "GET / HTTP/1.1" 500 168796
INFO 2025-12-01 23:51:22,610 basehttp 15712 15964 "GET / HTTP/1.1" 200 3687
INFO 2025-12-01 23:51:46,280 basehttp 15712 16220 "GET /staff/products/ HTTP/1.1" 200 1306
INFO 2025-12-01 23:51:49,595 basehttp 15712 16220 "GET / HTTP/1.1" 200 3687
INFO 2025-12-01 23:51:56,512 basehttp 15712 14604 "GET /cart/ HTTP/1.1" 200 497
INFO 2025-12-01 23:52:01,628 basehttp 15712 21352 "GET /staff/products/ HTTP/1.1" 200 1306
ERROR 2025-12-01 23:52:07,500 log 15712 21352 Internal Server Error: /profile/
Traceback (most recent call last):
  File "C:\Users\USER\Desktop\myshop_app\venv\Lib\site-packages\django\core\handlers\exception.py", line 55, in inner
    response = get_response(request)
  File "C:\Users\USER\Desktop\myshop_app\venv\Lib\site-packages\django\core\handlers\base.py", line 197, in _get_response
    response = wrapped_callback(request, *callback_args, **callback_kwargs)
  File "C:\Users\USER\Desktop\myshop_app\venv\Lib\site-packages\django\contrib\auth\decorators.py", line 59, in _view_wrapper
    return view_func(request, *args, **kwargs)
  File "C:\Users\USER\Desktop\myshop_app\store\views.py", line 88, in profile
    profile_obj = request.user.customer_profile
                  ^^^^^^^^^^^^^^^^^^^^^^^^^^^^^
  File "C:\Users\USER\Desktop\myshop_app\venv\Lib\site-packages\django\utils\functional.py", line 253, in inner
    return func(_wrapped, *args)
  File "C:\Users\USER\Desktop\myshop_app\venv\Lib\site-packages\django\db\models\fields\related_descriptors.py", line 534, in __get__
    raise self.RelatedObjectDoesNotExist(
    ...<2 lines>...
    )
django.contrib.auth.models.User.customer_profile.RelatedObjectDoesNotExist: User has no customer_profile.. Did you mean: 'userprofile'?
ERROR 2025-12-01 23:52:07,515 basehttp 15712 21352 "GET /profile/ HTTP/1.1" 500 81981
ERROR 2025-12-01 23:52:35,511 log 15712 7012 Internal Server Error: /profile/
Traceback (most recent call last):
  File "C:\Users\USER\Desktop\myshop_app\venv\Lib\site-packages\django\core\handlers\exception.py", line 55, in inner
    response = get_response(request)
  File "C:\Users\USER\Desktop\myshop_app\venv\Lib\site-packages\django\core\handlers\base.py", line 197, in _get_response
    response = wrapped_callback(request, *callback_args, **callback_kwargs)
  File "C:\Users\USER\Desktop\myshop_app\venv\Lib\site-packages\django\contrib\auth\decorators.py", line 59, in _view_wrapper
    return view_func(request, *args, **kwargs)
  File "C:\Users\USER\Desktop\myshop_app\store\views.py", line 88, in profile
    profile_obj = request.user.customer_profile
                  ^^^^^^^^^^^^^^^^^^^^^^^^^^^^^
  File "C:\Users\USER\Desktop\myshop_app\venv\Lib\site-packages\django\utils\functional.py", line 253, in inner
    return func(_wrapped, *args)
  File "C:\Users\USER\Desktop\myshop_app\venv\Lib\site-packages\django\db\models\fields\related_descriptors.py", line 534, in __get__
    raise self.RelatedObjectDoesNotExist(
    ...<2 lines>...
    )
django.contrib.auth.models.User.customer_profile.RelatedObjectDoesNotExist: User has no customer_profile.. Did you mean: 'userprofile'?
ERROR 2025-12-01 23:52:35,514 basehttp 15712 7012 "GET /profile/ HTTP/1.1" 500 81981
INFO 2025-12-01 23:52:44,236 autoreload 15712 23964 C:\Users\USER\Desktop\myshop_app\store\views.py changed, reloading.
INFO 2025-12-01 23:52:44,225 autoreload 19596 10224 C:\Users\USER\Desktop\myshop_app\store\views.py changed, reloading.
INFO 2025-12-01 23:52:46,456 autoreload 13136 16300 Watching for file changes with StatReloader
INFO 2025-12-01 23:52:46,456 autoreload 2992 21212 Watching for file changes with StatReloader
INFO 2025-12-01 23:53:29,560 basehttp 2992 15024 "GET / HTTP/1.1" 200 3687
INFO 2025-12-01 23:53:32,290 basehttp 2992 20976 "GET /profile/ HTTP/1.1" 200 1145
INFO 2025-12-01 23:53:39,389 basehttp 2992 20976 "GET /profile/ HTTP/1.1" 200 1145
INFO 2025-12-01 23:53:47,236 basehttp 2992 4360 "GET /staff/products/ HTTP/1.1" 200 1306
INFO 2025-12-01 23:53:52,322 basehttp 2992 21072 "GET /cart/ HTTP/1.1" 200 497
INFO 2025-12-01 23:53:54,851 basehttp 2992 21072 "GET / HTTP/1.1" 200 3687
INFO 2025-12-01 23:53:57,025 basehttp 2992 21072 "GET /staff/orders/ HTTP/1.1" 200 423
INFO 2025-12-01 23:53:58,981 basehttp 2992 21072 "GET / HTTP/1.1" 200 3687
INFO 2025-12-01 23:54:04,424 views 2992 21072 User logged out: admin
INFO 2025-12-01 23:54:04,426 basehttp 2992 21072 "GET /logout/ HTTP/1.1" 302 0
INFO 2025-12-01 23:54:04,474 basehttp 2992 21072 "GET / HTTP/1.1" 200 3486
INFO 2025-12-01 23:54:10,002 basehttp 2992 21072 "GET /login/ HTTP/1.1" 200 1312
WARNING 2025-12-01 23:54:25,159 views 2992 9248 Failed login attempt for username: user
INFO 2025-12-01 23:54:25,161 basehttp 2992 9248 "POST /login/ HTTP/1.1" 200 1320
INFO 2025-12-01 23:54:28,840 basehttp 2992 9248 "GET /register/ HTTP/1.1" 200 1957
INFO 2025-12-01 23:55:24,091 basehttp 2992 18392 "POST /register/ HTTP/1.1" 200 2534
INFO 2025-12-01 23:55:45,985 basehttp 2992 19996 "POST /register/ HTTP/1.1" 200 2570
INFO 2025-12-01 23:56:33,295 basehttp 2992 14080 "POST /register/ HTTP/1.1" 200 2420
INFO 2025-12-01 23:57:52,450 views 2992 11492 New user registered: User
INFO 2025-12-01 23:57:52,453 basehttp 2992 11492 "POST /register/ HTTP/1.1" 302 0
INFO 2025-12-01 23:57:52,459 basehttp 2992 11492 "GET /login/ HTTP/1.1" 200 1326
INFO 2025-12-01 23:58:01,993 views 2992 11492 User logged in: User
INFO 2025-12-01 23:58:02,028 basehttp 2992 11492 "POST /login/ HTTP/1.1" 302 0
INFO 2025-12-01 23:58:02,044 basehttp 2992 11492 "GET / HTTP/1.1" 200 3546
INFO 2025-12-01 23:58:09,941 basehttp 2992 11492 "GET /admin/ HTTP/1.1" 302 0
INFO 2025-12-01 23:58:10,040 basehttp 2992 11492 "GET /admin/login/?next=/admin/ HTTP/1.1" 200 3806
INFO 2025-12-01 23:58:10,059 basehttp 2992 16064 "GET /static/admin/css/dark_mode.css HTTP/1.1" 304 0
INFO 2025-12-01 23:58:10,060 basehttp 2992 11492 "GET /static/admin/css/base.css HTTP/1.1" 304 0
INFO 2025-12-01 23:58:10,062 basehttp 2992 12376 "GET /static/admin/css/nav_sidebar.css HTTP/1.1" 304 0
INFO 2025-12-01 23:58:10,066 basehttp 2992 23888 "GET /static/admin/js/theme.js HTTP/1.1" 304 0
INFO 2025-12-01 23:58:10,069 basehttp 2992 14496 "GET /static/admin/css/responsive.css HTTP/1.1" 304 0
INFO 2025-12-01 23:58:10,075 basehttp 2992 14496 "GET /static/admin/js/nav_sidebar.js HTTP/1.1" 304 0
INFO 2025-12-01 23:58:10,263 basehttp 2992 18436 "GET /static/admin/css/login.css HTTP/1.1" 200 951
INFO 2025-12-01 23:58:10,274 basehttp 2992 18436 "GET /static/admin/img/icon-yes.svg HTTP/1.1" 200 436
INFO 2025-12-01 23:58:32,462 basehttp 2992 9608 "GET /profile/ HTTP/1.1" 200 1143
INFO 2025-12-01 23:58:37,998 basehttp 2992 9608 "GET /cart/ HTTP/1.1" 200 497
INFO 2025-12-01 23:58:40,001 basehttp 2992 9608 "GET / HTTP/1.1" 200 3546
INFO 2025-12-01 23:58:46,269 basehttp 2992 9948 "GET /admin/ HTTP/1.1" 302 0
INFO 2025-12-01 23:58:46,296 basehttp 2992 9948 "GET /admin/login/?next=/admin/ HTTP/1.1" 200 3686
INFO 2025-12-01 23:58:54,401 basehttp 2992 10656 "GET / HTTP/1.1" 200 3546
INFO 2025-12-01 23:58:58,236 basehttp 2992 10656 "GET / HTTP/1.1" 200 3546
INFO 2025-12-01 23:59:09,196 views 2992 10500 User logged out: User
INFO 2025-12-01 23:59:09,199 basehttp 2992 10500 "GET /logout/ HTTP/1.1" 302 0
INFO 2025-12-01 23:59:09,238 basehttp 2992 10500 "GET / HTTP/1.1" 200 3486
INFO 2025-12-01 23:59:13,957 basehttp 2992 10500 "GET /login/ HTTP/1.1" 200 1312
INFO 2025-12-01 23:59:29,454 views 2992 10500 User logged in: admin
INFO 2025-12-01 23:59:29,495 basehttp 2992 10500 "POST /login/ HTTP/1.1" 302 0
INFO 2025-12-01 23:59:29,510 basehttp 2992 10500 "GET / HTTP/1.1" 200 3687
INFO 2025-12-01 23:59:34,945 basehttp 2992 10500 "GET /admin/ HTTP/1.1" 200 11448
INFO 2025-12-01 23:59:34,967 basehttp 2992 10500 "GET /static/admin/css/dashboard.css HTTP/1.1" 304 0
INFO 2025-12-01 23:59:34,981 basehttp 2992 10500 "GET /static/admin/img/icon-addlink.svg HTTP/1.1" 304 0
INFO 2025-12-01 23:59:34,985 basehttp 2992 10500 "GET /static/admin/img/icon-changelink.svg HTTP/1.1" 304 0
INFO 2025-12-01 23:59:41,317 basehttp 2992 10500 "GET /admin/store/cartitem/add/ HTTP/1.1" 200 14668
INFO 2025-12-01 23:59:41,357 basehttp 2992 8924 "GET /static/admin/css/forms.css HTTP/1.1" 200 8525
INFO 2025-12-01 23:59:41,362 basehttp 2992 20996 "GET /static/admin/js/jquery.init.js HTTP/1.1" 200 347
INFO 2025-12-01 23:59:41,367 basehttp 2992 7332 "GET /static/admin/js/actions.js HTTP/1.1" 200 8076
INFO 2025-12-01 23:59:41,372 basehttp 2992 8924 "GET /static/admin/js/urlify.js HTTP/1.1" 200 7887
INFO 2025-12-01 23:59:41,377 basehttp 2992 20996 "GET /static/admin/js/core.js HTTP/1.1" 200 6208
INFO 2025-12-01 23:59:41,399 basehttp 2992 10500 "GET /static/admin/js/vendor/jquery/jquery.js HTTP/1.1" 200 285314
INFO 2025-12-01 23:59:41,400 basehttp 2992 1824 "GET /admin/jsi18n/ HTTP/1.1" 200 3342
INFO 2025-12-01 23:59:41,403 basehttp 2992 8924 "GET /static/admin/js/prepopulate.js HTTP/1.1" 200 1531
INFO 2025-12-01 23:59:41,441 basehttp 2992 10500 "GET /static/admin/js/prepopulate_init.js HTTP/1.1" 200 586
INFO 2025-12-01 23:59:41,447 basehttp 2992 20996 "GET /static/admin/js/vendor/xregexp/xregexp.js HTTP/1.1" 200 325171
INFO 2025-12-01 23:59:41,531 basehttp 2992 7332 "GET /static/admin/css/widgets.css HTTP/1.1" 200 11973
INFO 2025-12-01 23:59:41,536 basehttp 2992 7332 "GET /static/admin/img/icon-viewlink.svg HTTP/1.1" 200 581
INFO 2025-12-01 23:59:41,547 basehttp 2992 7332 "GET /static/admin/js/change_form.js HTTP/1.1" 200 606
INFO 2025-12-01 23:59:42,119 basehttp 2992 3576 "GET /static/admin/js/admin/RelatedObjectLookups.js HTTP/1.1" 200 9777
INFO 2025-12-01 23:59:57,596 basehttp 2992 21572 "GET /admin/store/customerprofile/ HTTP/1.1" 200 12851
INFO 2025-12-01 23:59:57,618 basehttp 2992 16828 "GET /static/admin/img/search.svg HTTP/1.1" 200 458
INFO 2025-12-01 23:59:57,620 basehttp 2992 10956 "GET /admin/jsi18n/ HTTP/1.1" 200 3342
INFO 2025-12-01 23:59:57,657 basehttp 2992 10956 "GET /static/admin/js/filters.js HTTP/1.1" 200 978
INFO 2025-12-01 23:59:57,674 basehttp 2992 21572 "GET /static/admin/css/changelists.css HTTP/1.1" 200 6878
INFO 2025-12-01 23:59:57,700 basehttp 2992 21572 "GET /static/admin/img/tooltag-add.svg HTTP/1.1" 200 331
INFO 2025-12-02 00:00:13,863 basehttp 2992 25296 "GET /admin/store/orderitem/ HTTP/1.1" 200 10755
INFO 2025-12-02 00:00:13,885 basehttp 2992 25296 "GET /admin/jsi18n/ HTTP/1.1" 200 3342
INFO 2025-12-02 00:00:16,730 basehttp 2992 25296 "GET /admin/store/product/ HTTP/1.1" 200 13622
INFO 2025-12-02 00:00:16,753 basehttp 2992 25296 "GET /admin/jsi18n/ HTTP/1.1" 200 3342
INFO 2025-12-02 00:00:20,637 basehttp 2992 25296 "GET /admin/store/product/add/ HTTP/1.1" 200 13055
INFO 2025-12-02 00:00:20,657 basehttp 2992 25296 "GET /admin/jsi18n/ HTTP/1.1" 200 3342
INFO 2025-12-02 11:12:47,512 autoreload 5608 16740 Watching for file changes with StatReloader
INFO 2025-12-02 11:12:59,041 basehttp 5608 17556 "GET / HTTP/1.1" 200 3687
WARNING 2025-12-02 11:13:01,038 log 5608 17556 Not Found: /favicon.ico
WARNING 2025-12-02 11:13:01,040 basehttp 5608 17556 "GET /favicon.ico HTTP/1.1" 404 6626
INFO 2025-12-02 11:13:16,312 views 5608 8236 User logged out: admin
INFO 2025-12-02 11:13:16,319 basehttp 5608 8236 "GET /logout/ HTTP/1.1" 302 0
INFO 2025-12-02 11:13:16,358 basehttp 5608 8236 "GET / HTTP/1.1" 200 3486
INFO 2025-12-02 11:13:25,007 basehttp 5608 11808 "GET /login/ HTTP/1.1" 200 1312
INFO 2025-12-02 11:13:37,084 views 5608 24980 User logged in: admin
INFO 2025-12-02 11:13:37,102 basehttp 5608 24980 "POST /login/ HTTP/1.1" 302 0
INFO 2025-12-02 11:13:37,138 basehttp 5608 24980 "GET / HTTP/1.1" 200 3687
INFO 2025-12-02 11:13:45,476 basehttp 5608 16300 "GET /admin/ HTTP/1.1" 200 11448
INFO 2025-12-02 11:13:45,534 basehttp 5608 16300 "GET /static/admin/css/base.css HTTP/1.1" 304 0
INFO 2025-12-02 11:13:45,541 basehttp 5608 19224 "GET /static/admin/css/responsive.css HTTP/1.1" 304 0
INFO 2025-12-02 11:13:45,541 basehttp 5608 17368 "GET /static/admin/css/nav_sidebar.css HTTP/1.1" 304 0
INFO 2025-12-02 11:13:45,541 basehttp 5608 1672 "GET /static/admin/css/dark_mode.css HTTP/1.1" 304 0
INFO 2025-12-02 11:13:45,556 basehttp 5608 13848 "GET /static/admin/css/dashboard.css HTTP/1.1" 304 0
INFO 2025-12-02 11:13:45,559 basehttp 5608 8772 "GET /static/admin/js/theme.js HTTP/1.1" 304 0
INFO 2025-12-02 11:13:45,575 basehttp 5608 8772 "GET /static/admin/js/nav_sidebar.js HTTP/1.1" 304 0
INFO 2025-12-02 11:13:45,604 basehttp 5608 8772 "GET /static/admin/img/icon-yes.svg HTTP/1.1" 304 0
INFO 2025-12-02 11:13:45,605 basehttp 5608 13848 "GET /static/admin/img/icon-addlink.svg HTTP/1.1" 304 0
INFO 2025-12-02 11:13:45,610 basehttp 5608 17368 "GET /static/admin/img/icon-changelink.svg HTTP/1.1" 304 0
INFO 2025-12-02 11:14:35,467 basehttp 5608 16540 "GET /admin/store/cartitem/add/ HTTP/1.1" 200 14668
INFO 2025-12-02 11:14:35,532 basehttp 5608 16540 "GET /static/admin/css/forms.css HTTP/1.1" 304 0
INFO 2025-12-02 11:14:35,537 basehttp 5608 21444 "GET /static/admin/js/vendor/jquery/jquery.js HTTP/1.1" 304 0
INFO 2025-12-02 11:14:35,557 basehttp 5608 21444 "GET /static/admin/js/urlify.js HTTP/1.1" 304 0
INFO 2025-12-02 11:14:35,571 basehttp 5608 16540 "GET /static/admin/js/actions.js HTTP/1.1" 304 0
INFO 2025-12-02 11:14:35,562 basehttp 5608 17528 "GET /static/admin/js/jquery.init.js HTTP/1.1" 304 0
INFO 2025-12-02 11:14:35,576 basehttp 5608 11144 "GET /static/admin/js/core.js HTTP/1.1" 304 0
INFO 2025-12-02 11:14:35,590 basehttp 5608 21444 "GET /static/admin/css/widgets.css HTTP/1.1" 304 0
INFO 2025-12-02 11:14:35,600 basehttp 5608 3900 "GET /static/admin/js/admin/RelatedObjectLookups.js HTTP/1.1" 304 0
INFO 2025-12-02 11:14:35,612 basehttp 5608 11144 "GET /static/admin/js/vendor/xregexp/xregexp.js HTTP/1.1" 304 0
INFO 2025-12-02 11:14:35,606 basehttp 5608 17528 "GET /static/admin/js/prepopulate.js HTTP/1.1" 304 0
INFO 2025-12-02 11:14:35,645 basehttp 5608 11144 "GET /static/admin/js/prepopulate_init.js HTTP/1.1" 304 0
INFO 2025-12-02 11:14:35,662 basehttp 5608 11144 "GET /static/admin/img/icon-viewlink.svg HTTP/1.1" 304 0
INFO 2025-12-02 11:14:35,677 basehttp 5608 11144 "GET /static/admin/js/change_form.js HTTP/1.1" 304 0
INFO 2025-12-02 11:14:35,871 basehttp 5608 1348 "GET /admin/jsi18n/ HTTP/1.1" 200 3342
INFO 2025-12-02 11:14:45,806 basehttp 5608 22756 "GET /admin/store/ HTTP/1.1" 200 8452
INFO 2025-12-02 11:14:55,575 basehttp 5608 11036 "GET /admin/store/product/add/ HTTP/1.1" 200 13055
INFO 2025-12-02 11:14:55,619 basehttp 5608 11036 "GET /admin/jsi18n/ HTTP/1.1" 200 3342
INFO 2025-12-02 11:16:42,192 basehttp 5608 12264 "GET /admin/ HTTP/1.1" 200 11327
INFO 2025-12-02 11:17:02,878 basehttp 5608 16988 "GET / HTTP/1.1" 200 3687
INFO 2025-12-02 11:17:06,007 basehttp 5608 15204 "GET /admin/ HTTP/1.1" 200 11327
INFO 2025-12-02 11:17:09,314 basehttp 5608 15204 "GET / HTTP/1.1" 200 3687
INFO 2025-12-02 11:35:37,393 autoreload 5608 16740 C:\Users\USER\Desktop\myshop_app\store\views.py changed, reloading.
INFO 2025-12-02 11:35:40,969 autoreload 12596 24908 Watching for file changes with StatReloader
INFO 2025-12-02 11:36:43,243 basehttp 12596 23272 "GET / HTTP/1.1" 200 3968
INFO 2025-12-02 11:40:49,260 basehttp 12596 23272 "GET /?q=admin%27+-- HTTP/1.1" 200 3177
INFO 2025-12-02 11:40:57,299 views 12596 23272 User logged out: admin
INFO 2025-12-02 11:40:57,309 basehttp 12596 23272 "GET /logout/ HTTP/1.1" 302 0
INFO 2025-12-02 11:40:57,340 basehttp 12596 23272 "GET / HTTP/1.1" 200 3767
INFO 2025-12-02 11:40:59,947 basehttp 12596 23272 "GET /login/ HTTP/1.1" 200 1312
WARNING 2025-12-02 11:41:17,905 views 12596 23272 Failed login attempt for username: admin' --
INFO 2025-12-02 11:41:17,909 basehttp 12596 23272 "POST /login/ HTTP/1.1" 200 1330
INFO 2025-12-02 11:43:27,035 views 12596 13852 User logged in: admin
INFO 2025-12-02 11:43:27,055 basehttp 12596 13852 "POST /login/ HTTP/1.1" 302 0
INFO 2025-12-02 11:43:27,084 basehttp 12596 13852 "GET / HTTP/1.1" 200 3968
INFO 2025-12-02 11:43:31,505 basehttp 12596 13852 "GET /?q=jj HTTP/1.1" 200 3165
INFO 2025-12-02 11:49:56,814 basehttp 12596 22080 "GET /?q=1 HTTP/1.1" 200 3164
INFO 2025-12-02 11:50:08,997 basehttp 12596 20336 "GET /?q=%27+OR+%271%27%3D%271 HTTP/1.1" 200 4023
INFO 2025-12-02 11:50:55,596 basehttp 12596 11340 "GET /staff/products/ HTTP/1.1" 200 1306
INFO 2025-12-02 11:50:59,101 basehttp 12596 11340 "GET /staff/products/add/ HTTP/1.1" 200 1296
INFO 2025-12-02 11:51:38,648 views 12596 1308 Product created: <script>alert("XSS Vulnerability!")</script> by admin
INFO 2025-12-02 11:51:38,657 basehttp 12596 1308 "POST /staff/products/add/ HTTP/1.1" 302 0
INFO 2025-12-02 11:51:38,685 basehttp 12596 1308 "GET /staff/products/ HTTP/1.1" 200 1788
INFO 2025-12-02 11:51:43,466 basehttp 12596 1308 "GET /staff/products/ HTTP/1.1" 200 1788
INFO 2025-12-02 11:51:48,450 basehttp 12596 4676 "GET / HTTP/1.1" 200 4773
INFO 2025-12-02 11:52:02,707 basehttp 12596 10468 "GET /profile/ HTTP/1.1" 200 1325
INFO 2025-12-02 11:52:36,350 basehttp 12596 25500 "GET / HTTP/1.1" 200 4773
INFO 2025-12-02 11:52:41,786 basehttp 12596 19136 "GET /staff/products/1/delete/ HTTP/1.1" 200 880
INFO 2025-12-02 11:52:48,057 basehttp 12596 19136 "GET /staff/products/ HTTP/1.1" 200 1788
INFO 2025-12-02 11:52:51,065 basehttp 12596 13164 "GET /staff/products/2/delete/ HTTP/1.1" 200 907
ERROR 2025-12-02 11:52:57,448 log 12596 13164 Internal Server Error: /staff/products/2/delete/
Traceback (most recent call last):
  File "C:\Users\USER\Desktop\myshop_app\venv\Lib\site-packages\django\db\backends\utils.py", line 105, in _execute
    return self.cursor.execute(sql, params)
           ~~~~~~~~~~~~~~~~~~~^^^^^^^^^^^^^
  File "C:\Users\USER\Desktop\myshop_app\venv\Lib\site-packages\django\db\backends\sqlite3\base.py", line 360, in execute
    return super().execute(query, params)
           ~~~~~~~~~~~~~~~^^^^^^^^^^^^^^^
sqlite3.OperationalError: no such table: orders_orderitem

The above exception was the direct cause of the following exception:

Traceback (most recent call last):
  File "C:\Users\USER\Desktop\myshop_app\venv\Lib\site-packages\django\core\handlers\exception.py", line 55, in inner
    response = get_response(request)
  File "C:\Users\USER\Desktop\myshop_app\venv\Lib\site-packages\django\core\handlers\base.py", line 197, in _get_response
    response = wrapped_callback(request, *callback_args, **callback_kwargs)
  File "C:\Users\USER\Desktop\myshop_app\venv\Lib\site-packages\django\contrib\auth\decorators.py", line 59, in _view_wrapper
    return view_func(request, *args, **kwargs)
  File "C:\Users\USER\Desktop\myshop_app\venv\Lib\site-packages\django\contrib\auth\decorators.py", line 59, in _view_wrapper
    return view_func(request, *args, **kwargs)
  File "C:\Users\USER\Desktop\myshop_app\store\views.py", line 224, in delete_product
    product.delete()
    ~~~~~~~~~~~~~~^^
  File "C:\Users\USER\Desktop\myshop_app\venv\Lib\site-packages\django\db\models\base.py", line 1280, in delete
    collector.collect([self], keep_parents=keep_parents)
    ~~~~~~~~~~~~~~~~~^^^^^^^^^^^^^^^^^^^^^^^^^^^^^^^^^^^
  File "C:\Users\USER\Desktop\myshop_app\venv\Lib\site-packages\django\db\models\deletion.py", line 343, in collect
    if getattr(on_delete, "lazy_sub_objs", False) or sub_objs:
                                                     ^^^^^^^^
  File "C:\Users\USER\Desktop\myshop_app\venv\Lib\site-packages\django\db\models\query.py", line 400, in __bool__
    self._fetch_all()
    ~~~~~~~~~~~~~~~^^
  File "C:\Users\USER\Desktop\myshop_app\venv\Lib\site-packages\django\db\models\query.py", line 1954, in _fetch_all
    self._result_cache = list(self._iterable_class(self))
                         ~~~~^^^^^^^^^^^^^^^^^^^^^^^^^^^^
  File "C:\Users\USER\Desktop\myshop_app\venv\Lib\site-packages\django\db\models\query.py", line 93, in __iter__
    results = compiler.execute_sql(
        chunked_fetch=self.chunked_fetch, chunk_size=self.chunk_size
    )
  File "C:\Users\USER\Desktop\myshop_app\venv\Lib\site-packages\django\db\models\sql\compiler.py", line 1623, in execute_sql
    cursor.execute(sql, params)
    ~~~~~~~~~~~~~~^^^^^^^^^^^^^
  File "C:\Users\USER\Desktop\myshop_app\venv\Lib\site-packages\django\db\backends\utils.py", line 122, in execute
    return super().execute(sql, params)
           ~~~~~~~~~~~~~~~^^^^^^^^^^^^^
  File "C:\Users\USER\Desktop\myshop_app\venv\Lib\site-packages\django\db\backends\utils.py", line 79, in execute
    return self._execute_with_wrappers(
           ~~~~~~~~~~~~~~~~~~~~~~~~~~~^
        sql, params, many=False, executor=self._execute
        ^^^^^^^^^^^^^^^^^^^^^^^^^^^^^^^^^^^^^^^^^^^^^^^
    )
    ^
  File "C:\Users\USER\Desktop\myshop_app\venv\Lib\site-packages\django\db\backends\utils.py", line 92, in _execute_with_wrappers
    return executor(sql, params, many, context)
  File "C:\Users\USER\Desktop\myshop_app\venv\Lib\site-packages\django\db\backends\utils.py", line 100, in _execute
    with self.db.wrap_database_errors:
         ^^^^^^^^^^^^^^^^^^^^^^^^^^^^
  File "C:\Users\USER\Desktop\myshop_app\venv\Lib\site-packages\django\db\utils.py", line 91, in __exit__
    raise dj_exc_value.with_traceback(traceback) from exc_value
  File "C:\Users\USER\Desktop\myshop_app\venv\Lib\site-packages\django\db\backends\utils.py", line 105, in _execute
    return self.cursor.execute(sql, params)
           ~~~~~~~~~~~~~~~~~~~^^^^^^^^^^^^^
  File "C:\Users\USER\Desktop\myshop_app\venv\Lib\site-packages\django\db\backends\sqlite3\base.py", line 360, in execute
    return super().execute(query, params)
           ~~~~~~~~~~~~~~~^^^^^^^^^^^^^^^
django.db.utils.OperationalError: no such table: orders_orderitem
ERROR 2025-12-02 11:52:57,478 basehttp 12596 13164 "POST /staff/products/2/delete/ HTTP/1.1" 500 156025
INFO 2025-12-02 11:53:08,797 basehttp 12596 22460 "GET /staff/products/ HTTP/1.1" 200 1788
INFO 2025-12-02 11:53:11,931 basehttp 12596 14856 "GET /staff/products/2/delete/ HTTP/1.1" 200 907
ERROR 2025-12-02 11:53:13,567 log 12596 14856 Internal Server Error: /staff/products/2/delete/
Traceback (most recent call last):
  File "C:\Users\USER\Desktop\myshop_app\venv\Lib\site-packages\django\db\backends\utils.py", line 105, in _execute
    return self.cursor.execute(sql, params)
           ~~~~~~~~~~~~~~~~~~~^^^^^^^^^^^^^
  File "C:\Users\USER\Desktop\myshop_app\venv\Lib\site-packages\django\db\backends\sqlite3\base.py", line 360, in execute
    return super().execute(query, params)
           ~~~~~~~~~~~~~~~^^^^^^^^^^^^^^^
sqlite3.OperationalError: no such table: orders_orderitem

The above exception was the direct cause of the following exception:

Traceback (most recent call last):
  File "C:\Users\USER\Desktop\myshop_app\venv\Lib\site-packages\django\core\handlers\exception.py", line 55, in inner
    response = get_response(request)
  File "C:\Users\USER\Desktop\myshop_app\venv\Lib\site-packages\django\core\handlers\base.py", line 197, in _get_response
    response = wrapped_callback(request, *callback_args, **callback_kwargs)
  File "C:\Users\USER\Desktop\myshop_app\venv\Lib\site-packages\django\contrib\auth\decorators.py", line 59, in _view_wrapper
    return view_func(request, *args, **kwargs)
  File "C:\Users\USER\Desktop\myshop_app\venv\Lib\site-packages\django\contrib\auth\decorators.py", line 59, in _view_wrapper
    return view_func(request, *args, **kwargs)
  File "C:\Users\USER\Desktop\myshop_app\store\views.py", line 224, in delete_product
    product.delete()
    ~~~~~~~~~~~~~~^^
  File "C:\Users\USER\Desktop\myshop_app\venv\Lib\site-packages\django\db\models\base.py", line 1280, in delete
    collector.collect([self], keep_parents=keep_parents)
    ~~~~~~~~~~~~~~~~~^^^^^^^^^^^^^^^^^^^^^^^^^^^^^^^^^^^
  File "C:\Users\USER\Desktop\myshop_app\venv\Lib\site-packages\django\db\models\deletion.py", line 343, in collect
    if getattr(on_delete, "lazy_sub_objs", False) or sub_objs:
                                                     ^^^^^^^^
  File "C:\Users\USER\Desktop\myshop_app\venv\Lib\site-packages\django\db\models\query.py", line 400, in __bool__
    self._fetch_all()
    ~~~~~~~~~~~~~~~^^
  File "C:\Users\USER\Desktop\myshop_app\venv\Lib\site-packages\django\db\models\query.py", line 1954, in _fetch_all
    self._result_cache = list(self._iterable_class(self))
                         ~~~~^^^^^^^^^^^^^^^^^^^^^^^^^^^^
  File "C:\Users\USER\Desktop\myshop_app\venv\Lib\site-packages\django\db\models\query.py", line 93, in __iter__
    results = compiler.execute_sql(
        chunked_fetch=self.chunked_fetch, chunk_size=self.chunk_size
    )
  File "C:\Users\USER\Desktop\myshop_app\venv\Lib\site-packages\django\db\models\sql\compiler.py", line 1623, in execute_sql
    cursor.execute(sql, params)
    ~~~~~~~~~~~~~~^^^^^^^^^^^^^
  File "C:\Users\USER\Desktop\myshop_app\venv\Lib\site-packages\django\db\backends\utils.py", line 122, in execute
    return super().execute(sql, params)
           ~~~~~~~~~~~~~~~^^^^^^^^^^^^^
  File "C:\Users\USER\Desktop\myshop_app\venv\Lib\site-packages\django\db\backends\utils.py", line 79, in execute
    return self._execute_with_wrappers(
           ~~~~~~~~~~~~~~~~~~~~~~~~~~~^
        sql, params, many=False, executor=self._execute
        ^^^^^^^^^^^^^^^^^^^^^^^^^^^^^^^^^^^^^^^^^^^^^^^
    )
    ^
  File "C:\Users\USER\Desktop\myshop_app\venv\Lib\site-packages\django\db\backends\utils.py", line 92, in _execute_with_wrappers
    return executor(sql, params, many, context)
  File "C:\Users\USER\Desktop\myshop_app\venv\Lib\site-packages\django\db\backends\utils.py", line 100, in _execute
    with self.db.wrap_database_errors:
         ^^^^^^^^^^^^^^^^^^^^^^^^^^^^
  File "C:\Users\USER\Desktop\myshop_app\venv\Lib\site-packages\django\db\utils.py", line 91, in __exit__
    raise dj_exc_value.with_traceback(traceback) from exc_value
  File "C:\Users\USER\Desktop\myshop_app\venv\Lib\site-packages\django\db\backends\utils.py", line 105, in _execute
    return self.cursor.execute(sql, params)
           ~~~~~~~~~~~~~~~~~~~^^^^^^^^^^^^^
  File "C:\Users\USER\Desktop\myshop_app\venv\Lib\site-packages\django\db\backends\sqlite3\base.py", line 360, in execute
    return super().execute(query, params)
           ~~~~~~~~~~~~~~~^^^^^^^^^^^^^^^
django.db.utils.OperationalError: no such table: orders_orderitem
ERROR 2025-12-02 11:53:13,580 basehttp 12596 14856 "POST /staff/products/2/delete/ HTTP/1.1" 500 156025
INFO 2025-12-02 11:53:39,673 basehttp 12596 16416 "GET / HTTP/1.1" 200 4773
INFO 2025-12-02 11:53:50,449 basehttp 12596 19784 "GET /cart/ HTTP/1.1" 200 497
INFO 2025-12-02 11:54:19,325 basehttp 12596 1676 "GET /staff/products/ HTTP/1.1" 200 1788
INFO 2025-12-02 11:54:21,816 basehttp 12596 12284 "GET /staff/products/2/edit/ HTTP/1.1" 200 1433
INFO 2025-12-02 11:54:27,043 basehttp 12596 12284 "GET /staff/products/ HTTP/1.1" 200 1788
INFO 2025-12-02 11:54:29,214 basehttp 12596 12284 "GET /staff/products/2/delete/ HTTP/1.1" 200 907
ERROR 2025-12-02 11:54:31,346 log 12596 1500 Internal Server Error: /staff/products/2/delete/
Traceback (most recent call last):
  File "C:\Users\USER\Desktop\myshop_app\venv\Lib\site-packages\django\db\backends\utils.py", line 105, in _execute
    return self.cursor.execute(sql, params)
           ~~~~~~~~~~~~~~~~~~~^^^^^^^^^^^^^
  File "C:\Users\USER\Desktop\myshop_app\venv\Lib\site-packages\django\db\backends\sqlite3\base.py", line 360, in execute
    return super().execute(query, params)
           ~~~~~~~~~~~~~~~^^^^^^^^^^^^^^^
sqlite3.OperationalError: no such table: orders_orderitem

The above exception was the direct cause of the following exception:

Traceback (most recent call last):
  File "C:\Users\USER\Desktop\myshop_app\venv\Lib\site-packages\django\core\handlers\exception.py", line 55, in inner
    response = get_response(request)
  File "C:\Users\USER\Desktop\myshop_app\venv\Lib\site-packages\django\core\handlers\base.py", line 197, in _get_response
    response = wrapped_callback(request, *callback_args, **callback_kwargs)
  File "C:\Users\USER\Desktop\myshop_app\venv\Lib\site-packages\django\contrib\auth\decorators.py", line 59, in _view_wrapper
    return view_func(request, *args, **kwargs)
  File "C:\Users\USER\Desktop\myshop_app\venv\Lib\site-packages\django\contrib\auth\decorators.py", line 59, in _view_wrapper
    return view_func(request, *args, **kwargs)
  File "C:\Users\USER\Desktop\myshop_app\store\views.py", line 224, in delete_product
    product.delete()
    ~~~~~~~~~~~~~~^^
  File "C:\Users\USER\Desktop\myshop_app\venv\Lib\site-packages\django\db\models\base.py", line 1280, in delete
    collector.collect([self], keep_parents=keep_parents)
    ~~~~~~~~~~~~~~~~~^^^^^^^^^^^^^^^^^^^^^^^^^^^^^^^^^^^
  File "C:\Users\USER\Desktop\myshop_app\venv\Lib\site-packages\django\db\models\deletion.py", line 343, in collect
    if getattr(on_delete, "lazy_sub_objs", False) or sub_objs:
                                                     ^^^^^^^^
  File "C:\Users\USER\Desktop\myshop_app\venv\Lib\site-packages\django\db\models\query.py", line 400, in __bool__
    self._fetch_all()
    ~~~~~~~~~~~~~~~^^
  File "C:\Users\USER\Desktop\myshop_app\venv\Lib\site-packages\django\db\models\query.py", line 1954, in _fetch_all
    self._result_cache = list(self._iterable_class(self))
                         ~~~~^^^^^^^^^^^^^^^^^^^^^^^^^^^^
  File "C:\Users\USER\Desktop\myshop_app\venv\Lib\site-packages\django\db\models\query.py", line 93, in __iter__
    results = compiler.execute_sql(
        chunked_fetch=self.chunked_fetch, chunk_size=self.chunk_size
    )
  File "C:\Users\USER\Desktop\myshop_app\venv\Lib\site-packages\django\db\models\sql\compiler.py", line 1623, in execute_sql
    cursor.execute(sql, params)
    ~~~~~~~~~~~~~~^^^^^^^^^^^^^
  File "C:\Users\USER\Desktop\myshop_app\venv\Lib\site-packages\django\db\backends\utils.py", line 122, in execute
    return super().execute(sql, params)
           ~~~~~~~~~~~~~~~^^^^^^^^^^^^^
  File "C:\Users\USER\Desktop\myshop_app\venv\Lib\site-packages\django\db\backends\utils.py", line 79, in execute
    return self._execute_with_wrappers(
           ~~~~~~~~~~~~~~~~~~~~~~~~~~~^
        sql, params, many=False, executor=self._execute
        ^^^^^^^^^^^^^^^^^^^^^^^^^^^^^^^^^^^^^^^^^^^^^^^
    )
    ^
  File "C:\Users\USER\Desktop\myshop_app\venv\Lib\site-packages\django\db\backends\utils.py", line 92, in _execute_with_wrappers
    return executor(sql, params, many, context)
  File "C:\Users\USER\Desktop\myshop_app\venv\Lib\site-packages\django\db\backends\utils.py", line 100, in _execute
    with self.db.wrap_database_errors:
         ^^^^^^^^^^^^^^^^^^^^^^^^^^^^
  File "C:\Users\USER\Desktop\myshop_app\venv\Lib\site-packages\django\db\utils.py", line 91, in __exit__
    raise dj_exc_value.with_traceback(traceback) from exc_value
  File "C:\Users\USER\Desktop\myshop_app\venv\Lib\site-packages\django\db\backends\utils.py", line 105, in _execute
    return self.cursor.execute(sql, params)
           ~~~~~~~~~~~~~~~~~~~^^^^^^^^^^^^^
  File "C:\Users\USER\Desktop\myshop_app\venv\Lib\site-packages\django\db\backends\sqlite3\base.py", line 360, in execute
    return super().execute(query, params)
           ~~~~~~~~~~~~~~~^^^^^^^^^^^^^^^
django.db.utils.OperationalError: no such table: orders_orderitem
ERROR 2025-12-02 11:54:31,356 basehttp 12596 1500 "POST /staff/products/2/delete/ HTTP/1.1" 500 156025
ERROR 2025-12-02 11:54:37,640 log 12596 1500 Internal Server Error: /staff/products/2/delete/
Traceback (most recent call last):
  File "C:\Users\USER\Desktop\myshop_app\venv\Lib\site-packages\django\db\backends\utils.py", line 105, in _execute
    return self.cursor.execute(sql, params)
           ~~~~~~~~~~~~~~~~~~~^^^^^^^^^^^^^
  File "C:\Users\USER\Desktop\myshop_app\venv\Lib\site-packages\django\db\backends\sqlite3\base.py", line 360, in execute
    return super().execute(query, params)
           ~~~~~~~~~~~~~~~^^^^^^^^^^^^^^^
sqlite3.OperationalError: no such table: orders_orderitem

The above exception was the direct cause of the following exception:

Traceback (most recent call last):
  File "C:\Users\USER\Desktop\myshop_app\venv\Lib\site-packages\django\core\handlers\exception.py", line 55, in inner
    response = get_response(request)
  File "C:\Users\USER\Desktop\myshop_app\venv\Lib\site-packages\django\core\handlers\base.py", line 197, in _get_response
    response = wrapped_callback(request, *callback_args, **callback_kwargs)
  File "C:\Users\USER\Desktop\myshop_app\venv\Lib\site-packages\django\contrib\auth\decorators.py", line 59, in _view_wrapper
    return view_func(request, *args, **kwargs)
  File "C:\Users\USER\Desktop\myshop_app\venv\Lib\site-packages\django\contrib\auth\decorators.py", line 59, in _view_wrapper
    return view_func(request, *args, **kwargs)
  File "C:\Users\USER\Desktop\myshop_app\store\views.py", line 224, in delete_product
    product.delete()
    ~~~~~~~~~~~~~~^^
  File "C:\Users\USER\Desktop\myshop_app\venv\Lib\site-packages\django\db\models\base.py", line 1280, in delete
    collector.collect([self], keep_parents=keep_parents)
    ~~~~~~~~~~~~~~~~~^^^^^^^^^^^^^^^^^^^^^^^^^^^^^^^^^^^
  File "C:\Users\USER\Desktop\myshop_app\venv\Lib\site-packages\django\db\models\deletion.py", line 343, in collect
    if getattr(on_delete, "lazy_sub_objs", False) or sub_objs:
                                                     ^^^^^^^^
  File "C:\Users\USER\Desktop\myshop_app\venv\Lib\site-packages\django\db\models\query.py", line 400, in __bool__
    self._fetch_all()
    ~~~~~~~~~~~~~~~^^
  File "C:\Users\USER\Desktop\myshop_app\venv\Lib\site-packages\django\db\models\query.py", line 1954, in _fetch_all
    self._result_cache = list(self._iterable_class(self))
                         ~~~~^^^^^^^^^^^^^^^^^^^^^^^^^^^^
  File "C:\Users\USER\Desktop\myshop_app\venv\Lib\site-packages\django\db\models\query.py", line 93, in __iter__
    results = compiler.execute_sql(
        chunked_fetch=self.chunked_fetch, chunk_size=self.chunk_size
    )
  File "C:\Users\USER\Desktop\myshop_app\venv\Lib\site-packages\django\db\models\sql\compiler.py", line 1623, in execute_sql
    cursor.execute(sql, params)
    ~~~~~~~~~~~~~~^^^^^^^^^^^^^
  File "C:\Users\USER\Desktop\myshop_app\venv\Lib\site-packages\django\db\backends\utils.py", line 122, in execute
    return super().execute(sql, params)
           ~~~~~~~~~~~~~~~^^^^^^^^^^^^^
  File "C:\Users\USER\Desktop\myshop_app\venv\Lib\site-packages\django\db\backends\utils.py", line 79, in execute
    return self._execute_with_wrappers(
           ~~~~~~~~~~~~~~~~~~~~~~~~~~~^
        sql, params, many=False, executor=self._execute
        ^^^^^^^^^^^^^^^^^^^^^^^^^^^^^^^^^^^^^^^^^^^^^^^
    )
    ^
  File "C:\Users\USER\Desktop\myshop_app\venv\Lib\site-packages\django\db\backends\utils.py", line 92, in _execute_with_wrappers
    return executor(sql, params, many, context)
  File "C:\Users\USER\Desktop\myshop_app\venv\Lib\site-packages\django\db\backends\utils.py", line 100, in _execute
    with self.db.wrap_database_errors:
         ^^^^^^^^^^^^^^^^^^^^^^^^^^^^
  File "C:\Users\USER\Desktop\myshop_app\venv\Lib\site-packages\django\db\utils.py", line 91, in __exit__
    raise dj_exc_value.with_traceback(traceback) from exc_value
  File "C:\Users\USER\Desktop\myshop_app\venv\Lib\site-packages\django\db\backends\utils.py", line 105, in _execute
    return self.cursor.execute(sql, params)
           ~~~~~~~~~~~~~~~~~~~^^^^^^^^^^^^^
  File "C:\Users\USER\Desktop\myshop_app\venv\Lib\site-packages\django\db\backends\sqlite3\base.py", line 360, in execute
    return super().execute(query, params)
           ~~~~~~~~~~~~~~~^^^^^^^^^^^^^^^
django.db.utils.OperationalError: no such table: orders_orderitem
ERROR 2025-12-02 11:54:37,651 basehttp 12596 1500 "POST /staff/products/2/delete/ HTTP/1.1" 500 156025
INFO 2025-12-02 11:54:53,497 basehttp 12596 3432 "GET /staff/products/1/delete/ HTTP/1.1" 200 880
ERROR 2025-12-02 11:54:55,181 log 12596 3432 Internal Server Error: /staff/products/1/delete/
Traceback (most recent call last):
  File "C:\Users\USER\Desktop\myshop_app\venv\Lib\site-packages\django\db\backends\utils.py", line 105, in _execute
    return self.cursor.execute(sql, params)
           ~~~~~~~~~~~~~~~~~~~^^^^^^^^^^^^^
  File "C:\Users\USER\Desktop\myshop_app\venv\Lib\site-packages\django\db\backends\sqlite3\base.py", line 360, in execute
    return super().execute(query, params)
           ~~~~~~~~~~~~~~~^^^^^^^^^^^^^^^
sqlite3.OperationalError: no such table: orders_orderitem

The above exception was the direct cause of the following exception:

Traceback (most recent call last):
  File "C:\Users\USER\Desktop\myshop_app\venv\Lib\site-packages\django\core\handlers\exception.py", line 55, in inner
    response = get_response(request)
  File "C:\Users\USER\Desktop\myshop_app\venv\Lib\site-packages\django\core\handlers\base.py", line 197, in _get_response
    response = wrapped_callback(request, *callback_args, **callback_kwargs)
  File "C:\Users\USER\Desktop\myshop_app\venv\Lib\site-packages\django\contrib\auth\decorators.py", line 59, in _view_wrapper
    return view_func(request, *args, **kwargs)
  File "C:\Users\USER\Desktop\myshop_app\venv\Lib\site-packages\django\contrib\auth\decorators.py", line 59, in _view_wrapper
    return view_func(request, *args, **kwargs)
  File "C:\Users\USER\Desktop\myshop_app\store\views.py", line 224, in delete_product
    product.delete()
    ~~~~~~~~~~~~~~^^
  File "C:\Users\USER\Desktop\myshop_app\venv\Lib\site-packages\django\db\models\base.py", line 1280, in delete
    collector.collect([self], keep_parents=keep_parents)
    ~~~~~~~~~~~~~~~~~^^^^^^^^^^^^^^^^^^^^^^^^^^^^^^^^^^^
  File "C:\Users\USER\Desktop\myshop_app\venv\Lib\site-packages\django\db\models\deletion.py", line 343, in collect
    if getattr(on_delete, "lazy_sub_objs", False) or sub_objs:
                                                     ^^^^^^^^
  File "C:\Users\USER\Desktop\myshop_app\venv\Lib\site-packages\django\db\models\query.py", line 400, in __bool__
    self._fetch_all()
    ~~~~~~~~~~~~~~~^^
  File "C:\Users\USER\Desktop\myshop_app\venv\Lib\site-packages\django\db\models\query.py", line 1954, in _fetch_all
    self._result_cache = list(self._iterable_class(self))
                         ~~~~^^^^^^^^^^^^^^^^^^^^^^^^^^^^
  File "C:\Users\USER\Desktop\myshop_app\venv\Lib\site-packages\django\db\models\query.py", line 93, in __iter__
    results = compiler.execute_sql(
        chunked_fetch=self.chunked_fetch, chunk_size=self.chunk_size
    )
  File "C:\Users\USER\Desktop\myshop_app\venv\Lib\site-packages\django\db\models\sql\compiler.py", line 1623, in execute_sql
    cursor.execute(sql, params)
    ~~~~~~~~~~~~~~^^^^^^^^^^^^^
  File "C:\Users\USER\Desktop\myshop_app\venv\Lib\site-packages\django\db\backends\utils.py", line 122, in execute
    return super().execute(sql, params)
           ~~~~~~~~~~~~~~~^^^^^^^^^^^^^
  File "C:\Users\USER\Desktop\myshop_app\venv\Lib\site-packages\django\db\backends\utils.py", line 79, in execute
    return self._execute_with_wrappers(
           ~~~~~~~~~~~~~~~~~~~~~~~~~~~^
        sql, params, many=False, executor=self._execute
        ^^^^^^^^^^^^^^^^^^^^^^^^^^^^^^^^^^^^^^^^^^^^^^^
    )
    ^
  File "C:\Users\USER\Desktop\myshop_app\venv\Lib\site-packages\django\db\backends\utils.py", line 92, in _execute_with_wrappers
    return executor(sql, params, many, context)
  File "C:\Users\USER\Desktop\myshop_app\venv\Lib\site-packages\django\db\backends\utils.py", line 100, in _execute
    with self.db.wrap_database_errors:
         ^^^^^^^^^^^^^^^^^^^^^^^^^^^^
  File "C:\Users\USER\Desktop\myshop_app\venv\Lib\site-packages\django\db\utils.py", line 91, in __exit__
    raise dj_exc_value.with_traceback(traceback) from exc_value
  File "C:\Users\USER\Desktop\myshop_app\venv\Lib\site-packages\django\db\backends\utils.py", line 105, in _execute
    return self.cursor.execute(sql, params)
           ~~~~~~~~~~~~~~~~~~~^^^^^^^^^^^^^
  File "C:\Users\USER\Desktop\myshop_app\venv\Lib\site-packages\django\db\backends\sqlite3\base.py", line 360, in execute
    return super().execute(query, params)
           ~~~~~~~~~~~~~~~^^^^^^^^^^^^^^^
django.db.utils.OperationalError: no such table: orders_orderitem
ERROR 2025-12-02 11:54:55,190 basehttp 12596 3432 "POST /staff/products/1/delete/ HTTP/1.1" 500 155836
INFO 2025-12-02 11:56:00,479 basehttp 12596 12956 "GET /staff/products/2/delete/ HTTP/1.1" 200 907
ERROR 2025-12-02 11:56:02,037 log 12596 12956 Internal Server Error: /staff/products/2/delete/
Traceback (most recent call last):
  File "C:\Users\USER\Desktop\myshop_app\venv\Lib\site-packages\django\db\backends\utils.py", line 105, in _execute
    return self.cursor.execute(sql, params)
           ~~~~~~~~~~~~~~~~~~~^^^^^^^^^^^^^
  File "C:\Users\USER\Desktop\myshop_app\venv\Lib\site-packages\django\db\backends\sqlite3\base.py", line 360, in execute
    return super().execute(query, params)
           ~~~~~~~~~~~~~~~^^^^^^^^^^^^^^^
sqlite3.OperationalError: no such table: orders_orderitem

The above exception was the direct cause of the following exception:

Traceback (most recent call last):
  File "C:\Users\USER\Desktop\myshop_app\venv\Lib\site-packages\django\core\handlers\exception.py", line 55, in inner
    response = get_response(request)
  File "C:\Users\USER\Desktop\myshop_app\venv\Lib\site-packages\django\core\handlers\base.py", line 197, in _get_response
    response = wrapped_callback(request, *callback_args, **callback_kwargs)
  File "C:\Users\USER\Desktop\myshop_app\venv\Lib\site-packages\django\contrib\auth\decorators.py", line 59, in _view_wrapper
    return view_func(request, *args, **kwargs)
  File "C:\Users\USER\Desktop\myshop_app\venv\Lib\site-packages\django\contrib\auth\decorators.py", line 59, in _view_wrapper
    return view_func(request, *args, **kwargs)
  File "C:\Users\USER\Desktop\myshop_app\store\views.py", line 224, in delete_product
    product.delete()
    ~~~~~~~~~~~~~~^^
  File "C:\Users\USER\Desktop\myshop_app\venv\Lib\site-packages\django\db\models\base.py", line 1280, in delete
    collector.collect([self], keep_parents=keep_parents)
    ~~~~~~~~~~~~~~~~~^^^^^^^^^^^^^^^^^^^^^^^^^^^^^^^^^^^
  File "C:\Users\USER\Desktop\myshop_app\venv\Lib\site-packages\django\db\models\deletion.py", line 343, in collect
    if getattr(on_delete, "lazy_sub_objs", False) or sub_objs:
                                                     ^^^^^^^^
  File "C:\Users\USER\Desktop\myshop_app\venv\Lib\site-packages\django\db\models\query.py", line 400, in __bool__
    self._fetch_all()
    ~~~~~~~~~~~~~~~^^
  File "C:\Users\USER\Desktop\myshop_app\venv\Lib\site-packages\django\db\models\query.py", line 1954, in _fetch_all
    self._result_cache = list(self._iterable_class(self))
                         ~~~~^^^^^^^^^^^^^^^^^^^^^^^^^^^^
  File "C:\Users\USER\Desktop\myshop_app\venv\Lib\site-packages\django\db\models\query.py", line 93, in __iter__
    results = compiler.execute_sql(
        chunked_fetch=self.chunked_fetch, chunk_size=self.chunk_size
    )
  File "C:\Users\USER\Desktop\myshop_app\venv\Lib\site-packages\django\db\models\sql\compiler.py", line 1623, in execute_sql
    cursor.execute(sql, params)
    ~~~~~~~~~~~~~~^^^^^^^^^^^^^
  File "C:\Users\USER\Desktop\myshop_app\venv\Lib\site-packages\django\db\backends\utils.py", line 122, in execute
    return super().execute(sql, params)
           ~~~~~~~~~~~~~~~^^^^^^^^^^^^^
  File "C:\Users\USER\Desktop\myshop_app\venv\Lib\site-packages\django\db\backends\utils.py", line 79, in execute
    return self._execute_with_wrappers(
           ~~~~~~~~~~~~~~~~~~~~~~~~~~~^
        sql, params, many=False, executor=self._execute
        ^^^^^^^^^^^^^^^^^^^^^^^^^^^^^^^^^^^^^^^^^^^^^^^
    )
    ^
  File "C:\Users\USER\Desktop\myshop_app\venv\Lib\site-packages\django\db\backends\utils.py", line 92, in _execute_with_wrappers
    return executor(sql, params, many, context)
  File "C:\Users\USER\Desktop\myshop_app\venv\Lib\site-packages\django\db\backends\utils.py", line 100, in _execute
    with self.db.wrap_database_errors:
         ^^^^^^^^^^^^^^^^^^^^^^^^^^^^
  File "C:\Users\USER\Desktop\myshop_app\venv\Lib\site-packages\django\db\utils.py", line 91, in __exit__
    raise dj_exc_value.with_traceback(traceback) from exc_value
  File "C:\Users\USER\Desktop\myshop_app\venv\Lib\site-packages\django\db\backends\utils.py", line 105, in _execute
    return self.cursor.execute(sql, params)
           ~~~~~~~~~~~~~~~~~~~^^^^^^^^^^^^^
  File "C:\Users\USER\Desktop\myshop_app\venv\Lib\site-packages\django\db\backends\sqlite3\base.py", line 360, in execute
    return super().execute(query, params)
           ~~~~~~~~~~~~~~~^^^^^^^^^^^^^^^
django.db.utils.OperationalError: no such table: orders_orderitem
ERROR 2025-12-02 11:56:02,044 basehttp 12596 12956 "POST /staff/products/2/delete/ HTTP/1.1" 500 156025
INFO 2025-12-02 11:56:26,104 basehttp 12596 13272 "GET /staff/products/add/ HTTP/1.1" 200 1296
INFO 2025-12-02 11:56:32,709 basehttp 12596 13272 "GET /staff/products/2/delete/ HTTP/1.1" 200 907
ERROR 2025-12-02 11:56:34,813 log 12596 13272 Internal Server Error: /staff/products/2/delete/
Traceback (most recent call last):
  File "C:\Users\USER\Desktop\myshop_app\venv\Lib\site-packages\django\db\backends\utils.py", line 105, in _execute
    return self.cursor.execute(sql, params)
           ~~~~~~~~~~~~~~~~~~~^^^^^^^^^^^^^
  File "C:\Users\USER\Desktop\myshop_app\venv\Lib\site-packages\django\db\backends\sqlite3\base.py", line 360, in execute
    return super().execute(query, params)
           ~~~~~~~~~~~~~~~^^^^^^^^^^^^^^^
sqlite3.OperationalError: no such table: orders_orderitem

The above exception was the direct cause of the following exception:

Traceback (most recent call last):
  File "C:\Users\USER\Desktop\myshop_app\venv\Lib\site-packages\django\core\handlers\exception.py", line 55, in inner
    response = get_response(request)
  File "C:\Users\USER\Desktop\myshop_app\venv\Lib\site-packages\django\core\handlers\base.py", line 197, in _get_response
    response = wrapped_callback(request, *callback_args, **callback_kwargs)
  File "C:\Users\USER\Desktop\myshop_app\venv\Lib\site-packages\django\contrib\auth\decorators.py", line 59, in _view_wrapper
    return view_func(request, *args, **kwargs)
  File "C:\Users\USER\Desktop\myshop_app\venv\Lib\site-packages\django\contrib\auth\decorators.py", line 59, in _view_wrapper
    return view_func(request, *args, **kwargs)
  File "C:\Users\USER\Desktop\myshop_app\store\views.py", line 224, in delete_product
    product.delete()
    ~~~~~~~~~~~~~~^^
  File "C:\Users\USER\Desktop\myshop_app\venv\Lib\site-packages\django\db\models\base.py", line 1280, in delete
    collector.collect([self], keep_parents=keep_parents)
    ~~~~~~~~~~~~~~~~~^^^^^^^^^^^^^^^^^^^^^^^^^^^^^^^^^^^
  File "C:\Users\USER\Desktop\myshop_app\venv\Lib\site-packages\django\db\models\deletion.py", line 343, in collect
    if getattr(on_delete, "lazy_sub_objs", False) or sub_objs:
                                                     ^^^^^^^^
  File "C:\Users\USER\Desktop\myshop_app\venv\Lib\site-packages\django\db\models\query.py", line 400, in __bool__
    self._fetch_all()
    ~~~~~~~~~~~~~~~^^
  File "C:\Users\USER\Desktop\myshop_app\venv\Lib\site-packages\django\db\models\query.py", line 1954, in _fetch_all
    self._result_cache = list(self._iterable_class(self))
                         ~~~~^^^^^^^^^^^^^^^^^^^^^^^^^^^^
  File "C:\Users\USER\Desktop\myshop_app\venv\Lib\site-packages\django\db\models\query.py", line 93, in __iter__
    results = compiler.execute_sql(
        chunked_fetch=self.chunked_fetch, chunk_size=self.chunk_size
    )
  File "C:\Users\USER\Desktop\myshop_app\venv\Lib\site-packages\django\db\models\sql\compiler.py", line 1623, in execute_sql
    cursor.execute(sql, params)
    ~~~~~~~~~~~~~~^^^^^^^^^^^^^
  File "C:\Users\USER\Desktop\myshop_app\venv\Lib\site-packages\django\db\backends\utils.py", line 122, in execute
    return super().execute(sql, params)
           ~~~~~~~~~~~~~~~^^^^^^^^^^^^^
  File "C:\Users\USER\Desktop\myshop_app\venv\Lib\site-packages\django\db\backends\utils.py", line 79, in execute
    return self._execute_with_wrappers(
           ~~~~~~~~~~~~~~~~~~~~~~~~~~~^
        sql, params, many=False, executor=self._execute
        ^^^^^^^^^^^^^^^^^^^^^^^^^^^^^^^^^^^^^^^^^^^^^^^
    )
    ^
  File "C:\Users\USER\Desktop\myshop_app\venv\Lib\site-packages\django\db\backends\utils.py", line 92, in _execute_with_wrappers
    return executor(sql, params, many, context)
  File "C:\Users\USER\Desktop\myshop_app\venv\Lib\site-packages\django\db\backends\utils.py", line 100, in _execute
    with self.db.wrap_database_errors:
         ^^^^^^^^^^^^^^^^^^^^^^^^^^^^
  File "C:\Users\USER\Desktop\myshop_app\venv\Lib\site-packages\django\db\utils.py", line 91, in __exit__
    raise dj_exc_value.with_traceback(traceback) from exc_value
  File "C:\Users\USER\Desktop\myshop_app\venv\Lib\site-packages\django\db\backends\utils.py", line 105, in _execute
    return self.cursor.execute(sql, params)
           ~~~~~~~~~~~~~~~~~~~^^^^^^^^^^^^^
  File "C:\Users\USER\Desktop\myshop_app\venv\Lib\site-packages\django\db\backends\sqlite3\base.py", line 360, in execute
    return super().execute(query, params)
           ~~~~~~~~~~~~~~~^^^^^^^^^^^^^^^
django.db.utils.OperationalError: no such table: orders_orderitem
ERROR 2025-12-02 11:56:34,823 basehttp 12596 13272 "POST /staff/products/2/delete/ HTTP/1.1" 500 156025
ERROR 2025-12-02 12:35:27,219 log 12596 24480 Internal Server Error: /staff/products/2/delete/
Traceback (most recent call last):
  File "C:\Users\USER\Desktop\myshop_app\venv\Lib\site-packages\django\db\backends\utils.py", line 105, in _execute
    return self.cursor.execute(sql, params)
           ~~~~~~~~~~~~~~~~~~~^^^^^^^^^^^^^
  File "C:\Users\USER\Desktop\myshop_app\venv\Lib\site-packages\django\db\backends\sqlite3\base.py", line 360, in execute
    return super().execute(query, params)
           ~~~~~~~~~~~~~~~^^^^^^^^^^^^^^^
sqlite3.OperationalError: no such table: orders_orderitem

The above exception was the direct cause of the following exception:

Traceback (most recent call last):
  File "C:\Users\USER\Desktop\myshop_app\venv\Lib\site-packages\django\core\handlers\exception.py", line 55, in inner
    response = get_response(request)
  File "C:\Users\USER\Desktop\myshop_app\venv\Lib\site-packages\django\core\handlers\base.py", line 197, in _get_response
    response = wrapped_callback(request, *callback_args, **callback_kwargs)
  File "C:\Users\USER\Desktop\myshop_app\venv\Lib\site-packages\django\contrib\auth\decorators.py", line 59, in _view_wrapper
    return view_func(request, *args, **kwargs)
  File "C:\Users\USER\Desktop\myshop_app\venv\Lib\site-packages\django\contrib\auth\decorators.py", line 59, in _view_wrapper
    return view_func(request, *args, **kwargs)
  File "C:\Users\USER\Desktop\myshop_app\store\views.py", line 224, in delete_product
    product.delete()
    ~~~~~~~~~~~~~~^^
  File "C:\Users\USER\Desktop\myshop_app\venv\Lib\site-packages\django\db\models\base.py", line 1280, in delete
    collector.collect([self], keep_parents=keep_parents)
    ~~~~~~~~~~~~~~~~~^^^^^^^^^^^^^^^^^^^^^^^^^^^^^^^^^^^
  File "C:\Users\USER\Desktop\myshop_app\venv\Lib\site-packages\django\db\models\deletion.py", line 343, in collect
    if getattr(on_delete, "lazy_sub_objs", False) or sub_objs:
                                                     ^^^^^^^^
  File "C:\Users\USER\Desktop\myshop_app\venv\Lib\site-packages\django\db\models\query.py", line 400, in __bool__
    self._fetch_all()
    ~~~~~~~~~~~~~~~^^
  File "C:\Users\USER\Desktop\myshop_app\venv\Lib\site-packages\django\db\models\query.py", line 1954, in _fetch_all
    self._result_cache = list(self._iterable_class(self))
                         ~~~~^^^^^^^^^^^^^^^^^^^^^^^^^^^^
  File "C:\Users\USER\Desktop\myshop_app\venv\Lib\site-packages\django\db\models\query.py", line 93, in __iter__
    results = compiler.execute_sql(
        chunked_fetch=self.chunked_fetch, chunk_size=self.chunk_size
    )
  File "C:\Users\USER\Desktop\myshop_app\venv\Lib\site-packages\django\db\models\sql\compiler.py", line 1623, in execute_sql
    cursor.execute(sql, params)
    ~~~~~~~~~~~~~~^^^^^^^^^^^^^
  File "C:\Users\USER\Desktop\myshop_app\venv\Lib\site-packages\django\db\backends\utils.py", line 122, in execute
    return super().execute(sql, params)
           ~~~~~~~~~~~~~~~^^^^^^^^^^^^^
  File "C:\Users\USER\Desktop\myshop_app\venv\Lib\site-packages\django\db\backends\utils.py", line 79, in execute
    return self._execute_with_wrappers(
           ~~~~~~~~~~~~~~~~~~~~~~~~~~~^
        sql, params, many=False, executor=self._execute
        ^^^^^^^^^^^^^^^^^^^^^^^^^^^^^^^^^^^^^^^^^^^^^^^
    )
    ^
  File "C:\Users\USER\Desktop\myshop_app\venv\Lib\site-packages\django\db\backends\utils.py", line 92, in _execute_with_wrappers
    return executor(sql, params, many, context)
  File "C:\Users\USER\Desktop\myshop_app\venv\Lib\site-packages\django\db\backends\utils.py", line 100, in _execute
    with self.db.wrap_database_errors:
         ^^^^^^^^^^^^^^^^^^^^^^^^^^^^
  File "C:\Users\USER\Desktop\myshop_app\venv\Lib\site-packages\django\db\utils.py", line 91, in __exit__
    raise dj_exc_value.with_traceback(traceback) from exc_value
  File "C:\Users\USER\Desktop\myshop_app\venv\Lib\site-packages\django\db\backends\utils.py", line 105, in _execute
    return self.cursor.execute(sql, params)
           ~~~~~~~~~~~~~~~~~~~^^^^^^^^^^^^^
  File "C:\Users\USER\Desktop\myshop_app\venv\Lib\site-packages\django\db\backends\sqlite3\base.py", line 360, in execute
    return super().execute(query, params)
           ~~~~~~~~~~~~~~~^^^^^^^^^^^^^^^
django.db.utils.OperationalError: no such table: orders_orderitem
ERROR 2025-12-02 12:35:27,260 basehttp 12596 24480 "POST /staff/products/2/delete/ HTTP/1.1" 500 156025
INFO 2025-12-02 12:37:36,062 basehttp 12596 9388 "GET /staff/products/2/delete/ HTTP/1.1" 200 907
INFO 2025-12-02 12:37:37,432 views 12596 9388 Product deleted: <script>alert("XSS Vulnerability!")</script> by admin
INFO 2025-12-02 12:37:37,445 basehttp 12596 9388 "POST /staff/products/2/delete/ HTTP/1.1" 302 0
INFO 2025-12-02 12:37:37,484 basehttp 12596 9388 "GET /staff/products/ HTTP/1.1" 200 1306
INFO 2025-12-02 12:37:59,835 basehttp 12596 16980 "GET / HTTP/1.1" 200 3968
INFO 2025-12-02 12:38:06,071 basehttp 12596 16980 "GET /?q=%27+OR+%271%27%3D%271 HTTP/1.1" 200 4023
INFO 2025-12-02 12:38:08,917 basehttp 12596 16980 "GET /?q=%27+OR+%271%27%3D%271 HTTP/1.1" 200 4023
INFO 2025-12-02 12:38:14,929 basehttp 12596 4068 "GET /?q=%27+OR+%271%27%3D%27 HTTP/1.1" 200 4021
INFO 2025-12-02 12:38:20,440 basehttp 12596 4068 "GET /?q=%27+OR+%27 HTTP/1.1" 200 3997
INFO 2025-12-02 12:38:23,569 basehttp 12596 4068 "GET /?q=12 HTTP/1.1" 200 3165
INFO 2025-12-02 12:38:29,896 basehttp 12596 24428 "GET /?q=1 HTTP/1.1" 200 3164
INFO 2025-12-02 12:39:38,880 basehttp 12596 17688 "GET /?q=%27+OR+%271%27%3D%271 HTTP/1.1" 200 4023
INFO 2025-12-02 12:39:55,589 basehttp 12596 17688 "GET /?q=+%22WHERE+...+OR+1%3D1%22 HTTP/1.1" 200 3192
INFO 2025-12-02 12:40:24,891 basehttp 12596 17688 "GET /?q=%27+OR+%271%27%3D%271 HTTP/1.1" 200 4023
INFO 2025-12-02 12:40:29,810 basehttp 12596 17688 "GET /staff/products/ HTTP/1.1" 200 1306
INFO 2025-12-02 12:40:32,096 basehttp 12596 17688 "GET /staff/products/1/edit/ HTTP/1.1" 200 1825
INFO 2025-12-02 12:41:41,673 views 12596 15780 Product updated: The Long Shoe Hardcover – 9 Oct. 2025 by admin
INFO 2025-12-02 12:41:41,681 basehttp 12596 15780 "POST /staff/products/1/edit/ HTTP/1.1" 302 0
INFO 2025-12-02 12:41:41,707 basehttp 12596 15780 "GET /staff/products/ HTTP/1.1" 200 1306
INFO 2025-12-02 12:41:46,095 basehttp 12596 16712 "GET /staff/products/ HTTP/1.1" 200 1306
INFO 2025-12-02 12:41:54,474 basehttp 12596 16712 "GET / HTTP/1.1" 200 4103
INFO 2025-12-02 12:41:54,849 basehttp 12596 16712 "GET /media/products/61Y8egjgeyL._SY466_.jpg HTTP/1.1" 200 22634
INFO 2025-12-02 12:42:18,304 basehttp 12596 14924 "GET /staff/products/ HTTP/1.1" 200 1306
INFO 2025-12-02 12:42:20,993 basehttp 12596 14924 "GET / HTTP/1.1" 200 4103
INFO 2025-12-02 12:42:21,023 basehttp 12596 14924 "GET /media/products/61Y8egjgeyL._SY466_.jpg HTTP/1.1" 304 0
INFO 2025-12-02 12:42:39,032 views 12596 24820 User logged out: admin
INFO 2025-12-02 12:42:39,036 basehttp 12596 24820 "GET /logout/ HTTP/1.1" 302 0
INFO 2025-12-02 12:42:39,060 basehttp 12596 24820 "GET / HTTP/1.1" 200 3902
INFO 2025-12-02 12:42:39,085 basehttp 12596 24820 "GET /media/products/61Y8egjgeyL._SY466_.jpg HTTP/1.1" 304 0
INFO 2025-12-02 12:42:42,104 basehttp 12596 24820 "GET /login/ HTTP/1.1" 200 1444
INFO 2025-12-02 12:42:47,869 views 12596 24820 User logged in: admin
INFO 2025-12-02 12:42:47,884 basehttp 12596 24820 "POST /login/ HTTP/1.1" 302 0
INFO 2025-12-02 12:42:47,910 basehttp 12596 24820 "GET / HTTP/1.1" 200 4103
INFO 2025-12-02 12:42:47,936 basehttp 12596 24820 "GET /media/products/61Y8egjgeyL._SY466_.jpg HTTP/1.1" 304 0
INFO 2025-12-02 12:42:51,711 basehttp 12596 24820 "GET /admin/ HTTP/1.1" 200 11448
INFO 2025-12-02 12:42:51,741 basehttp 12596 24820 "GET /static/admin/css/base.css HTTP/1.1" 304 0
INFO 2025-12-02 12:42:51,743 basehttp 12596 2748 "GET /static/admin/css/dark_mode.css HTTP/1.1" 304 0
INFO 2025-12-02 12:42:51,751 basehttp 12596 16392 "GET /static/admin/css/nav_sidebar.css HTTP/1.1" 304 0
INFO 2025-12-02 12:42:51,759 basehttp 12596 24680 "GET /static/admin/js/theme.js HTTP/1.1" 304 0
INFO 2025-12-02 12:42:51,762 basehttp 12596 8812 "GET /static/admin/css/responsive.css HTTP/1.1" 304 0
INFO 2025-12-02 12:42:51,764 basehttp 12596 2680 "GET /static/admin/css/dashboard.css HTTP/1.1" 304 0
INFO 2025-12-02 12:42:51,775 basehttp 12596 2680 "GET /static/admin/js/nav_sidebar.js HTTP/1.1" 304 0
INFO 2025-12-02 12:42:51,796 basehttp 12596 8812 "GET /static/admin/img/icon-addlink.svg HTTP/1.1" 304 0
INFO 2025-12-02 12:42:51,798 basehttp 12596 2680 "GET /static/admin/img/icon-yes.svg HTTP/1.1" 304 0
INFO 2025-12-02 12:42:51,800 basehttp 12596 24680 "GET /static/admin/img/icon-changelink.svg HTTP/1.1" 304 0
INFO 2025-12-02 12:43:04,942 basehttp 12596 24680 "GET /admin/store/customerprofile/add/ HTTP/1.1" 200 14075
INFO 2025-12-02 12:43:04,976 basehttp 12596 8812 "GET /static/admin/js/jquery.init.js HTTP/1.1" 304 0
INFO 2025-12-02 12:43:04,979 basehttp 12596 24680 "GET /static/admin/css/forms.css HTTP/1.1" 304 0
INFO 2025-12-02 12:43:04,982 basehttp 12596 16392 "GET /static/admin/js/core.js HTTP/1.1" 304 0
INFO 2025-12-02 12:43:04,983 basehttp 12596 2680 "GET /static/admin/js/vendor/jquery/jquery.js HTTP/1.1" 304 0
INFO 2025-12-02 12:43:04,984 basehttp 12596 2748 "GET /static/admin/js/admin/RelatedObjectLookups.js HTTP/1.1" 304 0
INFO 2025-12-02 12:43:04,995 basehttp 12596 24820 "GET /static/admin/js/actions.js HTTP/1.1" 304 0
INFO 2025-12-02 12:43:05,001 basehttp 12596 8812 "GET /static/admin/js/urlify.js HTTP/1.1" 304 0
INFO 2025-12-02 12:43:05,005 basehttp 12596 24680 "GET /static/admin/js/prepopulate.js HTTP/1.1" 304 0
INFO 2025-12-02 12:43:05,009 basehttp 12596 2680 "GET /static/admin/css/widgets.css HTTP/1.1" 304 0
INFO 2025-12-02 12:43:05,010 basehttp 12596 2748 "GET /static/admin/js/vendor/xregexp/xregexp.js HTTP/1.1" 304 0
INFO 2025-12-02 12:43:05,011 basehttp 12596 24820 "GET /static/admin/js/prepopulate_init.js HTTP/1.1" 304 0
INFO 2025-12-02 12:43:05,041 basehttp 12596 24820 "GET /static/admin/img/icon-viewlink.svg HTTP/1.1" 304 0
INFO 2025-12-02 12:43:05,066 basehttp 12596 24820 "GET /static/admin/js/change_form.js HTTP/1.1" 304 0
INFO 2025-12-02 12:43:05,069 basehttp 12596 16392 "GET /admin/jsi18n/ HTTP/1.1" 200 3342
INFO 2025-12-02 12:43:28,148 basehttp 12596 16392 "GET /admin/store/cartitem/ HTTP/1.1" 200 10748
INFO 2025-12-02 12:43:28,174 basehttp 12596 2748 "GET /static/admin/img/search.svg HTTP/1.1" 304 0
INFO 2025-12-02 12:43:28,179 basehttp 12596 16392 "GET /static/admin/css/changelists.css HTTP/1.1" 304 0
INFO 2025-12-02 12:43:28,186 basehttp 12596 24820 "GET /admin/jsi18n/ HTTP/1.1" 200 3342
INFO 2025-12-02 12:43:28,191 basehttp 12596 16392 "GET /static/admin/js/filters.js HTTP/1.1" 304 0
INFO 2025-12-02 12:43:28,224 basehttp 12596 16392 "GET /static/admin/img/tooltag-add.svg HTTP/1.1" 304 0
INFO 2025-12-02 12:43:33,111 basehttp 12596 16392 "GET /admin/store/cart/ HTTP/1.1" 200 12945
INFO 2025-12-02 12:43:33,140 basehttp 12596 16392 "GET /admin/jsi18n/ HTTP/1.1" 200 3342
INFO 2025-12-02 12:43:37,340 basehttp 12596 16392 "GET /admin/store/customerprofile/ HTTP/1.1" 200 12851
INFO 2025-12-02 12:43:37,370 basehttp 12596 16392 "GET /admin/jsi18n/ HTTP/1.1" 200 3342
INFO 2025-12-02 12:43:39,579 basehttp 12596 16392 "GET /admin/store/orderitem/ HTTP/1.1" 200 10755
INFO 2025-12-02 12:43:39,609 basehttp 12596 16392 "GET /admin/jsi18n/ HTTP/1.1" 200 3342
INFO 2025-12-02 12:43:41,914 basehttp 12596 16392 "GET /admin/store/order/ HTTP/1.1" 200 11998
INFO 2025-12-02 12:43:41,945 basehttp 12596 16392 "GET /admin/jsi18n/ HTTP/1.1" 200 3342
INFO 2025-12-02 12:43:52,760 basehttp 12596 16392 "GET /admin/store/product/ HTTP/1.1" 200 13622
INFO 2025-12-02 12:43:52,792 basehttp 12596 16392 "GET /admin/jsi18n/ HTTP/1.1" 200 3342
INFO 2025-12-02 12:43:56,024 basehttp 12596 16392 "GET /admin/auth/user/ HTTP/1.1" 200 14784
INFO 2025-12-02 12:43:56,058 basehttp 12596 16392 "GET /admin/jsi18n/ HTTP/1.1" 200 3342
INFO 2025-12-02 12:43:56,162 basehttp 12596 24820 "GET /static/admin/img/icon-no.svg HTTP/1.1" 200 560
INFO 2025-12-02 12:43:56,167 basehttp 12596 16392 "GET /static/admin/img/sorting-icons.svg HTTP/1.1" 200 1097
INFO 2025-12-02 12:43:58,496 basehttp 12596 16392 "GET /admin/auth/group/ HTTP/1.1" 200 10746
INFO 2025-12-02 12:43:58,525 basehttp 12596 16392 "GET /admin/jsi18n/ HTTP/1.1" 200 3342
INFO 2025-12-02 12:44:00,434 basehttp 12596 16392 "GET /admin/store/cartitem/ HTTP/1.1" 200 10748
INFO 2025-12-02 12:44:00,475 basehttp 12596 16392 "GET /admin/jsi18n/ HTTP/1.1" 200 3342
INFO 2025-12-02 12:44:01,623 basehttp 12596 16392 "GET /admin/store/customerprofile/ HTTP/1.1" 200 12851
INFO 2025-12-02 12:44:01,648 basehttp 12596 16392 "GET /admin/jsi18n/ HTTP/1.1" 200 3342
INFO 2025-12-02 12:44:10,898 basehttp 12596 16392 "GET /admin/store/customerprofile/ HTTP/1.1" 200 12851
INFO 2025-12-02 12:44:10,926 basehttp 12596 16392 "GET /admin/jsi18n/ HTTP/1.1" 200 3342
INFO 2025-12-02 12:44:18,670 basehttp 12596 16392 "GET / HTTP/1.1" 200 4103
INFO 2025-12-02 12:44:18,694 basehttp 12596 16392 "GET /media/products/61Y8egjgeyL._SY466_.jpg HTTP/1.1" 304 0
INFO 2025-12-02 12:44:23,370 basehttp 12596 16392 "GET /staff/products/ HTTP/1.1" 200 1306
INFO 2025-12-02 12:44:25,756 basehttp 12596 16392 "GET /staff/products/add/ HTTP/1.1" 200 1296
INFO 2025-12-02 12:47:22,483 views 12596 19368 Product created: The Impossible Fortune: The new novel in the multi-million copy bestselling murder mystery series: 5 by admin
INFO 2025-12-02 12:47:22,497 basehttp 12596 19368 "POST /staff/products/add/ HTTP/1.1" 302 0
INFO 2025-12-02 12:47:22,522 basehttp 12596 19368 "GET /staff/products/ HTTP/1.1" 200 1822
INFO 2025-12-02 12:47:26,224 basehttp 12596 19368 "GET / HTTP/1.1" 200 5215
INFO 2025-12-02 12:47:26,257 basehttp 12596 17484 "GET /media/products/61Y8egjgeyL._SY466_.jpg HTTP/1.1" 304 0
INFO 2025-12-02 12:47:26,299 basehttp 12596 19368 "GET /media/products/71eTwnmHa3L._SY466_.jpg HTTP/1.1" 200 32808
INFO 2025-12-02 12:50:28,849 basehttp 12596 14196 "GET /staff/products/ HTTP/1.1" 200 1822
INFO 2025-12-02 12:50:31,493 basehttp 12596 14196 "GET /staff/products/3/edit/ HTTP/1.1" 200 2245
INFO 2025-12-02 12:50:56,920 views 12596 14196 Product updated: The Impossible Fortune: by admin
INFO 2025-12-02 12:50:56,922 basehttp 12596 14196 "POST /staff/products/3/edit/ HTTP/1.1" 302 0
INFO 2025-12-02 12:50:56,942 basehttp 12596 14196 "GET /staff/products/ HTTP/1.1" 200 1745
INFO 2025-12-02 12:51:06,451 basehttp 12596 14196 "GET / HTTP/1.1" 200 5074
INFO 2025-12-02 12:51:06,478 basehttp 12596 14196 "GET /media/products/61Y8egjgeyL._SY466_.jpg HTTP/1.1" 304 0
INFO 2025-12-02 12:51:06,483 basehttp 12596 6196 "GET /media/products/71eTwnmHa3L._SY466_.jpg HTTP/1.1" 304 0
INFO 2025-12-02 12:51:12,259 basehttp 12596 6196 "GET / HTTP/1.1" 200 5074
INFO 2025-12-02 12:52:26,448 basehttp 12596 6196 "GET /staff/products/ HTTP/1.1" 200 1745
INFO 2025-12-02 12:52:28,610 basehttp 12596 6196 "GET /staff/products/3/edit/ HTTP/1.1" 200 2168
INFO 2025-12-02 12:53:25,295 views 12596 18892 Product updated: The Impossible Fortune: by admin
INFO 2025-12-02 12:53:25,297 basehttp 12596 18892 "POST /staff/products/3/edit/ HTTP/1.1" 302 0
INFO 2025-12-02 12:53:25,322 basehttp 12596 18892 "GET /staff/products/ HTTP/1.1" 200 1745
INFO 2025-12-02 12:53:28,196 basehttp 12596 18892 "GET / HTTP/1.1" 200 5074
INFO 2025-12-02 12:53:28,225 basehttp 12596 15688 "GET /media/products/61Y8egjgeyL._SY466_.jpg HTTP/1.1" 304 0
INFO 2025-12-02 12:53:28,259 basehttp 12596 18892 "GET /media/products/61a58urDxiL._SY466_.jpg HTTP/1.1" 200 25533
INFO 2025-12-02 12:53:45,987 basehttp 12596 4344 "GET /staff/products/ HTTP/1.1" 200 1745
INFO 2025-12-02 12:53:48,134 basehttp 12596 4344 "GET /staff/products/3/edit/ HTTP/1.1" 200 2168
INFO 2025-12-02 12:53:59,626 views 12596 24772 Product updated: The Impossible Fortune: by admin
INFO 2025-12-02 12:53:59,628 basehttp 12596 24772 "POST /staff/products/3/edit/ HTTP/1.1" 302 0
INFO 2025-12-02 12:53:59,648 basehttp 12596 24772 "GET /staff/products/ HTTP/1.1" 200 1745
INFO 2025-12-02 12:54:01,463 basehttp 12596 6536 "GET / HTTP/1.1" 200 5082
INFO 2025-12-02 12:54:01,524 basehttp 12596 6536 "GET /media/products/71eTwnmHa3L_J2bvn9j._SY466_.jpg HTTP/1.1" 200 32808
INFO 2025-12-02 12:54:11,226 views 12596 23684 User logged out: admin
INFO 2025-12-02 12:54:11,229 basehttp 12596 23684 "GET /logout/ HTTP/1.1" 302 0
INFO 2025-12-02 12:54:11,250 basehttp 12596 23684 "GET / HTTP/1.1" 200 4881
INFO 2025-12-02 12:54:11,270 basehttp 12596 23684 "GET /media/products/71eTwnmHa3L_J2bvn9j._SY466_.jpg HTTP/1.1" 304 0
INFO 2025-12-02 12:54:13,714 basehttp 12596 23684 "GET /login/ HTTP/1.1" 200 1574
INFO 2025-12-02 12:54:19,610 views 12596 23684 User logged in: User
INFO 2025-12-02 12:54:19,626 basehttp 12596 23684 "POST /login/ HTTP/1.1" 302 0
INFO 2025-12-02 12:54:19,649 basehttp 12596 23684 "GET / HTTP/1.1" 200 4941
INFO 2025-12-02 12:54:19,668 basehttp 12596 23684 "GET /media/products/71eTwnmHa3L_J2bvn9j._SY466_.jpg HTTP/1.1" 304 0
INFO 2025-12-02 12:54:31,825 basehttp 12596 20356 "GET /admin/ HTTP/1.1" 302 0
INFO 2025-12-02 12:54:32,387 basehttp 12596 20356 "GET /admin/login/?next=/admin/ HTTP/1.1" 200 3806
INFO 2025-12-02 12:54:32,426 basehttp 12596 20356 "GET /static/admin/css/login.css HTTP/1.1" 304 0
INFO 2025-12-02 12:54:38,295 basehttp 12596 20356 "GET / HTTP/1.1" 200 4941
INFO 2025-12-02 12:54:40,881 basehttp 12596 20356 "GET /admin/ HTTP/1.1" 302 0
INFO 2025-12-02 12:54:40,938 basehttp 12596 20356 "GET /admin/login/?next=/admin/ HTTP/1.1" 200 3686
INFO 2025-12-02 12:54:49,100 basehttp 12596 6756 "POST /admin/login/?next=/admin/ HTTP/1.1" 200 3853
INFO 2025-12-02 12:54:52,368 basehttp 12596 16432 "GET /admin/login/?next=/admin/ HTTP/1.1" 200 3686
INFO 2025-12-02 12:54:56,707 views 12596 16432 User logged out: User
INFO 2025-12-02 12:54:56,709 basehttp 12596 16432 "GET /logout/ HTTP/1.1" 302 0
INFO 2025-12-02 12:54:56,732 basehttp 12596 16432 "GET / HTTP/1.1" 200 4881
INFO 2025-12-02 12:54:56,757 basehttp 12596 11812 "GET /media/products/71eTwnmHa3L_J2bvn9j._SY466_.jpg HTTP/1.1" 304 0
INFO 2025-12-02 12:54:56,758 basehttp 12596 16432 "GET /media/products/61Y8egjgeyL._SY466_.jpg HTTP/1.1" 304 0
INFO 2025-12-02 12:55:00,048 basehttp 12596 16432 "GET /login/ HTTP/1.1" 200 1312
INFO 2025-12-02 12:55:07,812 views 12596 3048 User logged in: admin
INFO 2025-12-02 12:55:07,824 basehttp 12596 3048 "POST /login/ HTTP/1.1" 302 0
INFO 2025-12-02 12:55:07,845 basehttp 12596 3048 "GET / HTTP/1.1" 200 5082
INFO 2025-12-02 12:55:07,865 basehttp 12596 3048 "GET /media/products/71eTwnmHa3L_J2bvn9j._SY466_.jpg HTTP/1.1" 304 0
INFO 2025-12-04 18:53:42,772 autoreload 22512 5112 Watching for file changes with StatReloader
INFO 2025-12-04 18:54:35,620 basehttp 22512 21700 "GET / HTTP/1.1" 200 5082
INFO 2025-12-04 18:54:35,653 basehttp 22512 21700 "GET / HTTP/1.1" 200 5082
INFO 2025-12-04 18:54:35,908 basehttp 22512 21700 "GET / HTTP/1.1" 200 5082
INFO 2025-12-04 18:54:36,197 basehttp 22512 21700 "GET /media/products/71eTwnmHa3L_J2bvn9j._SY466_.jpg HTTP/1.1" 304 0
INFO 2025-12-04 18:54:36,215 basehttp 22512 21700 "GET /media/products/61Y8egjgeyL._SY466_.jpg HTTP/1.1" 304 0
WARNING 2025-12-04 18:54:36,530 log 22512 21700 Not Found: /favicon.ico
WARNING 2025-12-04 18:54:36,534 basehttp 22512 21700 "GET /favicon.ico HTTP/1.1" 404 6626
WARNING 2025-12-04 18:54:36,563 log 22512 21700 Not Found: /favicon.ico
WARNING 2025-12-04 18:54:36,573 basehttp 22512 21700 "GET /favicon.ico HTTP/1.1" 404 6626
WARNING 2025-12-04 18:54:36,596 log 22512 24004 Not Found: /favicon.ico
WARNING 2025-12-04 18:54:36,598 basehttp 22512 24004 "GET /favicon.ico HTTP/1.1" 404 6626
INFO 2025-12-04 18:54:54,525 basehttp 22512 24004 "GET /admin/ HTTP/1.1" 200 11327
INFO 2025-12-04 18:54:54,570 basehttp 22512 24004 "GET /static/admin/css/base.css HTTP/1.1" 304 0
INFO 2025-12-04 18:54:54,571 basehttp 22512 21700 "GET /static/admin/css/dark_mode.css HTTP/1.1" 304 0
INFO 2025-12-04 18:54:54,577 basehttp 22512 10540 "GET /static/admin/js/theme.js HTTP/1.1" 304 0
INFO 2025-12-04 18:54:54,579 basehttp 22512 10136 "GET /static/admin/css/nav_sidebar.css HTTP/1.1" 304 0
INFO 2025-12-04 18:54:54,581 basehttp 22512 24004 "GET /static/admin/css/dashboard.css HTTP/1.1" 304 0
INFO 2025-12-04 18:54:54,587 basehttp 22512 10136 "GET /static/admin/css/responsive.css HTTP/1.1" 304 0
INFO 2025-12-04 18:54:54,594 basehttp 22512 10136 "GET /static/admin/js/nav_sidebar.js HTTP/1.1" 304 0
INFO 2025-12-04 18:54:54,617 basehttp 22512 10136 "GET /static/admin/img/icon-addlink.svg HTTP/1.1" 304 0
INFO 2025-12-04 18:54:54,619 basehttp 22512 24004 "GET /static/admin/img/icon-changelink.svg HTTP/1.1" 304 0
INFO 2025-12-04 18:55:11,315 basehttp 22512 25208 "GET / HTTP/1.1" 200 5082
INFO 2025-12-04 18:55:30,754 basehttp 22512 25208 "GET /?q=%27+OR+%271%27%3D%271 HTTP/1.1" 200 5161
INFO 2025-12-04 18:55:33,686 basehttp 22512 13276 "GET /?q=%27+OR+%271%27%3D%271 HTTP/1.1" 200 5161
INFO 2025-12-04 18:55:38,538 basehttp 22512 13276 "GET /?q=%27+OR+%271%27%3D%27 HTTP/1.1" 200 5158
ERROR 2025-12-04 18:55:45,008 log 22512 13276 Internal Server Error: /
Traceback (most recent call last):
  File "C:\Users\USER\Desktop\myshop_app\venv\Lib\site-packages\django\db\backends\utils.py", line 103, in _execute
    return self.cursor.execute(sql)
           ~~~~~~~~~~~~~~~~~~~^^^^^
  File "C:\Users\USER\Desktop\myshop_app\venv\Lib\site-packages\django\db\backends\sqlite3\base.py", line 356, in execute
    return super().execute(query)
           ~~~~~~~~~~~~~~~^^^^^^^
sqlite3.OperationalError: near "1": syntax error

The above exception was the direct cause of the following exception:

Traceback (most recent call last):
  File "C:\Users\USER\Desktop\myshop_app\venv\Lib\site-packages\django\core\handlers\exception.py", line 55, in inner
    response = get_response(request)
  File "C:\Users\USER\Desktop\myshop_app\venv\Lib\site-packages\django\core\handlers\base.py", line 197, in _get_response
    response = wrapped_callback(request, *callback_args, **callback_kwargs)
  File "C:\Users\USER\Desktop\myshop_app\store\views.py", line 245, in home
    cursor.execute(f"SELECT * FROM store_product WHERE name LIKE '%{query}%' OR description LIKE '%{query}%'")
    ~~~~~~~~~~~~~~^^^^^^^^^^^^^^^^^^^^^^^^^^^^^^^^^^^^^^^^^^^^^^^^^^^^^^^^^^^^^^^^^^^^^^^^^^^^^^^^^^^^^^^^^^^^
  File "C:\Users\USER\Desktop\myshop_app\venv\Lib\site-packages\django\db\backends\utils.py", line 122, in execute
    return super().execute(sql, params)
           ~~~~~~~~~~~~~~~^^^^^^^^^^^^^
  File "C:\Users\USER\Desktop\myshop_app\venv\Lib\site-packages\django\db\backends\utils.py", line 79, in execute
    return self._execute_with_wrappers(
           ~~~~~~~~~~~~~~~~~~~~~~~~~~~^
        sql, params, many=False, executor=self._execute
        ^^^^^^^^^^^^^^^^^^^^^^^^^^^^^^^^^^^^^^^^^^^^^^^
    )
    ^
  File "C:\Users\USER\Desktop\myshop_app\venv\Lib\site-packages\django\db\backends\utils.py", line 92, in _execute_with_wrappers
    return executor(sql, params, many, context)
  File "C:\Users\USER\Desktop\myshop_app\venv\Lib\site-packages\django\db\backends\utils.py", line 100, in _execute
    with self.db.wrap_database_errors:
         ^^^^^^^^^^^^^^^^^^^^^^^^^^^^
  File "C:\Users\USER\Desktop\myshop_app\venv\Lib\site-packages\django\db\utils.py", line 91, in __exit__
    raise dj_exc_value.with_traceback(traceback) from exc_value
  File "C:\Users\USER\Desktop\myshop_app\venv\Lib\site-packages\django\db\backends\utils.py", line 103, in _execute
    return self.cursor.execute(sql)
           ~~~~~~~~~~~~~~~~~~~^^^^^
  File "C:\Users\USER\Desktop\myshop_app\venv\Lib\site-packages\django\db\backends\sqlite3\base.py", line 356, in execute
    return super().execute(query)
           ~~~~~~~~~~~~~~~^^^^^^^
django.db.utils.OperationalError: near "1": syntax error
ERROR 2025-12-04 18:55:45,019 basehttp 22512 13276 "GET /?q=%27+OR+%271%27%3D0 HTTP/1.1" 500 113782
ERROR 2025-12-04 18:55:52,695 log 22512 13276 Internal Server Error: /
Traceback (most recent call last):
  File "C:\Users\USER\Desktop\myshop_app\venv\Lib\site-packages\django\db\backends\utils.py", line 103, in _execute
    return self.cursor.execute(sql)
           ~~~~~~~~~~~~~~~~~~~^^^^^
  File "C:\Users\USER\Desktop\myshop_app\venv\Lib\site-packages\django\db\backends\sqlite3\base.py", line 356, in execute
    return super().execute(query)
           ~~~~~~~~~~~~~~~^^^^^^^
sqlite3.OperationalError: near "1": syntax error

The above exception was the direct cause of the following exception:

Traceback (most recent call last):
  File "C:\Users\USER\Desktop\myshop_app\venv\Lib\site-packages\django\core\handlers\exception.py", line 55, in inner
    response = get_response(request)
  File "C:\Users\USER\Desktop\myshop_app\venv\Lib\site-packages\django\core\handlers\base.py", line 197, in _get_response
    response = wrapped_callback(request, *callback_args, **callback_kwargs)
  File "C:\Users\USER\Desktop\myshop_app\store\views.py", line 245, in home
    cursor.execute(f"SELECT * FROM store_product WHERE name LIKE '%{query}%' OR description LIKE '%{query}%'")
    ~~~~~~~~~~~~~~^^^^^^^^^^^^^^^^^^^^^^^^^^^^^^^^^^^^^^^^^^^^^^^^^^^^^^^^^^^^^^^^^^^^^^^^^^^^^^^^^^^^^^^^^^^^
  File "C:\Users\USER\Desktop\myshop_app\venv\Lib\site-packages\django\db\backends\utils.py", line 122, in execute
    return super().execute(sql, params)
           ~~~~~~~~~~~~~~~^^^^^^^^^^^^^
  File "C:\Users\USER\Desktop\myshop_app\venv\Lib\site-packages\django\db\backends\utils.py", line 79, in execute
    return self._execute_with_wrappers(
           ~~~~~~~~~~~~~~~~~~~~~~~~~~~^
        sql, params, many=False, executor=self._execute
        ^^^^^^^^^^^^^^^^^^^^^^^^^^^^^^^^^^^^^^^^^^^^^^^
    )
    ^
  File "C:\Users\USER\Desktop\myshop_app\venv\Lib\site-packages\django\db\backends\utils.py", line 92, in _execute_with_wrappers
    return executor(sql, params, many, context)
  File "C:\Users\USER\Desktop\myshop_app\venv\Lib\site-packages\django\db\backends\utils.py", line 100, in _execute
    with self.db.wrap_database_errors:
         ^^^^^^^^^^^^^^^^^^^^^^^^^^^^
  File "C:\Users\USER\Desktop\myshop_app\venv\Lib\site-packages\django\db\utils.py", line 91, in __exit__
    raise dj_exc_value.with_traceback(traceback) from exc_value
  File "C:\Users\USER\Desktop\myshop_app\venv\Lib\site-packages\django\db\backends\utils.py", line 103, in _execute
    return self.cursor.execute(sql)
           ~~~~~~~~~~~~~~~~~~~^^^^^
  File "C:\Users\USER\Desktop\myshop_app\venv\Lib\site-packages\django\db\backends\sqlite3\base.py", line 356, in execute
    return super().execute(query)
           ~~~~~~~~~~~~~~~^^^^^^^
django.db.utils.OperationalError: near "1": syntax error
ERROR 2025-12-04 18:55:52,700 basehttp 22512 13276 "GET /?q=%27+OR+%271%27%3D1 HTTP/1.1" 500 113782
INFO 2025-12-04 18:56:02,787 basehttp 22512 6952 "GET /?q=%27+OR+%271%27%3D%271 HTTP/1.1" 200 5161
INFO 2025-12-04 18:56:04,355 basehttp 22512 6952 "GET /?q=%27+OR+%271%27%3D%271 HTTP/1.1" 200 5161
INFO 2025-12-04 18:56:20,523 basehttp 22512 21248 "GET /profile/ HTTP/1.1" 200 1145
INFO 2025-12-04 18:56:24,130 basehttp 22512 18316 "GET / HTTP/1.1" 200 5082
INFO 2025-12-04 18:56:27,026 basehttp 22512 18316 "GET /staff/products/ HTTP/1.1" 200 1745
INFO 2025-12-04 18:56:35,720 basehttp 22512 18316 "GET /staff/products/add/ HTTP/1.1" 200 1296
INFO 2025-12-04 18:57:52,477 basehttp 22512 12084 "GET /admin/auth/user/add/ HTTP/1.1" 200 15010
INFO 2025-12-04 18:57:52,495 basehttp 22512 12084 "GET /static/admin/css/forms.css HTTP/1.1" 304 0
INFO 2025-12-04 18:57:52,501 basehttp 22512 1716 "GET /static/admin/js/jquery.init.js HTTP/1.1" 304 0
INFO 2025-12-04 18:57:52,522 basehttp 22512 12084 "GET /static/admin/js/core.js HTTP/1.1" 304 0
INFO 2025-12-04 18:57:52,524 basehttp 22512 340 "GET /static/admin/js/admin/RelatedObjectLookups.js HTTP/1.1" 304 0
INFO 2025-12-04 18:57:52,596 basehttp 22512 340 "GET /static/admin/css/widgets.css HTTP/1.1" 304 0
INFO 2025-12-04 18:57:52,597 basehttp 22512 19684 "GET /static/admin/js/actions.js HTTP/1.1" 304 0
INFO 2025-12-04 18:57:52,597 basehttp 22512 11600 "GET /static/admin/js/urlify.js HTTP/1.1" 304 0
INFO 2025-12-04 18:57:52,600 basehttp 22512 5736 "GET /static/admin/js/vendor/jquery/jquery.js HTTP/1.1" 304 0
INFO 2025-12-04 18:57:52,607 basehttp 22512 340 "GET /static/admin/js/prepopulate.js HTTP/1.1" 304 0
INFO 2025-12-04 18:57:52,612 basehttp 22512 19684 "GET /static/admin/js/vendor/xregexp/xregexp.js HTTP/1.1" 304 0
INFO 2025-12-04 18:57:52,615 basehttp 22512 11600 "GET /static/admin/js/prepopulate_init.js HTTP/1.1" 304 0
INFO 2025-12-04 18:57:52,691 basehttp 22512 1716 "GET /admin/jsi18n/ HTTP/1.1" 200 3342
INFO 2025-12-04 18:57:52,697 basehttp 22512 1716 "GET /static/admin/js/change_form.js HTTP/1.1" 304 0
INFO 2025-12-04 18:57:52,874 basehttp 22512 12084 "GET /static/admin/css/unusable_password_field.css HTTP/1.1" 200 663
INFO 2025-12-04 18:57:52,981 basehttp 22512 1716 "GET /static/admin/js/unusable_password_field.js HTTP/1.1" 200 1480
INFO 2025-12-04 18:58:27,903 basehttp 22512 1196 "GET /admin/auth/group/add/ HTTP/1.1" 200 16641
INFO 2025-12-04 18:58:27,932 basehttp 22512 13520 "GET /admin/jsi18n/ HTTP/1.1" 200 3342
INFO 2025-12-04 18:58:27,992 basehttp 22512 1196 "GET /static/admin/js/SelectBox.js HTTP/1.1" 200 4530
INFO 2025-12-04 18:58:27,992 basehttp 22512 12608 "GET /static/admin/js/SelectFilter2.js HTTP/1.1" 200 15845
INFO 2025-12-04 18:58:28,051 basehttp 22512 12608 "GET /static/admin/img/search.svg HTTP/1.1" 304 0
INFO 2025-12-04 18:58:28,091 basehttp 22512 1196 "GET /static/admin/img/selector-icons.svg HTTP/1.1" 200 3291
INFO 2025-12-04 18:58:47,187 basehttp 22512 1196 "GET /admin/store/product/ HTTP/1.1" 200 14014
INFO 2025-12-04 18:58:47,206 basehttp 22512 1196 "GET /static/admin/css/changelists.css HTTP/1.1" 304 0
INFO 2025-12-04 18:58:47,214 basehttp 22512 12608 "GET /admin/jsi18n/ HTTP/1.1" 200 3342
INFO 2025-12-04 18:58:47,220 basehttp 22512 1196 "GET /static/admin/js/filters.js HTTP/1.1" 304 0
INFO 2025-12-04 18:58:47,258 basehttp 22512 1196 "GET /static/admin/img/tooltag-add.svg HTTP/1.1" 304 0
INFO 2025-12-04 18:58:47,259 basehttp 22512 12608 "GET /static/admin/img/icon-viewlink.svg HTTP/1.1" 304 0
INFO 2025-12-04 18:58:51,530 basehttp 22512 12608 "GET /admin/store/orderitem/ HTTP/1.1" 200 10755
INFO 2025-12-04 18:58:51,557 basehttp 22512 12608 "GET /admin/jsi18n/ HTTP/1.1" 200 3342
INFO 2025-12-04 18:58:55,396 basehttp 22512 20980 "GET /admin/store/customerprofile/ HTTP/1.1" 200 12851
INFO 2025-12-04 18:58:55,421 basehttp 22512 20980 "GET /admin/jsi18n/ HTTP/1.1" 200 3342
INFO 2025-12-04 18:59:19,988 basehttp 22512 14468 "GET /admin/auth/user/add/ HTTP/1.1" 200 15010
INFO 2025-12-04 18:59:20,011 basehttp 22512 14468 "GET /admin/jsi18n/ HTTP/1.1" 200 3342
INFO 2025-12-04 18:59:31,332 basehttp 22512 14468 "GET /admin/auth/ HTTP/1.1" 200 6117
INFO 2025-12-04 18:59:36,374 basehttp 22512 14468 "GET /admin/auth/user/add/ HTTP/1.1" 200 15010
INFO 2025-12-04 19:00:03,408 basehttp 22512 14468 "GET /admin/auth/user/ HTTP/1.1" 200 14784
INFO 2025-12-04 19:00:03,430 basehttp 22512 13856 "GET /static/admin/img/icon-no.svg HTTP/1.1" 304 0
INFO 2025-12-04 19:00:03,437 basehttp 22512 14468 "GET /admin/jsi18n/ HTTP/1.1" 200 3342
INFO 2025-12-04 19:00:03,437 basehttp 22512 15240 "GET /static/admin/img/icon-yes.svg HTTP/1.1" 304 0
INFO 2025-12-04 19:00:03,462 basehttp 22512 14468 "GET /static/admin/img/sorting-icons.svg HTTP/1.1" 304 0
INFO 2025-12-04 19:00:05,972 basehttp 22512 14468 "GET /admin/auth/user/2/change/ HTTP/1.1" 200 26704
INFO 2025-12-04 19:00:05,998 basehttp 22512 14468 "GET /admin/jsi18n/ HTTP/1.1" 200 3342
INFO 2025-12-04 19:00:06,064 basehttp 22512 15240 "GET /static/admin/js/calendar.js HTTP/1.1" 200 9141
INFO 2025-12-04 19:00:06,071 basehttp 22512 13856 "GET /static/admin/js/admin/DateTimeShortcuts.js HTTP/1.1" 200 19319
INFO 2025-12-04 19:00:06,143 basehttp 22512 15240 "GET /static/admin/img/icon-clock.svg HTTP/1.1" 200 677
INFO 2025-12-04 19:00:06,144 basehttp 22512 13856 "GET /static/admin/img/icon-calendar.svg HTTP/1.1" 200 1086
INFO 2025-12-04 19:00:40,158 basehttp 22512 7048 "GET /admin/store/product/ HTTP/1.1" 200 14014
INFO 2025-12-04 19:00:40,196 basehttp 22512 7048 "GET /admin/jsi18n/ HTTP/1.1" 200 3342
INFO 2025-12-04 19:02:30,464 views 22512 23136 Product created: The Housemaid: by admin
INFO 2025-12-04 19:02:30,468 basehttp 22512 23136 "POST /staff/products/add/ HTTP/1.1" 302 0
INFO 2025-12-04 19:02:30,491 basehttp 22512 23136 "GET /staff/products/ HTTP/1.1" 200 2175
INFO 2025-12-04 19:02:39,430 basehttp 22512 10136 "GET / HTTP/1.1" 200 6059
INFO 2025-12-04 19:02:39,695 basehttp 22512 10136 "GET /media/products/41NOgOAkpL._SY445_SX342_ML2_.jpg HTTP/1.1" 200 19885
INFO 2025-12-04 19:13:39,343 basehttp 22512 13644 "GET /staff/products/add/ HTTP/1.1" 200 1296
INFO 2025-12-04 19:14:51,414 views 22512 1608 Product created: Into the Fire: by admin
INFO 2025-12-04 19:14:51,493 basehttp 22512 1608 "POST /staff/products/add/ HTTP/1.1" 302 0
INFO 2025-12-04 19:14:51,587 basehttp 22512 1608 "GET /staff/products/ HTTP/1.1" 200 2605
INFO 2025-12-04 19:14:56,293 basehttp 22512 1608 "GET / HTTP/1.1" 200 7031
INFO 2025-12-04 19:14:56,323 basehttp 22512 23216 "GET /media/products/41NOgOAkpL._SY445_SX342_ML2_.jpg HTTP/1.1" 304 0
INFO 2025-12-04 19:14:56,350 basehttp 22512 1608 "GET /media/products/41ObsCYcV1L._SY445_SX342_ML2_.jpg HTTP/1.1" 200 22370
INFO 2025-12-04 19:15:37,446 basehttp 22512 7440 "GET /staff/products/add/ HTTP/1.1" 200 1296
INFO 2025-12-04 19:17:36,624 views 22512 23744 Product created: The Countdown Killer: by admin
INFO 2025-12-04 19:17:36,628 basehttp 22512 23744 "POST /staff/products/add/ HTTP/1.1" 302 0
INFO 2025-12-04 19:17:36,649 basehttp 22512 23744 "GET /staff/products/ HTTP/1.1" 200 3042
INFO 2025-12-04 19:17:42,495 basehttp 22512 20584 "GET / HTTP/1.1" 200 8010
INFO 2025-12-04 19:17:42,517 basehttp 22512 20584 "GET /media/products/41NOgOAkpL._SY445_SX342_ML2_.jpg HTTP/1.1" 304 0
INFO 2025-12-04 19:17:42,517 basehttp 22512 25220 "GET /media/products/41ObsCYcV1L._SY445_SX342_ML2_.jpg HTTP/1.1" 304 0
INFO 2025-12-04 19:17:42,547 basehttp 22512 18316 "GET /media/products/510L6Sk8hL._SY445_SX342_ML2_.jpg HTTP/1.1" 200 28812
INFO 2025-12-04 19:18:08,315 basehttp 22512 20644 "GET /staff/products/add/ HTTP/1.1" 200 1296
INFO 2025-12-04 19:19:42,069 views 22512 13436 Product created: The Puppet Master by admin
INFO 2025-12-04 19:19:42,071 basehttp 22512 13436 "POST /staff/products/add/ HTTP/1.1" 302 0
INFO 2025-12-04 19:19:42,109 basehttp 22512 13436 "GET /staff/products/ HTTP/1.1" 200 3475
INFO 2025-12-04 19:19:45,106 basehttp 22512 13436 "GET / HTTP/1.1" 200 8971
INFO 2025-12-04 19:19:45,128 basehttp 22512 13436 "GET /media/products/41NOgOAkpL._SY445_SX342_ML2_.jpg HTTP/1.1" 304 0
INFO 2025-12-04 19:19:45,130 basehttp 22512 960 "GET /media/products/41ObsCYcV1L._SY445_SX342_ML2_.jpg HTTP/1.1" 304 0
INFO 2025-12-04 19:19:45,138 basehttp 22512 12888 "GET /media/products/510L6Sk8hL._SY445_SX342_ML2_.jpg HTTP/1.1" 304 0
INFO 2025-12-04 19:19:45,177 basehttp 22512 8468 "GET /media/products/81S88P1FQwL._SY466_.jpg HTTP/1.1" 200 31476
INFO 2025-12-04 19:20:17,088 basehttp 22512 11728 "GET /staff/products/add/ HTTP/1.1" 200 1296
INFO 2025-12-04 19:21:05,164 views 22512 21508 Product created: The Echo Man by admin
INFO 2025-12-04 19:21:05,166 basehttp 22512 21508 "POST /staff/products/add/ HTTP/1.1" 302 0
INFO 2025-12-04 19:21:05,335 basehttp 22512 21508 "GET /staff/products/ HTTP/1.1" 200 3903
INFO 2025-12-04 19:21:09,350 basehttp 22512 16260 "GET / HTTP/1.1" 200 9913
INFO 2025-12-04 19:21:09,402 basehttp 22512 24292 "GET /media/products/41ObsCYcV1L._SY445_SX342_ML2_.jpg HTTP/1.1" 304 0
INFO 2025-12-04 19:21:09,416 basehttp 22512 17412 "GET /media/products/510L6Sk8hL._SY445_SX342_ML2_.jpg HTTP/1.1" 304 0
INFO 2025-12-04 19:21:09,418 basehttp 22512 3656 "GET /media/products/81S88P1FQwL._SY466_.jpg HTTP/1.1" 304 0
INFO 2025-12-04 19:21:09,445 basehttp 22512 16260 "GET /media/products/81YyU0v02gL._SY466_.jpg HTTP/1.1" 200 29873
INFO 2025-12-04 19:23:19,555 basehttp 22512 12432 "GET /staff/products/add/ HTTP/1.1" 200 1296
INFO 2025-12-04 19:28:43,957 views 22512 3804 Product created: Harry Potter and the Chamber of Secrets by admin
INFO 2025-12-04 19:28:43,961 basehttp 22512 3804 "POST /staff/products/add/ HTTP/1.1" 302 0
INFO 2025-12-04 19:28:43,985 basehttp 22512 3804 "GET /staff/products/ HTTP/1.1" 200 4359
INFO 2025-12-04 19:28:48,307 basehttp 22512 8136 "GET / HTTP/1.1" 200 10888
INFO 2025-12-04 19:28:48,357 basehttp 22512 9304 "GET /media/products/41ObsCYcV1L._SY445_SX342_ML2_.jpg HTTP/1.1" 304 0
INFO 2025-12-04 19:28:48,360 basehttp 22512 8136 "GET /media/products/41NOgOAkpL._SY445_SX342_ML2_.jpg HTTP/1.1" 304 0
INFO 2025-12-04 19:28:48,360 basehttp 22512 7280 "GET /media/products/510L6Sk8hL._SY445_SX342_ML2_.jpg HTTP/1.1" 304 0
INFO 2025-12-04 19:28:48,383 basehttp 22512 13744 "GET /media/products/81S88P1FQwL._SY466_.jpg HTTP/1.1" 304 0
INFO 2025-12-04 19:28:48,388 basehttp 22512 13380 "GET /media/products/81YyU0v02gL._SY466_.jpg HTTP/1.1" 304 0
INFO 2025-12-04 19:28:48,407 basehttp 22512 13644 "GET /media/products/OIP.webp HTTP/1.1" 200 9070
INFO 2025-12-04 19:29:11,332 basehttp 22512 21508 "GET /media/products/OIP.webp HTTP/1.1" 304 0
INFO 2025-12-04 19:29:40,423 basehttp 22512 11768 "GET /staff/products/9/edit/ HTTP/1.1" 200 1885
INFO 2025-12-04 19:29:46,273 views 22512 10440 Product updated: Harry Potter and the Chamber of Secrets by admin
INFO 2025-12-04 19:29:46,276 basehttp 22512 10440 "POST /staff/products/9/edit/ HTTP/1.1" 302 0
INFO 2025-12-04 19:29:46,308 basehttp 22512 10440 "GET /staff/products/ HTTP/1.1" 200 4359
INFO 2025-12-04 19:29:49,380 basehttp 22512 10440 "GET / HTTP/1.1" 200 10888
INFO 2025-12-04 19:29:49,405 basehttp 22512 24068 "GET /media/products/81YyU0v02gL._SY466_.jpg HTTP/1.1" 304 0
INFO 2025-12-04 19:29:49,405 basehttp 22512 10440 "GET /media/products/81S88P1FQwL._SY466_.jpg HTTP/1.1" 304 0
INFO 2025-12-04 19:29:49,408 basehttp 22512 23728 "GET /media/products/OIP.webp HTTP/1.1" 304 0
INFO 2025-12-04 19:31:28,692 basehttp 22512 20852 "GET /staff/products/9/edit/ HTTP/1.1" 200 2218
INFO 2025-12-04 19:31:40,651 views 22512 6976 Product updated: Harry Potter and the Chamber of Secrets by admin
INFO 2025-12-04 19:31:40,655 basehttp 22512 6976 "POST /staff/products/9/edit/ HTTP/1.1" 302 0
INFO 2025-12-04 19:31:40,676 basehttp 22512 6976 "GET /staff/products/ HTTP/1.1" 200 4359
INFO 2025-12-04 19:31:43,846 basehttp 22512 6976 "GET / HTTP/1.1" 200 10890
INFO 2025-12-04 19:31:43,873 basehttp 22512 17548 "GET /media/products/41ObsCYcV1L._SY445_SX342_ML2_.jpg HTTP/1.1" 304 0
INFO 2025-12-04 19:31:43,874 basehttp 22512 6976 "GET /media/products/41NOgOAkpL._SY445_SX342_ML2_.jpg HTTP/1.1" 304 0
INFO 2025-12-04 19:31:43,888 basehttp 22512 20920 "GET /media/products/81S88P1FQwL._SY466_.jpg HTTP/1.1" 304 0
INFO 2025-12-04 19:31:43,893 basehttp 22512 17548 "GET /media/products/510L6Sk8hL._SY445_SX342_ML2_.jpg HTTP/1.1" 304 0
INFO 2025-12-04 19:31:43,892 basehttp 22512 2084 "GET /media/products/81YyU0v02gL._SY466_.jpg HTTP/1.1" 304 0
INFO 2025-12-04 19:31:44,132 basehttp 22512 6976 "GET /media/products/OIP_1.webp HTTP/1.1" 200 47002
INFO 2025-12-04 19:32:04,550 basehttp 22512 15484 "GET /staff/products/ HTTP/1.1" 200 4359
WARNING 2025-12-04 19:32:25,803 log 22512 17228 Not Found: /staff
WARNING 2025-12-04 19:32:25,804 basehttp 22512 17228 "GET /staff HTTP/1.1" 404 6608
INFO 2025-12-04 19:32:34,162 basehttp 22512 19060 "GET /staff/products/ HTTP/1.1" 200 4359
WARNING 2025-12-04 19:32:38,158 log 22512 24260 Not Found: /staff/
WARNING 2025-12-04 19:32:38,160 basehttp 22512 24260 "GET /staff/ HTTP/1.1" 404 6611
INFO 2025-12-04 19:32:50,966 basehttp 22512 22844 "GET /staff/products/ HTTP/1.1" 200 4359
INFO 2025-12-04 19:33:04,361 basehttp 22512 3000 "GET / HTTP/1.1" 200 10890
INFO 2025-12-04 19:33:04,409 basehttp 22512 3000 "GET /media/products/81S88P1FQwL._SY466_.jpg HTTP/1.1" 304 0
INFO 2025-12-04 19:33:04,416 basehttp 22512 16076 "GET /media/products/OIP_1.webp HTTP/1.1" 304 0
INFO 2025-12-04 19:33:04,417 basehttp 22512 3000 "GET /media/products/81YyU0v02gL._SY466_.jpg HTTP/1.1" 304 0
INFO 2025-12-04 19:33:11,092 basehttp 22512 24540 "GET /staff/products/ HTTP/1.1" 200 4359
INFO 2025-12-04 19:33:17,874 basehttp 22512 20844 "GET /admin/ HTTP/1.1" 200 12024
INFO 2025-12-04 19:33:22,779 basehttp 22512 20844 "GET /admin/ HTTP/1.1" 200 11327
INFO 2025-12-04 19:33:28,414 basehttp 22512 25008 "GET /admin/store/product/ HTTP/1.1" 200 16313
INFO 2025-12-04 19:33:28,696 basehttp 22512 25008 "GET /admin/jsi18n/ HTTP/1.1" 200 3342
INFO 2025-12-04 19:33:40,441 basehttp 22512 18888 "GET /admin/store/cartitem/ HTTP/1.1" 200 10748
INFO 2025-12-04 19:33:40,466 basehttp 22512 18888 "GET /admin/jsi18n/ HTTP/1.1" 200 3342
INFO 2025-12-04 19:33:43,278 basehttp 22512 18888 "GET /admin/store/cart/ HTTP/1.1" 200 12945
INFO 2025-12-04 19:33:43,298 basehttp 22512 18888 "GET /admin/jsi18n/ HTTP/1.1" 200 3342
INFO 2025-12-04 19:33:47,146 basehttp 22512 22820 "GET /admin/store/customerprofile/ HTTP/1.1" 200 12851
INFO 2025-12-04 19:33:47,170 basehttp 22512 22820 "GET /admin/jsi18n/ HTTP/1.1" 200 3342
INFO 2025-12-04 19:33:51,276 basehttp 22512 22820 "GET /admin/store/customerprofile/2/change/ HTTP/1.1" 200 14321
INFO 2025-12-04 19:33:51,301 basehttp 22512 22820 "GET /admin/jsi18n/ HTTP/1.1" 200 3342
INFO 2025-12-04 19:34:01,022 basehttp 22512 8480 "GET /admin/auth/user/2/change/?_to_field=id HTTP/1.1" 200 26753
INFO 2025-12-04 19:34:01,056 basehttp 22512 8480 "GET /admin/jsi18n/ HTTP/1.1" 200 3342
INFO 2025-12-04 19:34:15,636 basehttp 22512 22216 "GET /admin/auth/user/2/password/ HTTP/1.1" 200 11888
INFO 2025-12-04 19:34:20,030 basehttp 22512 25272 "GET /admin/auth/user/2/change/?_to_field=id HTTP/1.1" 200 26753
INFO 2025-12-04 19:34:24,720 basehttp 22512 25272 "GET /admin/store/orderitem/ HTTP/1.1" 200 10755
INFO 2025-12-04 19:34:24,743 basehttp 22512 25272 "GET /admin/jsi18n/ HTTP/1.1" 200 3342
INFO 2025-12-04 19:34:27,839 basehttp 22512 2184 "GET /admin/store/order/ HTTP/1.1" 200 11998
INFO 2025-12-04 19:34:27,861 basehttp 22512 2184 "GET /admin/jsi18n/ HTTP/1.1" 200 3342
INFO 2025-12-04 19:34:28,924 basehttp 22512 2184 "GET /admin/store/product/ HTTP/1.1" 200 16313
INFO 2025-12-04 19:34:28,946 basehttp 22512 2184 "GET /admin/jsi18n/ HTTP/1.1" 200 3342
INFO 2025-12-04 19:34:30,478 basehttp 22512 2184 "GET /admin/store/order/ HTTP/1.1" 200 11998
INFO 2025-12-04 19:34:30,505 basehttp 22512 2184 "GET /admin/jsi18n/ HTTP/1.1" 200 3342
INFO 2025-12-04 19:34:41,605 basehttp 22512 20012 "GET /admin/store/cartitem/ HTTP/1.1" 200 10748
INFO 2025-12-04 19:34:41,634 basehttp 22512 20012 "GET /admin/jsi18n/ HTTP/1.1" 200 3342
INFO 2025-12-04 19:34:43,338 basehttp 22512 20012 "GET /admin/store/cart/ HTTP/1.1" 200 12945
INFO 2025-12-04 19:34:43,360 basehttp 22512 20012 "GET /admin/jsi18n/ HTTP/1.1" 200 3342
INFO 2025-12-04 19:34:44,247 basehttp 22512 20012 "GET /admin/store/customerprofile/ HTTP/1.1" 200 12851
INFO 2025-12-04 19:34:44,268 basehttp 22512 20012 "GET /admin/jsi18n/ HTTP/1.1" 200 3342
INFO 2025-12-04 19:34:45,209 basehttp 22512 20012 "GET /admin/store/orderitem/ HTTP/1.1" 200 10755
INFO 2025-12-04 19:34:45,230 basehttp 22512 20012 "GET /admin/jsi18n/ HTTP/1.1" 200 3342
INFO 2025-12-04 19:34:47,341 basehttp 22512 13060 "GET /admin/store/product/ HTTP/1.1" 200 16313
INFO 2025-12-04 19:34:47,364 basehttp 22512 13060 "GET /admin/jsi18n/ HTTP/1.1" 200 3342
INFO 2025-12-04 19:34:49,696 basehttp 22512 13060 "GET /admin/store/product/9/change/ HTTP/1.1" 200 14334
INFO 2025-12-04 19:34:49,713 basehttp 22512 13060 "GET /admin/jsi18n/ HTTP/1.1" 200 3342
INFO 2025-12-04 19:34:52,839 basehttp 22512 13060 "POST /admin/store/product/9/change/ HTTP/1.1" 302 0
INFO 2025-12-04 19:34:52,873 basehttp 22512 13060 "GET /admin/store/product/ HTTP/1.1" 200 16547
INFO 2025-12-04 19:34:52,897 basehttp 22512 13060 "GET /admin/jsi18n/ HTTP/1.1" 200 3342
INFO 2025-12-04 19:35:03,974 basehttp 22512 17916 "GET /admin/store/orderitem/add/ HTTP/1.1" 200 15889
INFO 2025-12-04 19:35:04,018 basehttp 22512 17916 "GET /admin/jsi18n/ HTTP/1.1" 200 3342
INFO 2025-12-04 19:35:04,092 basehttp 22512 6428 "GET /static/admin/img/icon-deletelink.svg HTTP/1.1" 200 392
INFO 2025-12-04 19:35:26,555 basehttp 22512 23672 "GET /admin/store/product/5/delete/?_to_field=id&_popup=1 HTTP/1.1" 200 3642
INFO 2025-12-04 19:35:26,712 basehttp 22512 23672 "GET /static/admin/js/cancel.js HTTP/1.1" 200 884
INFO 2025-12-04 19:35:39,356 basehttp 22512 24712 "GET /admin/store/order/ HTTP/1.1" 200 11998
INFO 2025-12-04 19:35:39,380 basehttp 22512 24712 "GET /admin/jsi18n/ HTTP/1.1" 200 3342
INFO 2025-12-04 19:35:41,530 basehttp 22512 24712 "GET /admin/store/orderitem/ HTTP/1.1" 200 10755
INFO 2025-12-04 19:35:41,549 basehttp 22512 24712 "GET /admin/jsi18n/ HTTP/1.1" 200 3342
INFO 2025-12-04 19:35:43,253 basehttp 22512 24712 "GET /admin/store/product/ HTTP/1.1" 200 16313
INFO 2025-12-04 19:35:43,275 basehttp 22512 24712 "GET /admin/jsi18n/ HTTP/1.1" 200 3342
INFO 2025-12-04 19:35:50,326 views 22512 17972 Product added to cart: The Long Shoe Hardcover – 9 Oct. 2025 (qty: 1)
INFO 2025-12-04 19:35:50,342 basehttp 22512 17972 "POST /add-to-cart/ HTTP/1.1" 302 0
INFO 2025-12-04 19:35:50,371 basehttp 22512 17972 "GET / HTTP/1.1" 200 10890
INFO 2025-12-04 19:35:50,393 basehttp 22512 22048 "GET /media/products/41ObsCYcV1L._SY445_SX342_ML2_.jpg HTTP/1.1" 304 0
INFO 2025-12-04 19:35:50,394 basehttp 22512 17972 "GET /media/products/41NOgOAkpL._SY445_SX342_ML2_.jpg HTTP/1.1" 304 0
INFO 2025-12-04 19:35:50,410 basehttp 22512 17972 "GET /media/products/510L6Sk8hL._SY445_SX342_ML2_.jpg HTTP/1.1" 304 0
INFO 2025-12-04 19:35:50,420 basehttp 22512 2688 "GET /media/products/OIP_1.webp HTTP/1.1" 304 0
INFO 2025-12-04 19:35:50,423 basehttp 22512 13164 "GET /media/products/81YyU0v02gL._SY466_.jpg HTTP/1.1" 304 0
INFO 2025-12-04 19:35:50,430 basehttp 22512 22048 "GET /media/products/81S88P1FQwL._SY466_.jpg HTTP/1.1" 304 0
INFO 2025-12-04 19:36:03,375 basehttp 22512 11632 "GET / HTTP/1.1" 200 10890
INFO 2025-12-04 19:36:04,375 basehttp 22512 22048 - Broken pipe from ('127.0.0.1', 63367)
INFO 2025-12-04 19:36:04,375 basehttp 22512 13164 - Broken pipe from ('127.0.0.1', 50894)
INFO 2025-12-04 19:36:05,857 basehttp 22512 11632 "GET / HTTP/1.1" 200 10890
INFO 2025-12-04 19:36:08,713 basehttp 22512 20316 "GET /staff/orders/ HTTP/1.1" 200 423
INFO 2025-12-04 19:36:11,493 basehttp 22512 20316 "GET / HTTP/1.1" 200 10890
INFO 2025-12-04 19:36:14,021 basehttp 22512 20316 "GET /cart/ HTTP/1.1" 200 2459
INFO 2025-12-04 19:36:17,977 basehttp 22512 528 "GET /checkout/ HTTP/1.1" 200 850
INFO 2025-12-04 19:36:32,597 views 22512 15780 Order created: 1 by admin
INFO 2025-12-04 19:36:32,599 basehttp 22512 15780 "POST /checkout/ HTTP/1.1" 302 0
INFO 2025-12-04 19:36:32,634 basehttp 22512 15780 "GET /checkout/success/ HTTP/1.1" 200 322
INFO 2025-12-04 19:36:41,320 basehttp 22512 19936 "GET /staff/orders/ HTTP/1.1" 200 1019
INFO 2025-12-04 19:36:47,190 basehttp 22512 14696 "GET / HTTP/1.1" 200 10890
INFO 2025-12-04 19:36:47,205 basehttp 22512 14696 "GET /media/products/OIP_1.webp HTTP/1.1" 304 0
INFO 2025-12-04 19:36:49,667 basehttp 22512 14696 "GET /staff/products/ HTTP/1.1" 200 4359
INFO 2025-12-04 19:36:53,139 basehttp 22512 14696 "GET /staff/orders/ HTTP/1.1" 200 1019
INFO 2025-12-04 19:37:00,416 basehttp 22512 16432 "GET /admin/store/order/ HTTP/1.1" 200 14065
INFO 2025-12-04 19:37:00,441 basehttp 22512 16432 "GET /admin/jsi18n/ HTTP/1.1" 200 3342
INFO 2025-12-04 19:37:07,765 basehttp 22512 8468 "GET /admin/store/order/?status__exact=pending HTTP/1.1" 200 14249
INFO 2025-12-04 19:37:07,786 basehttp 22512 8468 "GET /admin/jsi18n/ HTTP/1.1" 200 3342
INFO 2025-12-04 19:37:13,423 basehttp 22512 8468 "POST /admin/store/order/?status__exact=pending HTTP/1.1" 302 0
INFO 2025-12-04 19:37:13,460 basehttp 22512 8468 "GET /admin/store/order/?status__exact=pending HTTP/1.1" 200 14374
INFO 2025-12-04 19:37:13,486 basehttp 22512 8468 "GET /admin/jsi18n/ HTTP/1.1" 200 3342
INFO 2025-12-04 19:37:13,569 basehttp 22512 8468 "GET /static/admin/img/icon-alert.svg HTTP/1.1" 200 504
INFO 2025-12-04 19:37:29,527 basehttp 22512 20676 "GET /admin/store/order/? HTTP/1.1" 200 13823
INFO 2025-12-04 19:37:29,553 basehttp 22512 20676 "GET /admin/jsi18n/ HTTP/1.1" 200 3342
INFO 2025-12-04 19:37:31,478 basehttp 22512 20676 "GET /admin/store/order/?status__exact=pending HTTP/1.1" 200 14249
INFO 2025-12-04 19:37:31,501 basehttp 22512 20676 "GET /admin/jsi18n/ HTTP/1.1" 200 3342
INFO 2025-12-04 19:37:40,099 basehttp 22512 25552 "GET /admin/store/orderitem/add/ HTTP/1.1" 200 15937
INFO 2025-12-04 19:37:40,122 basehttp 22512 25552 "GET /admin/jsi18n/ HTTP/1.1" 200 3342
INFO 2025-12-04 19:37:44,856 basehttp 22512 25552 "GET /admin/store/orderitem/ HTTP/1.1" 200 12662
INFO 2025-12-04 19:37:44,879 basehttp 22512 25552 "GET /admin/jsi18n/ HTTP/1.1" 200 3342
INFO 2025-12-04 19:37:54,992 basehttp 22512 4192 "GET /admin/store/order/ HTTP/1.1" 200 13823
INFO 2025-12-04 19:37:55,017 basehttp 22512 4192 "GET /admin/jsi18n/ HTTP/1.1" 200 3342
INFO 2025-12-04 19:37:56,987 basehttp 22512 8972 "GET /admin/store/orderitem/ HTTP/1.1" 200 12662
INFO 2025-12-04 19:37:57,010 basehttp 22512 8972 "GET /admin/jsi18n/ HTTP/1.1" 200 3342
INFO 2025-12-04 19:37:58,654 basehttp 22512 8972 "GET /admin/store/product/ HTTP/1.1" 200 16313
INFO 2025-12-04 19:37:58,678 basehttp 22512 8972 "GET /admin/jsi18n/ HTTP/1.1" 200 3342
INFO 2025-12-04 19:38:01,055 basehttp 22512 8972 "GET /admin/store/orderitem/ HTTP/1.1" 200 12662
INFO 2025-12-04 19:38:01,077 basehttp 22512 8972 "GET /admin/jsi18n/ HTTP/1.1" 200 3342
INFO 2025-12-04 19:38:05,311 basehttp 22512 8972 "GET /staff/orders/ HTTP/1.1" 200 1019
INFO 2025-12-04 19:38:08,345 basehttp 22512 19584 "GET / HTTP/1.1" 200 10890
INFO 2025-12-04 19:38:08,369 basehttp 22512 19584 "GET /media/products/41ObsCYcV1L._SY445_SX342_ML2_.jpg HTTP/1.1" 304 0
INFO 2025-12-04 19:38:08,369 basehttp 22512 3008 "GET /media/products/510L6Sk8hL._SY445_SX342_ML2_.jpg HTTP/1.1" 304 0
INFO 2025-12-04 19:38:08,378 basehttp 22512 3008 "GET /media/products/81YyU0v02gL._SY466_.jpg HTTP/1.1" 304 0
INFO 2025-12-04 19:38:08,378 basehttp 22512 19584 "GET /media/products/OIP_1.webp HTTP/1.1" 304 0
INFO 2025-12-04 19:38:08,378 basehttp 22512 12824 "GET /media/products/81S88P1FQwL._SY466_.jpg HTTP/1.1" 304 0
INFO 2025-12-04 19:38:11,581 basehttp 22512 12824 "GET /cart/ HTTP/1.1" 200 497
INFO 2025-12-04 19:38:15,053 basehttp 22512 12824 "GET / HTTP/1.1" 200 10890
INFO 2025-12-04 19:38:17,373 basehttp 22512 4012 "GET /staff/orders/ HTTP/1.1" 200 1019
INFO 2025-12-04 19:38:45,652 basehttp 22512 23584 "GET /admin/store/orderitem/ HTTP/1.1" 200 12662
INFO 2025-12-04 19:38:45,677 basehttp 22512 23584 "GET /admin/jsi18n/ HTTP/1.1" 200 3342
INFO 2025-12-04 19:38:47,182 basehttp 22512 14480 "GET /admin/store/order/ HTTP/1.1" 200 13823
INFO 2025-12-04 19:38:47,204 basehttp 22512 14480 "GET /admin/jsi18n/ HTTP/1.1" 200 3342
INFO 2025-12-04 19:38:49,111 basehttp 22512 14480 "GET /admin/store/order/?status__exact=cancelled HTTP/1.1" 200 12823
INFO 2025-12-04 19:38:49,134 basehttp 22512 14480 "GET /admin/jsi18n/ HTTP/1.1" 200 3342
INFO 2025-12-04 19:38:52,547 basehttp 22512 14480 "GET /admin/store/order/?status__exact=pending HTTP/1.1" 200 14249
INFO 2025-12-04 19:38:52,570 basehttp 22512 14480 "GET /admin/jsi18n/ HTTP/1.1" 200 3342
INFO 2025-12-04 19:39:00,485 basehttp 22512 5212 "GET /admin/store/order/add/ HTTP/1.1" 200 12384
INFO 2025-12-04 19:39:00,514 basehttp 22512 5212 "GET /admin/jsi18n/ HTTP/1.1" 200 3342
INFO 2025-12-04 19:39:13,461 basehttp 22512 22308 "GET /admin/store/orderitem/ HTTP/1.1" 200 12662
INFO 2025-12-04 19:39:13,490 basehttp 22512 22308 "GET /admin/jsi18n/ HTTP/1.1" 200 3342
INFO 2025-12-04 19:39:24,344 basehttp 22512 15032 "POST /admin/store/orderitem/ HTTP/1.1" 200 10550
INFO 2025-12-04 19:39:26,584 basehttp 22512 15032 "POST /admin/store/orderitem/ HTTP/1.1" 302 0
INFO 2025-12-04 19:39:26,615 basehttp 22512 15032 "GET /admin/store/orderitem/ HTTP/1.1" 200 10895
INFO 2025-12-04 19:39:26,655 basehttp 22512 15032 "GET /admin/jsi18n/ HTTP/1.1" 200 3342
INFO 2025-12-04 19:39:30,997 basehttp 22512 9788 "GET /admin/store/orderitem/ HTTP/1.1" 200 10755
INFO 2025-12-04 19:39:31,022 basehttp 22512 9788 "GET /admin/jsi18n/ HTTP/1.1" 200 3342
INFO 2025-12-04 19:39:33,859 basehttp 22512 9788 "GET /admin/store/order/ HTTP/1.1" 200 13823
INFO 2025-12-04 19:39:33,888 basehttp 22512 9788 "GET /admin/jsi18n/ HTTP/1.1" 200 3342
INFO 2025-12-04 19:39:42,101 basehttp 22512 7264 "POST /admin/store/order/ HTTP/1.1" 200 10484
INFO 2025-12-04 19:39:44,161 basehttp 22512 7264 "POST /admin/store/order/ HTTP/1.1" 302 0
INFO 2025-12-04 19:39:44,185 basehttp 22512 7264 "GET /admin/store/order/ HTTP/1.1" 200 12133
INFO 2025-12-04 19:39:44,206 basehttp 22512 7264 "GET /admin/jsi18n/ HTTP/1.1" 200 3342
INFO 2025-12-04 19:39:46,587 basehttp 22512 7264 "GET /admin/store/orderitem/ HTTP/1.1" 200 10755
INFO 2025-12-04 19:39:46,612 basehttp 22512 7264 "GET /admin/jsi18n/ HTTP/1.1" 200 3342
INFO 2025-12-04 19:39:47,795 basehttp 22512 9172 "GET /admin/store/order/ HTTP/1.1" 200 11998
INFO 2025-12-04 19:39:47,817 basehttp 22512 9172 "GET /admin/jsi18n/ HTTP/1.1" 200 3342
INFO 2025-12-04 19:39:49,187 basehttp 22512 9172 "GET /admin/store/product/ HTTP/1.1" 200 16313
INFO 2025-12-04 19:39:49,206 basehttp 22512 9172 "GET /admin/jsi18n/ HTTP/1.1" 200 3342
INFO 2025-12-04 19:39:59,145 basehttp 22512 2336 "GET /?q=h HTTP/1.1" 200 10923
INFO 2025-12-04 19:39:59,167 basehttp 22512 2336 "GET /media/products/41NOgOAkpL._SY445_SX342_ML2_.jpg HTTP/1.1" 304 0
INFO 2025-12-04 19:39:59,169 basehttp 22512 15888 "GET /media/products/81S88P1FQwL._SY466_.jpg HTTP/1.1" 304 0
INFO 2025-12-04 19:39:59,177 basehttp 22512 15888 "GET /media/products/OIP_1.webp HTTP/1.1" 304 0
INFO 2025-12-04 19:39:59,180 basehttp 22512 2336 "GET /media/products/81YyU0v02gL._SY466_.jpg HTTP/1.1" 304 0
INFO 2025-12-04 19:40:02,534 basehttp 22512 2336 "GET /?q=h HTTP/1.1" 200 10923
INFO 2025-12-04 19:40:16,806 basehttp 22512 13472 "GET /?q=Harry+Potter+and+the+Chamber+of+Secrets HTTP/1.1" 200 4170
INFO 2025-12-04 19:40:29,446 basehttp 22512 7728 "GET /?q=Harry+Potter+and+the+Chamber+of+Secrets HTTP/1.1" 200 4170
INFO 2025-12-04 19:40:41,613 basehttp 22512 9224 "GET /?q=The+Long+Shoe+Hardcover+%E2%80%93+9+Oct.+2025 HTTP/1.1" 200 4190
INFO 2025-12-04 19:40:44,850 basehttp 22512 9224 "GET /?q=The+Long+Shoe+Hardcover+ HTTP/1.1" 200 4154
INFO 2025-12-04 19:40:48,380 basehttp 22512 18952 "GET /?q=The+Long+ HTTP/1.1" 200 4124
INFO 2025-12-04 19:40:51,086 basehttp 22512 18952 "GET /?q=The+ HTTP/1.1" 200 10950
INFO 2025-12-04 19:40:51,111 basehttp 22512 21324 "GET /media/products/510L6Sk8hL._SY445_SX342_ML2_.jpg HTTP/1.1" 304 0
INFO 2025-12-04 19:40:51,112 basehttp 22512 18952 "GET /media/products/41ObsCYcV1L._SY445_SX342_ML2_.jpg HTTP/1.1" 304 0
INFO 2025-12-04 19:40:51,116 basehttp 22512 18284 "GET /media/products/OIP_1.webp HTTP/1.1" 304 0
INFO 2025-12-04 19:41:11,176 basehttp 22512 13756 "GET /?q=Into+the+Fire HTTP/1.1" 200 4113
INFO 2025-12-04 19:43:14,825 basehttp 22512 21476 "GET /profile/ HTTP/1.1" 200 1145
WARNING 2025-12-04 19:43:21,910 log 22512 10328 Not Found: /home/
WARNING 2025-12-04 19:43:21,912 basehttp 22512 10328 "GET /home/ HTTP/1.1" 404 6608
INFO 2025-12-04 19:43:37,933 basehttp 22512 9260 "GET /admin/ HTTP/1.1" 200 12377
INFO 2025-12-04 19:43:44,010 basehttp 22512 9260 "GET /admin/store/product/ HTTP/1.1" 200 16313
INFO 2025-12-04 19:43:48,068 basehttp 22512 17440 "GET /admin/store/ HTTP/1.1" 200 8452
INFO 2025-12-04 19:43:50,464 basehttp 22512 17440 "GET /admin/store/product/ HTTP/1.1" 200 16313
INFO 2025-12-04 19:43:59,935 basehttp 22512 23916 "GET / HTTP/1.1" 200 10890
INFO 2025-12-04 19:43:59,969 basehttp 22512 23916 "GET /media/products/41NOgOAkpL._SY445_SX342_ML2_.jpg HTTP/1.1" 304 0
INFO 2025-12-04 19:43:59,972 basehttp 22512 18160 "GET /media/products/41ObsCYcV1L._SY445_SX342_ML2_.jpg HTTP/1.1" 304 0
INFO 2025-12-04 19:43:59,975 basehttp 22512 24932 "GET /media/products/510L6Sk8hL._SY445_SX342_ML2_.jpg HTTP/1.1" 304 0
INFO 2025-12-04 19:43:59,980 basehttp 22512 16412 "GET /media/products/81S88P1FQwL._SY466_.jpg HTTP/1.1" 304 0
INFO 2025-12-04 19:43:59,987 basehttp 22512 22884 "GET /media/products/OIP_1.webp HTTP/1.1" 304 0
INFO 2025-12-04 19:43:59,989 basehttp 22512 15316 "GET /media/products/81YyU0v02gL._SY466_.jpg HTTP/1.1" 304 0
INFO 2025-12-04 19:44:02,545 basehttp 22512 15316 "GET /admin/store/product/ HTTP/1.1" 200 16313
INFO 2025-12-04 20:05:46,869 views 22512 10820 User logged out: admin
INFO 2025-12-04 20:05:46,903 basehttp 22512 10820 "GET /logout/ HTTP/1.1" 302 0
INFO 2025-12-04 20:05:47,010 basehttp 22512 10820 "GET / HTTP/1.1" 200 10689
INFO 2025-12-04 20:05:47,037 basehttp 22512 10820 "GET /media/products/41NOgOAkpL._SY445_SX342_ML2_.jpg HTTP/1.1" 304 0
INFO 2025-12-04 20:05:47,040 basehttp 22512 9968 "GET /media/products/41ObsCYcV1L._SY445_SX342_ML2_.jpg HTTP/1.1" 304 0
INFO 2025-12-04 20:05:47,043 basehttp 22512 14600 "GET /media/products/510L6Sk8hL._SY445_SX342_ML2_.jpg HTTP/1.1" 304 0
INFO 2025-12-04 20:05:47,047 basehttp 22512 22716 "GET /media/products/81S88P1FQwL._SY466_.jpg HTTP/1.1" 304 0
INFO 2025-12-04 20:05:47,052 basehttp 22512 20756 "GET /media/products/81YyU0v02gL._SY466_.jpg HTTP/1.1" 304 0
INFO 2025-12-04 20:05:47,058 basehttp 22512 11828 "GET /media/products/OIP_1.webp HTTP/1.1" 304 0
INFO 2025-12-04 20:05:49,960 basehttp 22512 22592 "GET /login/ HTTP/1.1" 200 1312
INFO 2025-12-04 20:06:02,692 views 22512 15056 User logged in: admin
INFO 2025-12-04 20:06:02,718 basehttp 22512 15056 "POST /login/ HTTP/1.1" 302 0
INFO 2025-12-04 20:06:02,749 basehttp 22512 15056 "GET / HTTP/1.1" 200 10890
INFO 2025-12-04 20:06:07,296 basehttp 22512 15056 "GET /admin/ HTTP/1.1" 200 12498
INFO 2025-12-04 20:11:37,191 basehttp 22512 11512 "GET /admin/ HTTP/1.1" 200 12377
INFO 2025-12-04 20:11:40,230 basehttp 22512 11512 "GET /admin/auth/user/ HTTP/1.1" 200 14784
INFO 2025-12-04 20:11:40,348 basehttp 22512 11512 "GET /admin/jsi18n/ HTTP/1.1" 200 3342
INFO 2025-12-04 20:11:49,414 basehttp 22512 11512 "GET /admin/auth/user/2/change/ HTTP/1.1" 200 26704
INFO 2025-12-04 20:11:49,440 basehttp 22512 11512 "GET /admin/jsi18n/ HTTP/1.1" 200 3342
INFO 2025-12-04 20:12:29,065 basehttp 22512 11512 "GET /admin/ HTTP/1.1" 200 12377
INFO 2025-12-04 20:12:33,646 views 22512 11512 User logged out: admin
INFO 2025-12-04 20:12:33,647 basehttp 22512 11512 "GET /logout/ HTTP/1.1" 302 0
INFO 2025-12-04 20:12:33,682 basehttp 22512 11512 "GET / HTTP/1.1" 200 10689
INFO 2025-12-04 20:12:33,702 basehttp 22512 23440 "GET /media/products/41ObsCYcV1L._SY445_SX342_ML2_.jpg HTTP/1.1" 304 0
INFO 2025-12-04 20:12:33,703 basehttp 22512 11512 "GET /media/products/41NOgOAkpL._SY445_SX342_ML2_.jpg HTTP/1.1" 304 0
INFO 2025-12-04 20:12:33,716 basehttp 22512 19452 "GET /media/products/OIP_1.webp HTTP/1.1" 304 0
INFO 2025-12-04 20:12:33,716 basehttp 22512 14776 "GET /media/products/510L6Sk8hL._SY445_SX342_ML2_.jpg HTTP/1.1" 304 0
INFO 2025-12-04 20:12:33,717 basehttp 22512 11512 "GET /media/products/81S88P1FQwL._SY466_.jpg HTTP/1.1" 304 0
INFO 2025-12-04 20:12:33,718 basehttp 22512 23440 "GET /media/products/81YyU0v02gL._SY466_.jpg HTTP/1.1" 304 0
INFO 2025-12-04 20:12:37,096 basehttp 22512 23440 "GET /login/ HTTP/1.1" 200 1312
INFO 2025-12-04 20:12:41,261 views 22512 23440 User logged in: User
INFO 2025-12-04 20:12:41,271 basehttp 22512 23440 "POST /login/ HTTP/1.1" 302 0
INFO 2025-12-04 20:12:41,287 basehttp 22512 23440 "GET / HTTP/1.1" 200 10749
INFO 2025-12-04 20:12:43,989 basehttp 22512 23440 "GET /admin/ HTTP/1.1" 302 0
INFO 2025-12-04 20:12:44,104 basehttp 22512 23440 "GET /admin/login/?next=/admin/ HTTP/1.1" 200 3806
INFO 2025-12-04 20:12:44,120 basehttp 22512 23440 "GET /static/admin/css/login.css HTTP/1.1" 304 0
INFO 2025-12-04 20:12:57,893 views 22512 23440 User logged out: User
INFO 2025-12-04 20:12:57,895 basehttp 22512 23440 "GET /logout/ HTTP/1.1" 302 0
INFO 2025-12-04 20:12:57,909 basehttp 22512 23440 "GET / HTTP/1.1" 200 10689
INFO 2025-12-04 20:12:59,380 basehttp 22512 23440 "GET /login/ HTTP/1.1" 200 1312
INFO 2025-12-04 20:13:03,525 views 22512 23440 User logged in: admin
INFO 2025-12-04 20:13:03,535 basehttp 22512 23440 "POST /login/ HTTP/1.1" 302 0
INFO 2025-12-04 20:13:03,554 basehttp 22512 23440 "GET / HTTP/1.1" 200 10890
INFO 2025-12-04 20:13:06,641 basehttp 22512 23440 "GET /admin/ HTTP/1.1" 200 12498
INFO 2025-12-04 20:18:51,019 autoreload 22512 5112 C:\Users\USER\Desktop\myshop_app\store\views.py changed, reloading.
INFO 2025-12-04 20:18:57,245 autoreload 14404 23400 Watching for file changes with StatReloader
INFO 2025-12-04 20:19:03,540 autoreload 14404 23400 C:\Users\USER\Desktop\myshop_app\store\views.py changed, reloading.
INFO 2025-12-04 20:19:05,052 autoreload 24908 748 Watching for file changes with StatReloader
INFO 2025-12-04 20:19:36,531 autoreload 24908 748 C:\Users\USER\Desktop\myshop_app\myshop\settings.py changed, reloading.
INFO 2025-12-04 20:19:38,238 autoreload 21524 13984 Watching for file changes with StatReloader
INFO 2025-12-04 20:20:13,896 autoreload 21524 13984 C:\Users\USER\Desktop\myshop_app\store\views.py changed, reloading.
INFO 2025-12-04 20:20:15,299 autoreload 19180 18748 Watching for file changes with StatReloader
INFO 2025-12-04 20:20:43,364 basehttp 19180 15364 "GET / HTTP/1.1" 200 10890
INFO 2025-12-04 20:20:43,430 basehttp 19180 15364 "GET /media/products/41ObsCYcV1L._SY445_SX342_ML2_.jpg HTTP/1.1" 304 0
INFO 2025-12-04 20:20:43,432 basehttp 19180 20752 "GET /media/products/41NOgOAkpL._SY445_SX342_ML2_.jpg HTTP/1.1" 304 0
INFO 2025-12-04 20:20:43,493 basehttp 19180 20752 "GET /media/products/510L6Sk8hL._SY445_SX342_ML2_.jpg HTTP/1.1" 304 0
INFO 2025-12-04 20:20:43,496 basehttp 19180 15364 "GET /media/products/81S88P1FQwL._SY466_.jpg HTTP/1.1" 304 0
INFO 2025-12-04 20:20:43,501 basehttp 19180 8032 "GET /media/products/OIP_1.webp HTTP/1.1" 304 0
INFO 2025-12-04 20:20:43,506 basehttp 19180 22824 "GET /media/products/81YyU0v02gL._SY466_.jpg HTTP/1.1" 304 0
INFO 2025-12-04 20:20:46,719 basehttp 19180 20168 "GET / HTTP/1.1" 200 10890
INFO 2025-12-04 20:20:51,338 basehttp 19180 20168 "GET /staff/products/ HTTP/1.1" 200 4359
INFO 2025-12-04 20:20:57,120 basehttp 19180 4788 "GET /cart/ HTTP/1.1" 200 497
INFO 2025-12-04 20:20:59,550 basehttp 19180 4788 "GET / HTTP/1.1" 200 10890
INFO 2025-12-04 20:21:26,410 autoreload 19180 18748 C:\Users\USER\Desktop\myshop_app\store\forms.py changed, reloading.
INFO 2025-12-04 20:21:28,332 autoreload 14900 13492 Watching for file changes with StatReloader
INFO 2025-12-04 20:30:39,889 basehttp 14900 3708 "GET / HTTP/1.1" 200 10890
INFO 2025-12-04 20:30:39,970 basehttp 14900 3708 "GET /media/products/41NOgOAkpL._SY445_SX342_ML2_.jpg HTTP/1.1" 304 0
INFO 2025-12-04 20:30:39,972 basehttp 14900 17712 "GET /media/products/41ObsCYcV1L._SY445_SX342_ML2_.jpg HTTP/1.1" 304 0
INFO 2025-12-04 20:30:39,995 basehttp 14900 17712 "GET /media/products/510L6Sk8hL._SY445_SX342_ML2_.jpg HTTP/1.1" 304 0
INFO 2025-12-04 20:30:39,997 basehttp 14900 20056 "GET /media/products/OIP_1.webp HTTP/1.1" 304 0
INFO 2025-12-04 20:30:40,002 basehttp 14900 3708 "GET /media/products/81S88P1FQwL._SY466_.jpg HTTP/1.1" 304 0
INFO 2025-12-04 20:30:40,003 basehttp 14900 25076 "GET /media/products/81YyU0v02gL._SY466_.jpg HTTP/1.1" 304 0
INFO 2025-12-04 20:30:43,027 basehttp 14900 25076 "GET / HTTP/1.1" 200 10890
INFO 2025-12-04 20:30:53,076 basehttp 14900 25076 "GET /profile/ HTTP/1.1" 200 1145
INFO 2025-12-04 20:30:58,010 basehttp 14900 25076 "GET /staff/products/ HTTP/1.1" 200 4359
INFO 2025-12-04 20:31:05,405 basehttp 14900 25076 "GET /staff/orders/ HTTP/1.1" 200 423
INFO 2025-12-04 20:31:11,265 basehttp 14900 25076 "GET /profile/ HTTP/1.1" 200 1145
INFO 2025-12-04 20:31:23,396 basehttp 14900 25076 "GET /admin/ HTTP/1.1" 200 12377
INFO 2025-12-04 20:31:41,263 basehttp 14900 25076 "GET /admin/auth/ HTTP/1.1" 200 6117
INFO 2025-12-04 20:31:45,086 basehttp 14900 25076 "GET /admin/auth/group/ HTTP/1.1" 200 10746
INFO 2025-12-04 20:31:45,125 basehttp 14900 25076 "GET /admin/jsi18n/ HTTP/1.1" 200 3342
INFO 2025-12-04 20:31:47,452 basehttp 14900 19824 "GET /admin/auth/user/ HTTP/1.1" 200 14784
INFO 2025-12-04 20:31:47,474 basehttp 14900 19824 "GET /admin/jsi18n/ HTTP/1.1" 200 3342
INFO 2025-12-04 20:37:09,622 basehttp 14900 16772 "GET / HTTP/1.1" 200 10689
INFO 2025-12-04 20:37:10,291 basehttp 14900 18296 "GET /media/products/71eTwnmHa3L_J2bvn9j._SY466_.jpg HTTP/1.1" 200 32808
INFO 2025-12-04 20:37:10,292 basehttp 14900 16772 "GET /media/products/61Y8egjgeyL._SY466_.jpg HTTP/1.1" 200 22634
INFO 2025-12-04 20:37:10,313 basehttp 14900 18296 "GET /media/products/41NOgOAkpL._SY445_SX342_ML2_.jpg HTTP/1.1" 200 19885
INFO 2025-12-04 20:37:10,324 basehttp 14900 16772 "GET /media/products/41ObsCYcV1L._SY445_SX342_ML2_.jpg HTTP/1.1" 200 22370
INFO 2025-12-04 20:37:10,389 basehttp 14900 18296 "GET /media/products/510L6Sk8hL._SY445_SX342_ML2_.jpg HTTP/1.1" 200 28812
INFO 2025-12-04 20:37:10,424 basehttp 14900 16772 "GET /media/products/81S88P1FQwL._SY466_.jpg HTTP/1.1" 200 31476
INFO 2025-12-04 20:37:10,429 basehttp 14900 18296 "GET /media/products/81YyU0v02gL._SY466_.jpg HTTP/1.1" 200 29873
INFO 2025-12-04 20:37:10,523 basehttp 14900 16772 "GET /media/products/OIP_1.webp HTTP/1.1" 200 47002
ERROR 2025-12-04 20:37:10,757 basehttp 14900 16772 "GET /favicon.ico HTTP/1.1" 500 59
INFO 2025-12-04 20:37:12,760 basehttp 14900 9588 "GET / HTTP/1.1" 200 10689
ERROR 2025-12-04 20:37:12,896 basehttp 14900 9588 "GET /favicon.ico HTTP/1.1" 500 59
INFO 2025-12-04 20:37:15,756 basehttp 14900 19016 "GET /admin/ HTTP/1.1" 200 12377
INFO 2025-12-04 20:37:19,899 basehttp 14900 19016 "GET /admin/auth/user/ HTTP/1.1" 200 14784
INFO 2025-12-04 20:37:21,275 basehttp 14900 19016 "GET /admin/ HTTP/1.1" 200 12377
INFO 2025-12-04 20:37:22,908 basehttp 14900 14808 "GET /admin/auth/user/ HTTP/1.1" 200 14784
ERROR 2025-12-04 20:37:23,239 basehttp 14900 14808 "GET /admin/auth/user/2/change/ HTTP/1.1" 500 59
INFO 2025-12-04 20:37:26,632 basehttp 14900 14808 "GET / HTTP/1.1" 200 10890
INFO 2025-12-04 20:37:26,670 basehttp 14900 8420 "GET /media/products/41NOgOAkpL._SY445_SX342_ML2_.jpg HTTP/1.1" 304 0
INFO 2025-12-04 20:37:26,671 basehttp 14900 14808 "GET /media/products/41ObsCYcV1L._SY445_SX342_ML2_.jpg HTTP/1.1" 304 0
INFO 2025-12-04 20:37:26,686 basehttp 14900 8420 "GET /media/products/510L6Sk8hL._SY445_SX342_ML2_.jpg HTTP/1.1" 304 0
INFO 2025-12-04 20:37:26,686 basehttp 14900 14808 "GET /media/products/81S88P1FQwL._SY466_.jpg HTTP/1.1" 304 0
INFO 2025-12-04 20:37:26,695 basehttp 14900 5676 "GET /media/products/OIP_1.webp HTTP/1.1" 304 0
INFO 2025-12-04 20:37:26,696 basehttp 14900 8420 "GET /media/products/81YyU0v02gL._SY466_.jpg HTTP/1.1" 304 0
INFO 2025-12-04 20:37:31,770 basehttp 14900 17888 "GET / HTTP/1.1" 200 10689
ERROR 2025-12-04 20:37:31,881 basehttp 14900 17888 "GET /favicon.ico HTTP/1.1" 500 59
INFO 2025-12-04 20:37:32,480 basehttp 14900 17888 "GET / HTTP/1.1" 200 10689
ERROR 2025-12-04 20:37:32,593 basehttp 14900 17888 "GET /favicon.ico HTTP/1.1" 500 59
INFO 2025-12-04 20:37:32,694 basehttp 14900 17888 "GET / HTTP/1.1" 200 10689
ERROR 2025-12-04 20:37:32,824 basehttp 14900 17888 "GET /favicon.ico HTTP/1.1" 500 59
INFO 2025-12-04 20:39:04,295 basehttp 14900 21488 "GET / HTTP/1.1" 200 10890
ERROR 2025-12-04 20:40:23,517 basehttp 14900 22736 "GET /admin/auth/user/2/change/ HTTP/1.1" 500 59
ERROR 2025-12-04 20:40:24,760 basehttp 14900 22736 "GET /admin/auth/user/2/change/ HTTP/1.1" 500 59
ERROR 2025-12-04 20:40:24,980 basehttp 14900 22736 "GET /admin/auth/user/2/change/ HTTP/1.1" 500 59
ERROR 2025-12-04 20:40:25,190 basehttp 14900 22736 "GET /admin/auth/user/2/change/ HTTP/1.1" 500 59
INFO 2025-12-04 20:40:27,120 basehttp 14900 22736 "GET /admin/ HTTP/1.1" 200 12377
INFO 2025-12-04 20:40:27,338 basehttp 14900 22736 "GET /admin/ HTTP/1.1" 200 12377
INFO 2025-12-04 20:40:28,644 basehttp 14900 22736 "GET /admin/ HTTP/1.1" 200 12377
INFO 2025-12-04 20:40:28,849 basehttp 14900 22736 "GET /admin/ HTTP/1.1" 200 12377
INFO 2025-12-04 20:40:40,474 basehttp 14900 11568 "GET / HTTP/1.1" 200 10890
INFO 2025-12-04 20:40:41,831 basehttp 14900 11568 "GET / HTTP/1.1" 200 10890
INFO 2025-12-04 20:40:42,015 basehttp 14900 24000 "GET / HTTP/1.1" 200 10890
INFO 2025-12-04 20:40:42,248 basehttp 14900 24000 "GET / HTTP/1.1" 200 10890
INFO 2025-12-04 20:40:45,975 basehttp 14900 24000 "GET /admin/ HTTP/1.1" 200 12377
INFO 2025-12-04 20:40:50,616 basehttp 14900 24000 "GET /admin/ HTTP/1.1" 200 12377
INFO 2025-12-04 20:40:58,912 basehttp 14900 21456 "GET /staff/orders/ HTTP/1.1" 200 423
INFO 2025-12-04 20:41:00,541 basehttp 14900 21456 "GET / HTTP/1.1" 200 10890
INFO 2025-12-04 20:41:02,410 basehttp 14900 10232 "GET /staff/products/ HTTP/1.1" 200 4359
INFO 2025-12-04 20:41:07,940 basehttp 14900 10232 "GET /cart/ HTTP/1.1" 200 497
INFO 2025-12-04 20:41:10,227 basehttp 14900 10232 "GET / HTTP/1.1" 200 10890
INFO 2025-12-04 20:41:11,856 basehttp 14900 10232 "GET /staff/orders/ HTTP/1.1" 200 423
INFO 2025-12-04 20:41:13,572 basehttp 14900 1780 "GET / HTTP/1.1" 200 10890
INFO 2025-12-04 20:44:45,222 autoreload 14900 13492 C:\Users\USER\Desktop\myshop_app\accounts\models.py changed, reloading.
INFO 2025-12-04 21:13:24,319 autoreload 21184 24168 Watching for file changes with StatReloader
INFO 2025-12-04 21:13:33,839 basehttp 21184 19128 "GET / HTTP/1.1" 200 10890
INFO 2025-12-04 21:13:34,465 basehttp 21184 19128 "GET /media/products/41NOgOAkpL._SY445_SX342_ML2_.jpg HTTP/1.1" 304 0
INFO 2025-12-04 21:13:34,472 basehttp 21184 18008 "GET /media/products/41ObsCYcV1L._SY445_SX342_ML2_.jpg HTTP/1.1" 304 0
INFO 2025-12-04 21:13:34,478 basehttp 21184 19128 "GET /media/products/510L6Sk8hL._SY445_SX342_ML2_.jpg HTTP/1.1" 304 0
INFO 2025-12-04 21:13:34,693 basehttp 21184 19128 "GET /media/products/81S88P1FQwL._SY466_.jpg HTTP/1.1" 304 0
INFO 2025-12-04 21:13:34,694 basehttp 21184 18008 "GET /media/products/81YyU0v02gL._SY466_.jpg HTTP/1.1" 304 0
INFO 2025-12-04 21:13:34,697 basehttp 21184 19252 "GET /media/products/OIP_1.webp HTTP/1.1" 304 0
WARNING 2025-12-04 21:13:35,304 log 21184 19252 Not Found: /favicon.ico
WARNING 2025-12-04 21:13:35,305 basehttp 21184 19252 "GET /favicon.ico HTTP/1.1" 404 6626
INFO 2025-12-04 21:13:39,575 basehttp 21184 15740 "GET / HTTP/1.1" 200 10890
INFO 2025-12-04 21:13:40,586 basehttp 21184 15740 "GET / HTTP/1.1" 200 10890
INFO 2025-12-04 21:13:43,873 basehttp 21184 15740 "GET /profile/ HTTP/1.1" 200 1145
INFO 2025-12-04 21:13:47,380 basehttp 21184 15740 "GET /staff/products/ HTTP/1.1" 200 4359
INFO 2025-12-04 21:13:51,871 basehttp 21184 17596 "GET /staff/orders/ HTTP/1.1" 200 423
INFO 2025-12-04 21:13:53,717 basehttp 21184 17596 "GET / HTTP/1.1" 200 10890
INFO 2025-12-04 21:13:55,807 basehttp 21184 17596 "GET /cart/ HTTP/1.1" 200 497
INFO 2025-12-04 21:13:57,683 basehttp 21184 17596 "GET / HTTP/1.1" 200 10890
INFO 2025-12-04 21:14:06,919 basehttp 21184 23164 "GET /admin/ HTTP/1.1" 200 12377
INFO 2025-12-04 21:14:21,544 basehttp 21184 11096 "GET /profile/ HTTP/1.1" 200 1145
INFO 2025-12-04 21:16:15,133 basehttp 21184 7272 "GET / HTTP/1.1" 200 10890
INFO 2025-12-04 21:17:06,225 basehttp 21184 18512 "GET /profile/ HTTP/1.1" 200 1145
INFO 2025-12-04 21:17:17,160 basehttp 21184 11492 "GET /admin/ HTTP/1.1" 200 12377
INFO 2025-12-04 21:17:21,651 basehttp 21184 19744 "GET / HTTP/1.1" 200 10890
INFO 2025-12-04 21:19:09,052 basehttp 21184 17836 "GET / HTTP/1.1" 200 10890
INFO 2025-12-04 21:22:12,766 autoreload 21184 24168 C:\Users\USER\Desktop\myshop_app\store\views.py changed, reloading.
INFO 2025-12-04 21:22:15,574 autoreload 21052 8312 Watching for file changes with StatReloader
INFO 2025-12-04 21:23:06,374 autoreload 21052 8312 C:\Users\USER\Desktop\myshop_app\store\urls.py changed, reloading.
INFO 2025-12-04 21:23:08,185 autoreload 16040 13444 Watching for file changes with StatReloader
INFO 2025-12-04 21:23:23,849 basehttp 16040 8208 "GET / HTTP/1.1" 200 11452
INFO 2025-12-04 21:23:39,548 basehttp 16040 17196 "GET / HTTP/1.1" 200 11452
INFO 2025-12-04 21:26:26,672 basehttp 16040 7336 "GET / HTTP/1.1" 200 14015
INFO 2025-12-04 21:26:26,868 basehttp 16040 7336 "GET /media/products/41ObsCYcV1L._SY445_SX342_ML2_.jpg HTTP/1.1" 304 0
INFO 2025-12-04 21:26:26,910 basehttp 16040 14256 "GET /media/products/510L6Sk8hL._SY445_SX342_ML2_.jpg HTTP/1.1" 304 0
INFO 2025-12-04 21:26:26,910 basehttp 16040 7336 "GET /media/products/81YyU0v02gL._SY466_.jpg HTTP/1.1" 304 0
INFO 2025-12-04 21:26:26,917 basehttp 16040 8616 "GET /media/products/81S88P1FQwL._SY466_.jpg HTTP/1.1" 304 0
INFO 2025-12-04 21:26:26,922 basehttp 16040 19048 "GET /media/products/OIP_1.webp HTTP/1.1" 304 0
INFO 2025-12-04 21:26:30,087 basehttp 16040 19048 "GET / HTTP/1.1" 200 14015
ERROR 2025-12-04 21:26:34,280 log 16040 9444 Internal Server Error: /product/1/
Traceback (most recent call last):
  File "C:\Users\USER\AppData\Local\Programs\Python\Python314\Lib\site-packages\django\template\backends\django.py", line 107, in render
    return self.template.render(context)
           ~~~~~~~~~~~~~~~~~~~~^^^^^^^^^
  File "C:\Users\USER\AppData\Local\Programs\Python\Python314\Lib\site-packages\django\template\base.py", line 171, in render
    return self._render(context)
           ~~~~~~~~~~~~^^^^^^^^^
  File "C:\Users\USER\AppData\Local\Programs\Python\Python314\Lib\site-packages\django\template\base.py", line 163, in _render
    return self.nodelist.render(context)
           ~~~~~~~~~~~~~~~~~~~~^^^^^^^^^
  File "C:\Users\USER\AppData\Local\Programs\Python\Python314\Lib\site-packages\django\template\base.py", line 1016, in render
    return SafeString("".join([node.render_annotated(context) for node in self]))
                               ~~~~~~~~~~~~~~~~~~~~~^^^^^^^^^
  File "C:\Users\USER\AppData\Local\Programs\Python\Python314\Lib\site-packages\django\template\base.py", line 977, in render_annotated
    return self.render(context)
           ~~~~~~~~~~~^^^^^^^^^
  File "C:\Users\USER\AppData\Local\Programs\Python\Python314\Lib\site-packages\django\template\loader_tags.py", line 134, in render
    compiled_parent = self.get_parent(context)
  File "C:\Users\USER\AppData\Local\Programs\Python\Python314\Lib\site-packages\django\template\loader_tags.py", line 131, in get_parent
    return self.find_template(parent, context)
           ~~~~~~~~~~~~~~~~~~^^^^^^^^^^^^^^^^^
  File "C:\Users\USER\AppData\Local\Programs\Python\Python314\Lib\site-packages\django\template\loader_tags.py", line 109, in find_template
    template, origin = context.template.engine.find_template(
                       ~~~~~~~~~~~~~~~~~~~~~~~~~~~~~~~~~~~~~^
        template_name,
        ^^^^^^^^^^^^^^
        skip=history,
        ^^^^^^^^^^^^^
    )
    ^
  File "C:\Users\USER\AppData\Local\Programs\Python\Python314\Lib\site-packages\django\template\engine.py", line 163, in find_template
    raise TemplateDoesNotExist(name, tried=tried)
django.template.exceptions.TemplateDoesNotExist: store/base.html

The above exception was the direct cause of the following exception:

Traceback (most recent call last):
  File "C:\Users\USER\AppData\Local\Programs\Python\Python314\Lib\site-packages\django\core\handlers\exception.py", line 55, in inner
    response = get_response(request)
  File "C:\Users\USER\AppData\Local\Programs\Python\Python314\Lib\site-packages\django\core\handlers\base.py", line 197, in _get_response
    response = wrapped_callback(request, *callback_args, **callback_kwargs)
  File "C:\Users\USER\Desktop\myshop_app\store\views.py", line 271, in product_detail
    return render(request, 'store/product_detail.html', {'product': product})
  File "C:\Users\USER\AppData\Local\Programs\Python\Python314\Lib\site-packages\django\shortcuts.py", line 25, in render
    content = loader.render_to_string(template_name, context, request, using=using)
  File "C:\Users\USER\AppData\Local\Programs\Python\Python314\Lib\site-packages\django\template\loader.py", line 62, in render_to_string
    return template.render(context, request)
           ~~~~~~~~~~~~~~~^^^^^^^^^^^^^^^^^^
  File "C:\Users\USER\AppData\Local\Programs\Python\Python314\Lib\site-packages\django\template\backends\django.py", line 109, in render
    reraise(exc, self.backend)
    ~~~~~~~^^^^^^^^^^^^^^^^^^^
  File "C:\Users\USER\AppData\Local\Programs\Python\Python314\Lib\site-packages\django\template\backends\django.py", line 130, in reraise
    raise new from exc
django.template.exceptions.TemplateDoesNotExist: store/base.html
ERROR 2025-12-04 21:26:34,293 basehttp 16040 9444 "GET /product/1/ HTTP/1.1" 500 132202
ERROR 2025-12-04 21:26:38,581 log 16040 9444 Internal Server Error: /product/1/
Traceback (most recent call last):
  File "C:\Users\USER\AppData\Local\Programs\Python\Python314\Lib\site-packages\django\template\backends\django.py", line 107, in render
    return self.template.render(context)
           ~~~~~~~~~~~~~~~~~~~~^^^^^^^^^
  File "C:\Users\USER\AppData\Local\Programs\Python\Python314\Lib\site-packages\django\template\base.py", line 171, in render
    return self._render(context)
           ~~~~~~~~~~~~^^^^^^^^^
  File "C:\Users\USER\AppData\Local\Programs\Python\Python314\Lib\site-packages\django\template\base.py", line 163, in _render
    return self.nodelist.render(context)
           ~~~~~~~~~~~~~~~~~~~~^^^^^^^^^
  File "C:\Users\USER\AppData\Local\Programs\Python\Python314\Lib\site-packages\django\template\base.py", line 1016, in render
    return SafeString("".join([node.render_annotated(context) for node in self]))
                               ~~~~~~~~~~~~~~~~~~~~~^^^^^^^^^
  File "C:\Users\USER\AppData\Local\Programs\Python\Python314\Lib\site-packages\django\template\base.py", line 977, in render_annotated
    return self.render(context)
           ~~~~~~~~~~~^^^^^^^^^
  File "C:\Users\USER\AppData\Local\Programs\Python\Python314\Lib\site-packages\django\template\loader_tags.py", line 134, in render
    compiled_parent = self.get_parent(context)
  File "C:\Users\USER\AppData\Local\Programs\Python\Python314\Lib\site-packages\django\template\loader_tags.py", line 131, in get_parent
    return self.find_template(parent, context)
           ~~~~~~~~~~~~~~~~~~^^^^^^^^^^^^^^^^^
  File "C:\Users\USER\AppData\Local\Programs\Python\Python314\Lib\site-packages\django\template\loader_tags.py", line 109, in find_template
    template, origin = context.template.engine.find_template(
                       ~~~~~~~~~~~~~~~~~~~~~~~~~~~~~~~~~~~~~^
        template_name,
        ^^^^^^^^^^^^^^
        skip=history,
        ^^^^^^^^^^^^^
    )
    ^
  File "C:\Users\USER\AppData\Local\Programs\Python\Python314\Lib\site-packages\django\template\engine.py", line 163, in find_template
    raise TemplateDoesNotExist(name, tried=tried)
django.template.exceptions.TemplateDoesNotExist: store/base.html

The above exception was the direct cause of the following exception:

Traceback (most recent call last):
  File "C:\Users\USER\AppData\Local\Programs\Python\Python314\Lib\site-packages\django\core\handlers\exception.py", line 55, in inner
    response = get_response(request)
  File "C:\Users\USER\AppData\Local\Programs\Python\Python314\Lib\site-packages\django\core\handlers\base.py", line 197, in _get_response
    response = wrapped_callback(request, *callback_args, **callback_kwargs)
  File "C:\Users\USER\Desktop\myshop_app\store\views.py", line 271, in product_detail
    return render(request, 'store/product_detail.html', {'product': product})
  File "C:\Users\USER\AppData\Local\Programs\Python\Python314\Lib\site-packages\django\shortcuts.py", line 25, in render
    content = loader.render_to_string(template_name, context, request, using=using)
  File "C:\Users\USER\AppData\Local\Programs\Python\Python314\Lib\site-packages\django\template\loader.py", line 62, in render_to_string
    return template.render(context, request)
           ~~~~~~~~~~~~~~~^^^^^^^^^^^^^^^^^^
  File "C:\Users\USER\AppData\Local\Programs\Python\Python314\Lib\site-packages\django\template\backends\django.py", line 109, in render
    reraise(exc, self.backend)
    ~~~~~~~^^^^^^^^^^^^^^^^^^^
  File "C:\Users\USER\AppData\Local\Programs\Python\Python314\Lib\site-packages\django\template\backends\django.py", line 130, in reraise
    raise new from exc
django.template.exceptions.TemplateDoesNotExist: store/base.html
ERROR 2025-12-04 21:26:38,585 basehttp 16040 9444 "GET /product/1/ HTTP/1.1" 500 132202
ERROR 2025-12-04 21:26:41,763 log 16040 9444 Internal Server Error: /product/1/
Traceback (most recent call last):
  File "C:\Users\USER\AppData\Local\Programs\Python\Python314\Lib\site-packages\django\template\backends\django.py", line 107, in render
    return self.template.render(context)
           ~~~~~~~~~~~~~~~~~~~~^^^^^^^^^
  File "C:\Users\USER\AppData\Local\Programs\Python\Python314\Lib\site-packages\django\template\base.py", line 171, in render
    return self._render(context)
           ~~~~~~~~~~~~^^^^^^^^^
  File "C:\Users\USER\AppData\Local\Programs\Python\Python314\Lib\site-packages\django\template\base.py", line 163, in _render
    return self.nodelist.render(context)
           ~~~~~~~~~~~~~~~~~~~~^^^^^^^^^
  File "C:\Users\USER\AppData\Local\Programs\Python\Python314\Lib\site-packages\django\template\base.py", line 1016, in render
    return SafeString("".join([node.render_annotated(context) for node in self]))
                               ~~~~~~~~~~~~~~~~~~~~~^^^^^^^^^
  File "C:\Users\USER\AppData\Local\Programs\Python\Python314\Lib\site-packages\django\template\base.py", line 977, in render_annotated
    return self.render(context)
           ~~~~~~~~~~~^^^^^^^^^
  File "C:\Users\USER\AppData\Local\Programs\Python\Python314\Lib\site-packages\django\template\loader_tags.py", line 134, in render
    compiled_parent = self.get_parent(context)
  File "C:\Users\USER\AppData\Local\Programs\Python\Python314\Lib\site-packages\django\template\loader_tags.py", line 131, in get_parent
    return self.find_template(parent, context)
           ~~~~~~~~~~~~~~~~~~^^^^^^^^^^^^^^^^^
  File "C:\Users\USER\AppData\Local\Programs\Python\Python314\Lib\site-packages\django\template\loader_tags.py", line 109, in find_template
    template, origin = context.template.engine.find_template(
                       ~~~~~~~~~~~~~~~~~~~~~~~~~~~~~~~~~~~~~^
        template_name,
        ^^^^^^^^^^^^^^
        skip=history,
        ^^^^^^^^^^^^^
    )
    ^
  File "C:\Users\USER\AppData\Local\Programs\Python\Python314\Lib\site-packages\django\template\engine.py", line 163, in find_template
    raise TemplateDoesNotExist(name, tried=tried)
django.template.exceptions.TemplateDoesNotExist: store/base.html

The above exception was the direct cause of the following exception:

Traceback (most recent call last):
  File "C:\Users\USER\AppData\Local\Programs\Python\Python314\Lib\site-packages\django\core\handlers\exception.py", line 55, in inner
    response = get_response(request)
  File "C:\Users\USER\AppData\Local\Programs\Python\Python314\Lib\site-packages\django\core\handlers\base.py", line 197, in _get_response
    response = wrapped_callback(request, *callback_args, **callback_kwargs)
  File "C:\Users\USER\Desktop\myshop_app\store\views.py", line 271, in product_detail
    return render(request, 'store/product_detail.html', {'product': product})
  File "C:\Users\USER\AppData\Local\Programs\Python\Python314\Lib\site-packages\django\shortcuts.py", line 25, in render
    content = loader.render_to_string(template_name, context, request, using=using)
  File "C:\Users\USER\AppData\Local\Programs\Python\Python314\Lib\site-packages\django\template\loader.py", line 62, in render_to_string
    return template.render(context, request)
           ~~~~~~~~~~~~~~~^^^^^^^^^^^^^^^^^^
  File "C:\Users\USER\AppData\Local\Programs\Python\Python314\Lib\site-packages\django\template\backends\django.py", line 109, in render
    reraise(exc, self.backend)
    ~~~~~~~^^^^^^^^^^^^^^^^^^^
  File "C:\Users\USER\AppData\Local\Programs\Python\Python314\Lib\site-packages\django\template\backends\django.py", line 130, in reraise
    raise new from exc
django.template.exceptions.TemplateDoesNotExist: store/base.html
ERROR 2025-12-04 21:26:41,767 basehttp 16040 9444 "GET /product/1/ HTTP/1.1" 500 132202
ERROR 2025-12-04 21:26:45,795 log 16040 9444 Internal Server Error: /product/1/
Traceback (most recent call last):
  File "C:\Users\USER\AppData\Local\Programs\Python\Python314\Lib\site-packages\django\template\backends\django.py", line 107, in render
    return self.template.render(context)
           ~~~~~~~~~~~~~~~~~~~~^^^^^^^^^
  File "C:\Users\USER\AppData\Local\Programs\Python\Python314\Lib\site-packages\django\template\base.py", line 171, in render
    return self._render(context)
           ~~~~~~~~~~~~^^^^^^^^^
  File "C:\Users\USER\AppData\Local\Programs\Python\Python314\Lib\site-packages\django\template\base.py", line 163, in _render
    return self.nodelist.render(context)
           ~~~~~~~~~~~~~~~~~~~~^^^^^^^^^
  File "C:\Users\USER\AppData\Local\Programs\Python\Python314\Lib\site-packages\django\template\base.py", line 1016, in render
    return SafeString("".join([node.render_annotated(context) for node in self]))
                               ~~~~~~~~~~~~~~~~~~~~~^^^^^^^^^
  File "C:\Users\USER\AppData\Local\Programs\Python\Python314\Lib\site-packages\django\template\base.py", line 977, in render_annotated
    return self.render(context)
           ~~~~~~~~~~~^^^^^^^^^
  File "C:\Users\USER\AppData\Local\Programs\Python\Python314\Lib\site-packages\django\template\loader_tags.py", line 134, in render
    compiled_parent = self.get_parent(context)
  File "C:\Users\USER\AppData\Local\Programs\Python\Python314\Lib\site-packages\django\template\loader_tags.py", line 131, in get_parent
    return self.find_template(parent, context)
           ~~~~~~~~~~~~~~~~~~^^^^^^^^^^^^^^^^^
  File "C:\Users\USER\AppData\Local\Programs\Python\Python314\Lib\site-packages\django\template\loader_tags.py", line 109, in find_template
    template, origin = context.template.engine.find_template(
                       ~~~~~~~~~~~~~~~~~~~~~~~~~~~~~~~~~~~~~^
        template_name,
        ^^^^^^^^^^^^^^
        skip=history,
        ^^^^^^^^^^^^^
    )
    ^
  File "C:\Users\USER\AppData\Local\Programs\Python\Python314\Lib\site-packages\django\template\engine.py", line 163, in find_template
    raise TemplateDoesNotExist(name, tried=tried)
django.template.exceptions.TemplateDoesNotExist: store/base.html

The above exception was the direct cause of the following exception:

Traceback (most recent call last):
  File "C:\Users\USER\AppData\Local\Programs\Python\Python314\Lib\site-packages\django\core\handlers\exception.py", line 55, in inner
    response = get_response(request)
  File "C:\Users\USER\AppData\Local\Programs\Python\Python314\Lib\site-packages\django\core\handlers\base.py", line 197, in _get_response
    response = wrapped_callback(request, *callback_args, **callback_kwargs)
  File "C:\Users\USER\Desktop\myshop_app\store\views.py", line 271, in product_detail
    return render(request, 'store/product_detail.html', {'product': product})
  File "C:\Users\USER\AppData\Local\Programs\Python\Python314\Lib\site-packages\django\shortcuts.py", line 25, in render
    content = loader.render_to_string(template_name, context, request, using=using)
  File "C:\Users\USER\AppData\Local\Programs\Python\Python314\Lib\site-packages\django\template\loader.py", line 62, in render_to_string
    return template.render(context, request)
           ~~~~~~~~~~~~~~~^^^^^^^^^^^^^^^^^^
  File "C:\Users\USER\AppData\Local\Programs\Python\Python314\Lib\site-packages\django\template\backends\django.py", line 109, in render
    reraise(exc, self.backend)
    ~~~~~~~^^^^^^^^^^^^^^^^^^^
  File "C:\Users\USER\AppData\Local\Programs\Python\Python314\Lib\site-packages\django\template\backends\django.py", line 130, in reraise
    raise new from exc
django.template.exceptions.TemplateDoesNotExist: store/base.html
ERROR 2025-12-04 21:26:45,799 basehttp 16040 9444 "GET /product/1/ HTTP/1.1" 500 132202
ERROR 2025-12-04 21:26:49,975 log 16040 9444 Internal Server Error: /product/1/
Traceback (most recent call last):
  File "C:\Users\USER\AppData\Local\Programs\Python\Python314\Lib\site-packages\django\template\backends\django.py", line 107, in render
    return self.template.render(context)
           ~~~~~~~~~~~~~~~~~~~~^^^^^^^^^
  File "C:\Users\USER\AppData\Local\Programs\Python\Python314\Lib\site-packages\django\template\base.py", line 171, in render
    return self._render(context)
           ~~~~~~~~~~~~^^^^^^^^^
  File "C:\Users\USER\AppData\Local\Programs\Python\Python314\Lib\site-packages\django\template\base.py", line 163, in _render
    return self.nodelist.render(context)
           ~~~~~~~~~~~~~~~~~~~~^^^^^^^^^
  File "C:\Users\USER\AppData\Local\Programs\Python\Python314\Lib\site-packages\django\template\base.py", line 1016, in render
    return SafeString("".join([node.render_annotated(context) for node in self]))
                               ~~~~~~~~~~~~~~~~~~~~~^^^^^^^^^
  File "C:\Users\USER\AppData\Local\Programs\Python\Python314\Lib\site-packages\django\template\base.py", line 977, in render_annotated
    return self.render(context)
           ~~~~~~~~~~~^^^^^^^^^
  File "C:\Users\USER\AppData\Local\Programs\Python\Python314\Lib\site-packages\django\template\loader_tags.py", line 134, in render
    compiled_parent = self.get_parent(context)
  File "C:\Users\USER\AppData\Local\Programs\Python\Python314\Lib\site-packages\django\template\loader_tags.py", line 131, in get_parent
    return self.find_template(parent, context)
           ~~~~~~~~~~~~~~~~~~^^^^^^^^^^^^^^^^^
  File "C:\Users\USER\AppData\Local\Programs\Python\Python314\Lib\site-packages\django\template\loader_tags.py", line 109, in find_template
    template, origin = context.template.engine.find_template(
                       ~~~~~~~~~~~~~~~~~~~~~~~~~~~~~~~~~~~~~^
        template_name,
        ^^^^^^^^^^^^^^
        skip=history,
        ^^^^^^^^^^^^^
    )
    ^
  File "C:\Users\USER\AppData\Local\Programs\Python\Python314\Lib\site-packages\django\template\engine.py", line 163, in find_template
    raise TemplateDoesNotExist(name, tried=tried)
django.template.exceptions.TemplateDoesNotExist: store/base.html

The above exception was the direct cause of the following exception:

Traceback (most recent call last):
  File "C:\Users\USER\AppData\Local\Programs\Python\Python314\Lib\site-packages\django\core\handlers\exception.py", line 55, in inner
    response = get_response(request)
  File "C:\Users\USER\AppData\Local\Programs\Python\Python314\Lib\site-packages\django\core\handlers\base.py", line 197, in _get_response
    response = wrapped_callback(request, *callback_args, **callback_kwargs)
  File "C:\Users\USER\Desktop\myshop_app\store\views.py", line 271, in product_detail
    return render(request, 'store/product_detail.html', {'product': product})
  File "C:\Users\USER\AppData\Local\Programs\Python\Python314\Lib\site-packages\django\shortcuts.py", line 25, in render
    content = loader.render_to_string(template_name, context, request, using=using)
  File "C:\Users\USER\AppData\Local\Programs\Python\Python314\Lib\site-packages\django\template\loader.py", line 62, in render_to_string
    return template.render(context, request)
           ~~~~~~~~~~~~~~~^^^^^^^^^^^^^^^^^^
  File "C:\Users\USER\AppData\Local\Programs\Python\Python314\Lib\site-packages\django\template\backends\django.py", line 109, in render
    reraise(exc, self.backend)
    ~~~~~~~^^^^^^^^^^^^^^^^^^^
  File "C:\Users\USER\AppData\Local\Programs\Python\Python314\Lib\site-packages\django\template\backends\django.py", line 130, in reraise
    raise new from exc
django.template.exceptions.TemplateDoesNotExist: store/base.html
ERROR 2025-12-04 21:26:49,979 basehttp 16040 9444 "GET /product/1/ HTTP/1.1" 500 132202
ERROR 2025-12-04 21:26:55,921 log 16040 15364 Internal Server Error: /product/3/
Traceback (most recent call last):
  File "C:\Users\USER\AppData\Local\Programs\Python\Python314\Lib\site-packages\django\template\backends\django.py", line 107, in render
    return self.template.render(context)
           ~~~~~~~~~~~~~~~~~~~~^^^^^^^^^
  File "C:\Users\USER\AppData\Local\Programs\Python\Python314\Lib\site-packages\django\template\base.py", line 171, in render
    return self._render(context)
           ~~~~~~~~~~~~^^^^^^^^^
  File "C:\Users\USER\AppData\Local\Programs\Python\Python314\Lib\site-packages\django\template\base.py", line 163, in _render
    return self.nodelist.render(context)
           ~~~~~~~~~~~~~~~~~~~~^^^^^^^^^
  File "C:\Users\USER\AppData\Local\Programs\Python\Python314\Lib\site-packages\django\template\base.py", line 1016, in render
    return SafeString("".join([node.render_annotated(context) for node in self]))
                               ~~~~~~~~~~~~~~~~~~~~~^^^^^^^^^
  File "C:\Users\USER\AppData\Local\Programs\Python\Python314\Lib\site-packages\django\template\base.py", line 977, in render_annotated
    return self.render(context)
           ~~~~~~~~~~~^^^^^^^^^
  File "C:\Users\USER\AppData\Local\Programs\Python\Python314\Lib\site-packages\django\template\loader_tags.py", line 134, in render
    compiled_parent = self.get_parent(context)
  File "C:\Users\USER\AppData\Local\Programs\Python\Python314\Lib\site-packages\django\template\loader_tags.py", line 131, in get_parent
    return self.find_template(parent, context)
           ~~~~~~~~~~~~~~~~~~^^^^^^^^^^^^^^^^^
  File "C:\Users\USER\AppData\Local\Programs\Python\Python314\Lib\site-packages\django\template\loader_tags.py", line 109, in find_template
    template, origin = context.template.engine.find_template(
                       ~~~~~~~~~~~~~~~~~~~~~~~~~~~~~~~~~~~~~^
        template_name,
        ^^^^^^^^^^^^^^
        skip=history,
        ^^^^^^^^^^^^^
    )
    ^
  File "C:\Users\USER\AppData\Local\Programs\Python\Python314\Lib\site-packages\django\template\engine.py", line 163, in find_template
    raise TemplateDoesNotExist(name, tried=tried)
django.template.exceptions.TemplateDoesNotExist: store/base.html

The above exception was the direct cause of the following exception:

Traceback (most recent call last):
  File "C:\Users\USER\AppData\Local\Programs\Python\Python314\Lib\site-packages\django\core\handlers\exception.py", line 55, in inner
    response = get_response(request)
  File "C:\Users\USER\AppData\Local\Programs\Python\Python314\Lib\site-packages\django\core\handlers\base.py", line 197, in _get_response
    response = wrapped_callback(request, *callback_args, **callback_kwargs)
  File "C:\Users\USER\Desktop\myshop_app\store\views.py", line 271, in product_detail
    return render(request, 'store/product_detail.html', {'product': product})
  File "C:\Users\USER\AppData\Local\Programs\Python\Python314\Lib\site-packages\django\shortcuts.py", line 25, in render
    content = loader.render_to_string(template_name, context, request, using=using)
  File "C:\Users\USER\AppData\Local\Programs\Python\Python314\Lib\site-packages\django\template\loader.py", line 62, in render_to_string
    return template.render(context, request)
           ~~~~~~~~~~~~~~~^^^^^^^^^^^^^^^^^^
  File "C:\Users\USER\AppData\Local\Programs\Python\Python314\Lib\site-packages\django\template\backends\django.py", line 109, in render
    reraise(exc, self.backend)
    ~~~~~~~^^^^^^^^^^^^^^^^^^^
  File "C:\Users\USER\AppData\Local\Programs\Python\Python314\Lib\site-packages\django\template\backends\django.py", line 130, in reraise
    raise new from exc
django.template.exceptions.TemplateDoesNotExist: store/base.html
ERROR 2025-12-04 21:26:55,926 basehttp 16040 15364 "GET /product/3/ HTTP/1.1" 500 132010
ERROR 2025-12-04 21:27:14,895 log 16040 19996 Internal Server Error: /product/1/
Traceback (most recent call last):
  File "C:\Users\USER\AppData\Local\Programs\Python\Python314\Lib\site-packages\django\template\backends\django.py", line 107, in render
    return self.template.render(context)
           ~~~~~~~~~~~~~~~~~~~~^^^^^^^^^
  File "C:\Users\USER\AppData\Local\Programs\Python\Python314\Lib\site-packages\django\template\base.py", line 171, in render
    return self._render(context)
           ~~~~~~~~~~~~^^^^^^^^^
  File "C:\Users\USER\AppData\Local\Programs\Python\Python314\Lib\site-packages\django\template\base.py", line 163, in _render
    return self.nodelist.render(context)
           ~~~~~~~~~~~~~~~~~~~~^^^^^^^^^
  File "C:\Users\USER\AppData\Local\Programs\Python\Python314\Lib\site-packages\django\template\base.py", line 1016, in render
    return SafeString("".join([node.render_annotated(context) for node in self]))
                               ~~~~~~~~~~~~~~~~~~~~~^^^^^^^^^
  File "C:\Users\USER\AppData\Local\Programs\Python\Python314\Lib\site-packages\django\template\base.py", line 977, in render_annotated
    return self.render(context)
           ~~~~~~~~~~~^^^^^^^^^
  File "C:\Users\USER\AppData\Local\Programs\Python\Python314\Lib\site-packages\django\template\loader_tags.py", line 134, in render
    compiled_parent = self.get_parent(context)
  File "C:\Users\USER\AppData\Local\Programs\Python\Python314\Lib\site-packages\django\template\loader_tags.py", line 131, in get_parent
    return self.find_template(parent, context)
           ~~~~~~~~~~~~~~~~~~^^^^^^^^^^^^^^^^^
  File "C:\Users\USER\AppData\Local\Programs\Python\Python314\Lib\site-packages\django\template\loader_tags.py", line 109, in find_template
    template, origin = context.template.engine.find_template(
                       ~~~~~~~~~~~~~~~~~~~~~~~~~~~~~~~~~~~~~^
        template_name,
        ^^^^^^^^^^^^^^
        skip=history,
        ^^^^^^^^^^^^^
    )
    ^
  File "C:\Users\USER\AppData\Local\Programs\Python\Python314\Lib\site-packages\django\template\engine.py", line 163, in find_template
    raise TemplateDoesNotExist(name, tried=tried)
django.template.exceptions.TemplateDoesNotExist: store/base.html

The above exception was the direct cause of the following exception:

Traceback (most recent call last):
  File "C:\Users\USER\AppData\Local\Programs\Python\Python314\Lib\site-packages\django\core\handlers\exception.py", line 55, in inner
    response = get_response(request)
  File "C:\Users\USER\AppData\Local\Programs\Python\Python314\Lib\site-packages\django\core\handlers\base.py", line 197, in _get_response
    response = wrapped_callback(request, *callback_args, **callback_kwargs)
  File "C:\Users\USER\Desktop\myshop_app\store\views.py", line 271, in product_detail
    return render(request, 'store/product_detail.html', {'product': product})
  File "C:\Users\USER\AppData\Local\Programs\Python\Python314\Lib\site-packages\django\shortcuts.py", line 25, in render
    content = loader.render_to_string(template_name, context, request, using=using)
  File "C:\Users\USER\AppData\Local\Programs\Python\Python314\Lib\site-packages\django\template\loader.py", line 62, in render_to_string
    return template.render(context, request)
           ~~~~~~~~~~~~~~~^^^^^^^^^^^^^^^^^^
  File "C:\Users\USER\AppData\Local\Programs\Python\Python314\Lib\site-packages\django\template\backends\django.py", line 109, in render
    reraise(exc, self.backend)
    ~~~~~~~^^^^^^^^^^^^^^^^^^^
  File "C:\Users\USER\AppData\Local\Programs\Python\Python314\Lib\site-packages\django\template\backends\django.py", line 130, in reraise
    raise new from exc
django.template.exceptions.TemplateDoesNotExist: store/base.html
ERROR 2025-12-04 21:27:14,900 basehttp 16040 19996 "GET /product/1/ HTTP/1.1" 500 132202
INFO 2025-12-04 21:27:46,142 basehttp 16040 10200 "GET / HTTP/1.1" 200 14015
INFO 2025-12-04 21:27:46,179 basehttp 16040 10200 "GET /media/products/41ObsCYcV1L._SY445_SX342_ML2_.jpg HTTP/1.1" 304 0
INFO 2025-12-04 21:27:46,180 basehttp 16040 18576 "GET /media/products/41NOgOAkpL._SY445_SX342_ML2_.jpg HTTP/1.1" 304 0
INFO 2025-12-04 21:27:46,194 basehttp 16040 10200 "GET /media/products/81S88P1FQwL._SY466_.jpg HTTP/1.1" 304 0
INFO 2025-12-04 21:27:46,195 basehttp 16040 18576 "GET /media/products/510L6Sk8hL._SY445_SX342_ML2_.jpg HTTP/1.1" 304 0
INFO 2025-12-04 21:27:46,202 basehttp 16040 10200 "GET /media/products/81YyU0v02gL._SY466_.jpg HTTP/1.1" 304 0
INFO 2025-12-04 21:27:46,206 basehttp 16040 18576 "GET /media/products/OIP_1.webp HTTP/1.1" 304 0
ERROR 2025-12-04 21:28:00,855 log 16040 15852 Internal Server Error: /product/1/
Traceback (most recent call last):
  File "C:\Users\USER\AppData\Local\Programs\Python\Python314\Lib\site-packages\django\template\backends\django.py", line 107, in render
    return self.template.render(context)
           ~~~~~~~~~~~~~~~~~~~~^^^^^^^^^
  File "C:\Users\USER\AppData\Local\Programs\Python\Python314\Lib\site-packages\django\template\base.py", line 171, in render
    return self._render(context)
           ~~~~~~~~~~~~^^^^^^^^^
  File "C:\Users\USER\AppData\Local\Programs\Python\Python314\Lib\site-packages\django\template\base.py", line 163, in _render
    return self.nodelist.render(context)
           ~~~~~~~~~~~~~~~~~~~~^^^^^^^^^
  File "C:\Users\USER\AppData\Local\Programs\Python\Python314\Lib\site-packages\django\template\base.py", line 1016, in render
    return SafeString("".join([node.render_annotated(context) for node in self]))
                               ~~~~~~~~~~~~~~~~~~~~~^^^^^^^^^
  File "C:\Users\USER\AppData\Local\Programs\Python\Python314\Lib\site-packages\django\template\base.py", line 977, in render_annotated
    return self.render(context)
           ~~~~~~~~~~~^^^^^^^^^
  File "C:\Users\USER\AppData\Local\Programs\Python\Python314\Lib\site-packages\django\template\loader_tags.py", line 134, in render
    compiled_parent = self.get_parent(context)
  File "C:\Users\USER\AppData\Local\Programs\Python\Python314\Lib\site-packages\django\template\loader_tags.py", line 131, in get_parent
    return self.find_template(parent, context)
           ~~~~~~~~~~~~~~~~~~^^^^^^^^^^^^^^^^^
  File "C:\Users\USER\AppData\Local\Programs\Python\Python314\Lib\site-packages\django\template\loader_tags.py", line 109, in find_template
    template, origin = context.template.engine.find_template(
                       ~~~~~~~~~~~~~~~~~~~~~~~~~~~~~~~~~~~~~^
        template_name,
        ^^^^^^^^^^^^^^
        skip=history,
        ^^^^^^^^^^^^^
    )
    ^
  File "C:\Users\USER\AppData\Local\Programs\Python\Python314\Lib\site-packages\django\template\engine.py", line 163, in find_template
    raise TemplateDoesNotExist(name, tried=tried)
django.template.exceptions.TemplateDoesNotExist: store/base.html

The above exception was the direct cause of the following exception:

Traceback (most recent call last):
  File "C:\Users\USER\AppData\Local\Programs\Python\Python314\Lib\site-packages\django\core\handlers\exception.py", line 55, in inner
    response = get_response(request)
  File "C:\Users\USER\AppData\Local\Programs\Python\Python314\Lib\site-packages\django\core\handlers\base.py", line 197, in _get_response
    response = wrapped_callback(request, *callback_args, **callback_kwargs)
  File "C:\Users\USER\Desktop\myshop_app\store\views.py", line 271, in product_detail
    return render(request, 'store/product_detail.html', {'product': product})
  File "C:\Users\USER\AppData\Local\Programs\Python\Python314\Lib\site-packages\django\shortcuts.py", line 25, in render
    content = loader.render_to_string(template_name, context, request, using=using)
  File "C:\Users\USER\AppData\Local\Programs\Python\Python314\Lib\site-packages\django\template\loader.py", line 62, in render_to_string
    return template.render(context, request)
           ~~~~~~~~~~~~~~~^^^^^^^^^^^^^^^^^^
  File "C:\Users\USER\AppData\Local\Programs\Python\Python314\Lib\site-packages\django\template\backends\django.py", line 109, in render
    reraise(exc, self.backend)
    ~~~~~~~^^^^^^^^^^^^^^^^^^^
  File "C:\Users\USER\AppData\Local\Programs\Python\Python314\Lib\site-packages\django\template\backends\django.py", line 130, in reraise
    raise new from exc
django.template.exceptions.TemplateDoesNotExist: store/base.html
ERROR 2025-12-04 21:28:00,860 basehttp 16040 15852 "GET /product/1/ HTTP/1.1" 500 132202
ERROR 2025-12-04 21:28:03,533 log 16040 21520 Internal Server Error: /product/1/
Traceback (most recent call last):
  File "C:\Users\USER\AppData\Local\Programs\Python\Python314\Lib\site-packages\django\template\backends\django.py", line 107, in render
    return self.template.render(context)
           ~~~~~~~~~~~~~~~~~~~~^^^^^^^^^
  File "C:\Users\USER\AppData\Local\Programs\Python\Python314\Lib\site-packages\django\template\base.py", line 171, in render
    return self._render(context)
           ~~~~~~~~~~~~^^^^^^^^^
  File "C:\Users\USER\AppData\Local\Programs\Python\Python314\Lib\site-packages\django\template\base.py", line 163, in _render
    return self.nodelist.render(context)
           ~~~~~~~~~~~~~~~~~~~~^^^^^^^^^
  File "C:\Users\USER\AppData\Local\Programs\Python\Python314\Lib\site-packages\django\template\base.py", line 1016, in render
    return SafeString("".join([node.render_annotated(context) for node in self]))
                               ~~~~~~~~~~~~~~~~~~~~~^^^^^^^^^
  File "C:\Users\USER\AppData\Local\Programs\Python\Python314\Lib\site-packages\django\template\base.py", line 977, in render_annotated
    return self.render(context)
           ~~~~~~~~~~~^^^^^^^^^
  File "C:\Users\USER\AppData\Local\Programs\Python\Python314\Lib\site-packages\django\template\loader_tags.py", line 134, in render
    compiled_parent = self.get_parent(context)
  File "C:\Users\USER\AppData\Local\Programs\Python\Python314\Lib\site-packages\django\template\loader_tags.py", line 131, in get_parent
    return self.find_template(parent, context)
           ~~~~~~~~~~~~~~~~~~^^^^^^^^^^^^^^^^^
  File "C:\Users\USER\AppData\Local\Programs\Python\Python314\Lib\site-packages\django\template\loader_tags.py", line 109, in find_template
    template, origin = context.template.engine.find_template(
                       ~~~~~~~~~~~~~~~~~~~~~~~~~~~~~~~~~~~~~^
        template_name,
        ^^^^^^^^^^^^^^
        skip=history,
        ^^^^^^^^^^^^^
    )
    ^
  File "C:\Users\USER\AppData\Local\Programs\Python\Python314\Lib\site-packages\django\template\engine.py", line 163, in find_template
    raise TemplateDoesNotExist(name, tried=tried)
django.template.exceptions.TemplateDoesNotExist: store/base.html

The above exception was the direct cause of the following exception:

Traceback (most recent call last):
  File "C:\Users\USER\AppData\Local\Programs\Python\Python314\Lib\site-packages\django\core\handlers\exception.py", line 55, in inner
    response = get_response(request)
  File "C:\Users\USER\AppData\Local\Programs\Python\Python314\Lib\site-packages\django\core\handlers\base.py", line 197, in _get_response
    response = wrapped_callback(request, *callback_args, **callback_kwargs)
  File "C:\Users\USER\Desktop\myshop_app\store\views.py", line 271, in product_detail
    return render(request, 'store/product_detail.html', {'product': product})
  File "C:\Users\USER\AppData\Local\Programs\Python\Python314\Lib\site-packages\django\shortcuts.py", line 25, in render
    content = loader.render_to_string(template_name, context, request, using=using)
  File "C:\Users\USER\AppData\Local\Programs\Python\Python314\Lib\site-packages\django\template\loader.py", line 62, in render_to_string
    return template.render(context, request)
           ~~~~~~~~~~~~~~~^^^^^^^^^^^^^^^^^^
  File "C:\Users\USER\AppData\Local\Programs\Python\Python314\Lib\site-packages\django\template\backends\django.py", line 109, in render
    reraise(exc, self.backend)
    ~~~~~~~^^^^^^^^^^^^^^^^^^^
  File "C:\Users\USER\AppData\Local\Programs\Python\Python314\Lib\site-packages\django\template\backends\django.py", line 130, in reraise
    raise new from exc
django.template.exceptions.TemplateDoesNotExist: store/base.html
ERROR 2025-12-04 21:28:03,537 basehttp 16040 21520 "GET /product/1/ HTTP/1.1" 500 132202
ERROR 2025-12-04 21:28:06,713 log 16040 21520 Internal Server Error: /product/1/
Traceback (most recent call last):
  File "C:\Users\USER\AppData\Local\Programs\Python\Python314\Lib\site-packages\django\template\backends\django.py", line 107, in render
    return self.template.render(context)
           ~~~~~~~~~~~~~~~~~~~~^^^^^^^^^
  File "C:\Users\USER\AppData\Local\Programs\Python\Python314\Lib\site-packages\django\template\base.py", line 171, in render
    return self._render(context)
           ~~~~~~~~~~~~^^^^^^^^^
  File "C:\Users\USER\AppData\Local\Programs\Python\Python314\Lib\site-packages\django\template\base.py", line 163, in _render
    return self.nodelist.render(context)
           ~~~~~~~~~~~~~~~~~~~~^^^^^^^^^
  File "C:\Users\USER\AppData\Local\Programs\Python\Python314\Lib\site-packages\django\template\base.py", line 1016, in render
    return SafeString("".join([node.render_annotated(context) for node in self]))
                               ~~~~~~~~~~~~~~~~~~~~~^^^^^^^^^
  File "C:\Users\USER\AppData\Local\Programs\Python\Python314\Lib\site-packages\django\template\base.py", line 977, in render_annotated
    return self.render(context)
           ~~~~~~~~~~~^^^^^^^^^
  File "C:\Users\USER\AppData\Local\Programs\Python\Python314\Lib\site-packages\django\template\loader_tags.py", line 134, in render
    compiled_parent = self.get_parent(context)
  File "C:\Users\USER\AppData\Local\Programs\Python\Python314\Lib\site-packages\django\template\loader_tags.py", line 131, in get_parent
    return self.find_template(parent, context)
           ~~~~~~~~~~~~~~~~~~^^^^^^^^^^^^^^^^^
  File "C:\Users\USER\AppData\Local\Programs\Python\Python314\Lib\site-packages\django\template\loader_tags.py", line 109, in find_template
    template, origin = context.template.engine.find_template(
                       ~~~~~~~~~~~~~~~~~~~~~~~~~~~~~~~~~~~~~^
        template_name,
        ^^^^^^^^^^^^^^
        skip=history,
        ^^^^^^^^^^^^^
    )
    ^
  File "C:\Users\USER\AppData\Local\Programs\Python\Python314\Lib\site-packages\django\template\engine.py", line 163, in find_template
    raise TemplateDoesNotExist(name, tried=tried)
django.template.exceptions.TemplateDoesNotExist: store/base.html

The above exception was the direct cause of the following exception:

Traceback (most recent call last):
  File "C:\Users\USER\AppData\Local\Programs\Python\Python314\Lib\site-packages\django\core\handlers\exception.py", line 55, in inner
    response = get_response(request)
  File "C:\Users\USER\AppData\Local\Programs\Python\Python314\Lib\site-packages\django\core\handlers\base.py", line 197, in _get_response
    response = wrapped_callback(request, *callback_args, **callback_kwargs)
  File "C:\Users\USER\Desktop\myshop_app\store\views.py", line 271, in product_detail
    return render(request, 'store/product_detail.html', {'product': product})
  File "C:\Users\USER\AppData\Local\Programs\Python\Python314\Lib\site-packages\django\shortcuts.py", line 25, in render
    content = loader.render_to_string(template_name, context, request, using=using)
  File "C:\Users\USER\AppData\Local\Programs\Python\Python314\Lib\site-packages\django\template\loader.py", line 62, in render_to_string
    return template.render(context, request)
           ~~~~~~~~~~~~~~~^^^^^^^^^^^^^^^^^^
  File "C:\Users\USER\AppData\Local\Programs\Python\Python314\Lib\site-packages\django\template\backends\django.py", line 109, in render
    reraise(exc, self.backend)
    ~~~~~~~^^^^^^^^^^^^^^^^^^^
  File "C:\Users\USER\AppData\Local\Programs\Python\Python314\Lib\site-packages\django\template\backends\django.py", line 130, in reraise
    raise new from exc
django.template.exceptions.TemplateDoesNotExist: store/base.html
ERROR 2025-12-04 21:28:06,717 basehttp 16040 21520 "GET /product/1/ HTTP/1.1" 500 132202
ERROR 2025-12-04 21:29:07,274 log 16040 12032 Internal Server Error: /product/1/
Traceback (most recent call last):
  File "C:\Users\USER\AppData\Local\Programs\Python\Python314\Lib\site-packages\django\template\backends\django.py", line 107, in render
    return self.template.render(context)
           ~~~~~~~~~~~~~~~~~~~~^^^^^^^^^
  File "C:\Users\USER\AppData\Local\Programs\Python\Python314\Lib\site-packages\django\template\base.py", line 171, in render
    return self._render(context)
           ~~~~~~~~~~~~^^^^^^^^^
  File "C:\Users\USER\AppData\Local\Programs\Python\Python314\Lib\site-packages\django\template\base.py", line 163, in _render
    return self.nodelist.render(context)
           ~~~~~~~~~~~~~~~~~~~~^^^^^^^^^
  File "C:\Users\USER\AppData\Local\Programs\Python\Python314\Lib\site-packages\django\template\base.py", line 1016, in render
    return SafeString("".join([node.render_annotated(context) for node in self]))
                               ~~~~~~~~~~~~~~~~~~~~~^^^^^^^^^
  File "C:\Users\USER\AppData\Local\Programs\Python\Python314\Lib\site-packages\django\template\base.py", line 977, in render_annotated
    return self.render(context)
           ~~~~~~~~~~~^^^^^^^^^
  File "C:\Users\USER\AppData\Local\Programs\Python\Python314\Lib\site-packages\django\template\loader_tags.py", line 134, in render
    compiled_parent = self.get_parent(context)
  File "C:\Users\USER\AppData\Local\Programs\Python\Python314\Lib\site-packages\django\template\loader_tags.py", line 131, in get_parent
    return self.find_template(parent, context)
           ~~~~~~~~~~~~~~~~~~^^^^^^^^^^^^^^^^^
  File "C:\Users\USER\AppData\Local\Programs\Python\Python314\Lib\site-packages\django\template\loader_tags.py", line 109, in find_template
    template, origin = context.template.engine.find_template(
                       ~~~~~~~~~~~~~~~~~~~~~~~~~~~~~~~~~~~~~^
        template_name,
        ^^^^^^^^^^^^^^
        skip=history,
        ^^^^^^^^^^^^^
    )
    ^
  File "C:\Users\USER\AppData\Local\Programs\Python\Python314\Lib\site-packages\django\template\engine.py", line 163, in find_template
    raise TemplateDoesNotExist(name, tried=tried)
django.template.exceptions.TemplateDoesNotExist: store/base.html

The above exception was the direct cause of the following exception:

Traceback (most recent call last):
  File "C:\Users\USER\AppData\Local\Programs\Python\Python314\Lib\site-packages\django\core\handlers\exception.py", line 55, in inner
    response = get_response(request)
  File "C:\Users\USER\AppData\Local\Programs\Python\Python314\Lib\site-packages\django\core\handlers\base.py", line 197, in _get_response
    response = wrapped_callback(request, *callback_args, **callback_kwargs)
  File "C:\Users\USER\Desktop\myshop_app\store\views.py", line 271, in product_detail
    return render(request, 'store/product_detail.html', {'product': product})
  File "C:\Users\USER\AppData\Local\Programs\Python\Python314\Lib\site-packages\django\shortcuts.py", line 25, in render
    content = loader.render_to_string(template_name, context, request, using=using)
  File "C:\Users\USER\AppData\Local\Programs\Python\Python314\Lib\site-packages\django\template\loader.py", line 62, in render_to_string
    return template.render(context, request)
           ~~~~~~~~~~~~~~~^^^^^^^^^^^^^^^^^^
  File "C:\Users\USER\AppData\Local\Programs\Python\Python314\Lib\site-packages\django\template\backends\django.py", line 109, in render
    reraise(exc, self.backend)
    ~~~~~~~^^^^^^^^^^^^^^^^^^^
  File "C:\Users\USER\AppData\Local\Programs\Python\Python314\Lib\site-packages\django\template\backends\django.py", line 130, in reraise
    raise new from exc
django.template.exceptions.TemplateDoesNotExist: store/base.html
ERROR 2025-12-04 21:29:07,279 basehttp 16040 12032 "GET /product/1/ HTTP/1.1" 500 132202
INFO 2025-12-04 21:32:39,391 basehttp 16040 22560 "GET / HTTP/1.1" 200 12367
ERROR 2025-12-04 21:32:44,451 log 16040 6832 Internal Server Error: /product/1/
Traceback (most recent call last):
  File "C:\Users\USER\AppData\Local\Programs\Python\Python314\Lib\site-packages\django\template\backends\django.py", line 107, in render
    return self.template.render(context)
           ~~~~~~~~~~~~~~~~~~~~^^^^^^^^^
  File "C:\Users\USER\AppData\Local\Programs\Python\Python314\Lib\site-packages\django\template\base.py", line 171, in render
    return self._render(context)
           ~~~~~~~~~~~~^^^^^^^^^
  File "C:\Users\USER\AppData\Local\Programs\Python\Python314\Lib\site-packages\django\template\base.py", line 163, in _render
    return self.nodelist.render(context)
           ~~~~~~~~~~~~~~~~~~~~^^^^^^^^^
  File "C:\Users\USER\AppData\Local\Programs\Python\Python314\Lib\site-packages\django\template\base.py", line 1016, in render
    return SafeString("".join([node.render_annotated(context) for node in self]))
                               ~~~~~~~~~~~~~~~~~~~~~^^^^^^^^^
  File "C:\Users\USER\AppData\Local\Programs\Python\Python314\Lib\site-packages\django\template\base.py", line 977, in render_annotated
    return self.render(context)
           ~~~~~~~~~~~^^^^^^^^^
  File "C:\Users\USER\AppData\Local\Programs\Python\Python314\Lib\site-packages\django\template\loader_tags.py", line 134, in render
    compiled_parent = self.get_parent(context)
  File "C:\Users\USER\AppData\Local\Programs\Python\Python314\Lib\site-packages\django\template\loader_tags.py", line 131, in get_parent
    return self.find_template(parent, context)
           ~~~~~~~~~~~~~~~~~~^^^^^^^^^^^^^^^^^
  File "C:\Users\USER\AppData\Local\Programs\Python\Python314\Lib\site-packages\django\template\loader_tags.py", line 109, in find_template
    template, origin = context.template.engine.find_template(
                       ~~~~~~~~~~~~~~~~~~~~~~~~~~~~~~~~~~~~~^
        template_name,
        ^^^^^^^^^^^^^^
        skip=history,
        ^^^^^^^^^^^^^
    )
    ^
  File "C:\Users\USER\AppData\Local\Programs\Python\Python314\Lib\site-packages\django\template\engine.py", line 163, in find_template
    raise TemplateDoesNotExist(name, tried=tried)
django.template.exceptions.TemplateDoesNotExist: store/base.html

The above exception was the direct cause of the following exception:

Traceback (most recent call last):
  File "C:\Users\USER\AppData\Local\Programs\Python\Python314\Lib\site-packages\django\core\handlers\exception.py", line 55, in inner
    response = get_response(request)
  File "C:\Users\USER\AppData\Local\Programs\Python\Python314\Lib\site-packages\django\core\handlers\base.py", line 197, in _get_response
    response = wrapped_callback(request, *callback_args, **callback_kwargs)
  File "C:\Users\USER\Desktop\myshop_app\store\views.py", line 271, in product_detail
    return render(request, 'store/product_detail.html', {'product': product})
  File "C:\Users\USER\AppData\Local\Programs\Python\Python314\Lib\site-packages\django\shortcuts.py", line 25, in render
    content = loader.render_to_string(template_name, context, request, using=using)
  File "C:\Users\USER\AppData\Local\Programs\Python\Python314\Lib\site-packages\django\template\loader.py", line 62, in render_to_string
    return template.render(context, request)
           ~~~~~~~~~~~~~~~^^^^^^^^^^^^^^^^^^
  File "C:\Users\USER\AppData\Local\Programs\Python\Python314\Lib\site-packages\django\template\backends\django.py", line 109, in render
    reraise(exc, self.backend)
    ~~~~~~~^^^^^^^^^^^^^^^^^^^
  File "C:\Users\USER\AppData\Local\Programs\Python\Python314\Lib\site-packages\django\template\backends\django.py", line 130, in reraise
    raise new from exc
django.template.exceptions.TemplateDoesNotExist: store/base.html
ERROR 2025-12-04 21:32:44,457 basehttp 16040 6832 "GET /product/1/ HTTP/1.1" 500 132202
INFO 2025-12-04 21:32:47,636 basehttp 16040 6832 "GET / HTTP/1.1" 200 12367
INFO 2025-12-04 21:32:50,437 basehttp 16040 6832 "GET /admin/ HTTP/1.1" 200 12377
INFO 2025-12-04 21:32:52,204 basehttp 16040 9548 "GET / HTTP/1.1" 200 12367
INFO 2025-12-04 21:32:52,239 basehttp 16040 9548 "GET /media/products/41ObsCYcV1L._SY445_SX342_ML2_.jpg HTTP/1.1" 304 0
INFO 2025-12-04 21:32:52,239 basehttp 16040 17424 "GET /media/products/41NOgOAkpL._SY445_SX342_ML2_.jpg HTTP/1.1" 304 0
INFO 2025-12-04 21:32:52,250 basehttp 16040 9548 "GET /media/products/81S88P1FQwL._SY466_.jpg HTTP/1.1" 304 0
INFO 2025-12-04 21:32:52,254 basehttp 16040 17424 "GET /media/products/510L6Sk8hL._SY445_SX342_ML2_.jpg HTTP/1.1" 304 0
INFO 2025-12-04 21:32:52,259 basehttp 16040 9548 "GET /media/products/OIP_1.webp HTTP/1.1" 304 0
INFO 2025-12-04 21:32:52,259 basehttp 16040 18016 "GET /media/products/81YyU0v02gL._SY466_.jpg HTTP/1.1" 304 0
INFO 2025-12-04 21:32:52,402 basehttp 16040 18016 "GET / HTTP/1.1" 200 12367
ERROR 2025-12-04 21:33:00,552 log 16040 18016 Internal Server Error: /product/1/
Traceback (most recent call last):
  File "C:\Users\USER\AppData\Local\Programs\Python\Python314\Lib\site-packages\django\template\backends\django.py", line 107, in render
    return self.template.render(context)
           ~~~~~~~~~~~~~~~~~~~~^^^^^^^^^
  File "C:\Users\USER\AppData\Local\Programs\Python\Python314\Lib\site-packages\django\template\base.py", line 171, in render
    return self._render(context)
           ~~~~~~~~~~~~^^^^^^^^^
  File "C:\Users\USER\AppData\Local\Programs\Python\Python314\Lib\site-packages\django\template\base.py", line 163, in _render
    return self.nodelist.render(context)
           ~~~~~~~~~~~~~~~~~~~~^^^^^^^^^
  File "C:\Users\USER\AppData\Local\Programs\Python\Python314\Lib\site-packages\django\template\base.py", line 1016, in render
    return SafeString("".join([node.render_annotated(context) for node in self]))
                               ~~~~~~~~~~~~~~~~~~~~~^^^^^^^^^
  File "C:\Users\USER\AppData\Local\Programs\Python\Python314\Lib\site-packages\django\template\base.py", line 977, in render_annotated
    return self.render(context)
           ~~~~~~~~~~~^^^^^^^^^
  File "C:\Users\USER\AppData\Local\Programs\Python\Python314\Lib\site-packages\django\template\loader_tags.py", line 134, in render
    compiled_parent = self.get_parent(context)
  File "C:\Users\USER\AppData\Local\Programs\Python\Python314\Lib\site-packages\django\template\loader_tags.py", line 131, in get_parent
    return self.find_template(parent, context)
           ~~~~~~~~~~~~~~~~~~^^^^^^^^^^^^^^^^^
  File "C:\Users\USER\AppData\Local\Programs\Python\Python314\Lib\site-packages\django\template\loader_tags.py", line 109, in find_template
    template, origin = context.template.engine.find_template(
                       ~~~~~~~~~~~~~~~~~~~~~~~~~~~~~~~~~~~~~^
        template_name,
        ^^^^^^^^^^^^^^
        skip=history,
        ^^^^^^^^^^^^^
    )
    ^
  File "C:\Users\USER\AppData\Local\Programs\Python\Python314\Lib\site-packages\django\template\engine.py", line 163, in find_template
    raise TemplateDoesNotExist(name, tried=tried)
django.template.exceptions.TemplateDoesNotExist: store/base.html

The above exception was the direct cause of the following exception:

Traceback (most recent call last):
  File "C:\Users\USER\AppData\Local\Programs\Python\Python314\Lib\site-packages\django\core\handlers\exception.py", line 55, in inner
    response = get_response(request)
  File "C:\Users\USER\AppData\Local\Programs\Python\Python314\Lib\site-packages\django\core\handlers\base.py", line 197, in _get_response
    response = wrapped_callback(request, *callback_args, **callback_kwargs)
  File "C:\Users\USER\Desktop\myshop_app\store\views.py", line 271, in product_detail
    return render(request, 'store/product_detail.html', {'product': product})
  File "C:\Users\USER\AppData\Local\Programs\Python\Python314\Lib\site-packages\django\shortcuts.py", line 25, in render
    content = loader.render_to_string(template_name, context, request, using=using)
  File "C:\Users\USER\AppData\Local\Programs\Python\Python314\Lib\site-packages\django\template\loader.py", line 62, in render_to_string
    return template.render(context, request)
           ~~~~~~~~~~~~~~~^^^^^^^^^^^^^^^^^^
  File "C:\Users\USER\AppData\Local\Programs\Python\Python314\Lib\site-packages\django\template\backends\django.py", line 109, in render
    reraise(exc, self.backend)
    ~~~~~~~^^^^^^^^^^^^^^^^^^^
  File "C:\Users\USER\AppData\Local\Programs\Python\Python314\Lib\site-packages\django\template\backends\django.py", line 130, in reraise
    raise new from exc
django.template.exceptions.TemplateDoesNotExist: store/base.html
ERROR 2025-12-04 21:33:00,557 basehttp 16040 18016 "GET /product/1/ HTTP/1.1" 500 132202
ERROR 2025-12-04 21:33:03,559 log 16040 1240 Internal Server Error: /product/1/
Traceback (most recent call last):
  File "C:\Users\USER\AppData\Local\Programs\Python\Python314\Lib\site-packages\django\template\backends\django.py", line 107, in render
    return self.template.render(context)
           ~~~~~~~~~~~~~~~~~~~~^^^^^^^^^
  File "C:\Users\USER\AppData\Local\Programs\Python\Python314\Lib\site-packages\django\template\base.py", line 171, in render
    return self._render(context)
           ~~~~~~~~~~~~^^^^^^^^^
  File "C:\Users\USER\AppData\Local\Programs\Python\Python314\Lib\site-packages\django\template\base.py", line 163, in _render
    return self.nodelist.render(context)
           ~~~~~~~~~~~~~~~~~~~~^^^^^^^^^
  File "C:\Users\USER\AppData\Local\Programs\Python\Python314\Lib\site-packages\django\template\base.py", line 1016, in render
    return SafeString("".join([node.render_annotated(context) for node in self]))
                               ~~~~~~~~~~~~~~~~~~~~~^^^^^^^^^
  File "C:\Users\USER\AppData\Local\Programs\Python\Python314\Lib\site-packages\django\template\base.py", line 977, in render_annotated
    return self.render(context)
           ~~~~~~~~~~~^^^^^^^^^
  File "C:\Users\USER\AppData\Local\Programs\Python\Python314\Lib\site-packages\django\template\loader_tags.py", line 134, in render
    compiled_parent = self.get_parent(context)
  File "C:\Users\USER\AppData\Local\Programs\Python\Python314\Lib\site-packages\django\template\loader_tags.py", line 131, in get_parent
    return self.find_template(parent, context)
           ~~~~~~~~~~~~~~~~~~^^^^^^^^^^^^^^^^^
  File "C:\Users\USER\AppData\Local\Programs\Python\Python314\Lib\site-packages\django\template\loader_tags.py", line 109, in find_template
    template, origin = context.template.engine.find_template(
                       ~~~~~~~~~~~~~~~~~~~~~~~~~~~~~~~~~~~~~^
        template_name,
        ^^^^^^^^^^^^^^
        skip=history,
        ^^^^^^^^^^^^^
    )
    ^
  File "C:\Users\USER\AppData\Local\Programs\Python\Python314\Lib\site-packages\django\template\engine.py", line 163, in find_template
    raise TemplateDoesNotExist(name, tried=tried)
django.template.exceptions.TemplateDoesNotExist: store/base.html

The above exception was the direct cause of the following exception:

Traceback (most recent call last):
  File "C:\Users\USER\AppData\Local\Programs\Python\Python314\Lib\site-packages\django\core\handlers\exception.py", line 55, in inner
    response = get_response(request)
  File "C:\Users\USER\AppData\Local\Programs\Python\Python314\Lib\site-packages\django\core\handlers\base.py", line 197, in _get_response
    response = wrapped_callback(request, *callback_args, **callback_kwargs)
  File "C:\Users\USER\Desktop\myshop_app\store\views.py", line 271, in product_detail
    return render(request, 'store/product_detail.html', {'product': product})
  File "C:\Users\USER\AppData\Local\Programs\Python\Python314\Lib\site-packages\django\shortcuts.py", line 25, in render
    content = loader.render_to_string(template_name, context, request, using=using)
  File "C:\Users\USER\AppData\Local\Programs\Python\Python314\Lib\site-packages\django\template\loader.py", line 62, in render_to_string
    return template.render(context, request)
           ~~~~~~~~~~~~~~~^^^^^^^^^^^^^^^^^^
  File "C:\Users\USER\AppData\Local\Programs\Python\Python314\Lib\site-packages\django\template\backends\django.py", line 109, in render
    reraise(exc, self.backend)
    ~~~~~~~^^^^^^^^^^^^^^^^^^^
  File "C:\Users\USER\AppData\Local\Programs\Python\Python314\Lib\site-packages\django\template\backends\django.py", line 130, in reraise
    raise new from exc
django.template.exceptions.TemplateDoesNotExist: store/base.html
ERROR 2025-12-04 21:33:03,565 basehttp 16040 1240 "GET /product/1/ HTTP/1.1" 500 132202
ERROR 2025-12-04 21:34:06,272 log 16040 12232 Internal Server Error: /product/1/
Traceback (most recent call last):
  File "C:\Users\USER\AppData\Local\Programs\Python\Python314\Lib\site-packages\django\template\backends\django.py", line 107, in render
    return self.template.render(context)
           ~~~~~~~~~~~~~~~~~~~~^^^^^^^^^
  File "C:\Users\USER\AppData\Local\Programs\Python\Python314\Lib\site-packages\django\template\base.py", line 171, in render
    return self._render(context)
           ~~~~~~~~~~~~^^^^^^^^^
  File "C:\Users\USER\AppData\Local\Programs\Python\Python314\Lib\site-packages\django\template\base.py", line 163, in _render
    return self.nodelist.render(context)
           ~~~~~~~~~~~~~~~~~~~~^^^^^^^^^
  File "C:\Users\USER\AppData\Local\Programs\Python\Python314\Lib\site-packages\django\template\base.py", line 1016, in render
    return SafeString("".join([node.render_annotated(context) for node in self]))
                               ~~~~~~~~~~~~~~~~~~~~~^^^^^^^^^
  File "C:\Users\USER\AppData\Local\Programs\Python\Python314\Lib\site-packages\django\template\base.py", line 977, in render_annotated
    return self.render(context)
           ~~~~~~~~~~~^^^^^^^^^
  File "C:\Users\USER\AppData\Local\Programs\Python\Python314\Lib\site-packages\django\template\loader_tags.py", line 134, in render
    compiled_parent = self.get_parent(context)
  File "C:\Users\USER\AppData\Local\Programs\Python\Python314\Lib\site-packages\django\template\loader_tags.py", line 131, in get_parent
    return self.find_template(parent, context)
           ~~~~~~~~~~~~~~~~~~^^^^^^^^^^^^^^^^^
  File "C:\Users\USER\AppData\Local\Programs\Python\Python314\Lib\site-packages\django\template\loader_tags.py", line 109, in find_template
    template, origin = context.template.engine.find_template(
                       ~~~~~~~~~~~~~~~~~~~~~~~~~~~~~~~~~~~~~^
        template_name,
        ^^^^^^^^^^^^^^
        skip=history,
        ^^^^^^^^^^^^^
    )
    ^
  File "C:\Users\USER\AppData\Local\Programs\Python\Python314\Lib\site-packages\django\template\engine.py", line 163, in find_template
    raise TemplateDoesNotExist(name, tried=tried)
django.template.exceptions.TemplateDoesNotExist: store/base.html

The above exception was the direct cause of the following exception:

Traceback (most recent call last):
  File "C:\Users\USER\AppData\Local\Programs\Python\Python314\Lib\site-packages\django\core\handlers\exception.py", line 55, in inner
    response = get_response(request)
  File "C:\Users\USER\AppData\Local\Programs\Python\Python314\Lib\site-packages\django\core\handlers\base.py", line 197, in _get_response
    response = wrapped_callback(request, *callback_args, **callback_kwargs)
  File "C:\Users\USER\Desktop\myshop_app\store\views.py", line 271, in product_detail
    return render(request, 'store/product_detail.html', {'product': product})
  File "C:\Users\USER\AppData\Local\Programs\Python\Python314\Lib\site-packages\django\shortcuts.py", line 25, in render
    content = loader.render_to_string(template_name, context, request, using=using)
  File "C:\Users\USER\AppData\Local\Programs\Python\Python314\Lib\site-packages\django\template\loader.py", line 62, in render_to_string
    return template.render(context, request)
           ~~~~~~~~~~~~~~~^^^^^^^^^^^^^^^^^^
  File "C:\Users\USER\AppData\Local\Programs\Python\Python314\Lib\site-packages\django\template\backends\django.py", line 109, in render
    reraise(exc, self.backend)
    ~~~~~~~^^^^^^^^^^^^^^^^^^^
  File "C:\Users\USER\AppData\Local\Programs\Python\Python314\Lib\site-packages\django\template\backends\django.py", line 130, in reraise
    raise new from exc
django.template.exceptions.TemplateDoesNotExist: store/base.html
ERROR 2025-12-04 21:34:06,278 basehttp 16040 12232 "GET /product/1/ HTTP/1.1" 500 132202
ERROR 2025-12-04 21:34:32,021 log 16040 18148 Internal Server Error: /product/3/
Traceback (most recent call last):
  File "C:\Users\USER\AppData\Local\Programs\Python\Python314\Lib\site-packages\django\template\backends\django.py", line 107, in render
    return self.template.render(context)
           ~~~~~~~~~~~~~~~~~~~~^^^^^^^^^
  File "C:\Users\USER\AppData\Local\Programs\Python\Python314\Lib\site-packages\django\template\base.py", line 171, in render
    return self._render(context)
           ~~~~~~~~~~~~^^^^^^^^^
  File "C:\Users\USER\AppData\Local\Programs\Python\Python314\Lib\site-packages\django\template\base.py", line 163, in _render
    return self.nodelist.render(context)
           ~~~~~~~~~~~~~~~~~~~~^^^^^^^^^
  File "C:\Users\USER\AppData\Local\Programs\Python\Python314\Lib\site-packages\django\template\base.py", line 1016, in render
    return SafeString("".join([node.render_annotated(context) for node in self]))
                               ~~~~~~~~~~~~~~~~~~~~~^^^^^^^^^
  File "C:\Users\USER\AppData\Local\Programs\Python\Python314\Lib\site-packages\django\template\base.py", line 977, in render_annotated
    return self.render(context)
           ~~~~~~~~~~~^^^^^^^^^
  File "C:\Users\USER\AppData\Local\Programs\Python\Python314\Lib\site-packages\django\template\loader_tags.py", line 134, in render
    compiled_parent = self.get_parent(context)
  File "C:\Users\USER\AppData\Local\Programs\Python\Python314\Lib\site-packages\django\template\loader_tags.py", line 131, in get_parent
    return self.find_template(parent, context)
           ~~~~~~~~~~~~~~~~~~^^^^^^^^^^^^^^^^^
  File "C:\Users\USER\AppData\Local\Programs\Python\Python314\Lib\site-packages\django\template\loader_tags.py", line 109, in find_template
    template, origin = context.template.engine.find_template(
                       ~~~~~~~~~~~~~~~~~~~~~~~~~~~~~~~~~~~~~^
        template_name,
        ^^^^^^^^^^^^^^
        skip=history,
        ^^^^^^^^^^^^^
    )
    ^
  File "C:\Users\USER\AppData\Local\Programs\Python\Python314\Lib\site-packages\django\template\engine.py", line 163, in find_template
    raise TemplateDoesNotExist(name, tried=tried)
django.template.exceptions.TemplateDoesNotExist: store/base.html

The above exception was the direct cause of the following exception:

Traceback (most recent call last):
  File "C:\Users\USER\AppData\Local\Programs\Python\Python314\Lib\site-packages\django\core\handlers\exception.py", line 55, in inner
    response = get_response(request)
  File "C:\Users\USER\AppData\Local\Programs\Python\Python314\Lib\site-packages\django\core\handlers\base.py", line 197, in _get_response
    response = wrapped_callback(request, *callback_args, **callback_kwargs)
  File "C:\Users\USER\Desktop\myshop_app\store\views.py", line 271, in product_detail
    return render(request, 'store/product_detail.html', {'product': product})
  File "C:\Users\USER\AppData\Local\Programs\Python\Python314\Lib\site-packages\django\shortcuts.py", line 25, in render
    content = loader.render_to_string(template_name, context, request, using=using)
  File "C:\Users\USER\AppData\Local\Programs\Python\Python314\Lib\site-packages\django\template\loader.py", line 62, in render_to_string
    return template.render(context, request)
           ~~~~~~~~~~~~~~~^^^^^^^^^^^^^^^^^^
  File "C:\Users\USER\AppData\Local\Programs\Python\Python314\Lib\site-packages\django\template\backends\django.py", line 109, in render
    reraise(exc, self.backend)
    ~~~~~~~^^^^^^^^^^^^^^^^^^^
  File "C:\Users\USER\AppData\Local\Programs\Python\Python314\Lib\site-packages\django\template\backends\django.py", line 130, in reraise
    raise new from exc
django.template.exceptions.TemplateDoesNotExist: store/base.html
ERROR 2025-12-04 21:34:32,026 basehttp 16040 18148 "GET /product/3/ HTTP/1.1" 500 132010
ERROR 2025-12-04 21:34:36,207 log 16040 4748 Internal Server Error: /product/1/
Traceback (most recent call last):
  File "C:\Users\USER\AppData\Local\Programs\Python\Python314\Lib\site-packages\django\template\backends\django.py", line 107, in render
    return self.template.render(context)
           ~~~~~~~~~~~~~~~~~~~~^^^^^^^^^
  File "C:\Users\USER\AppData\Local\Programs\Python\Python314\Lib\site-packages\django\template\base.py", line 171, in render
    return self._render(context)
           ~~~~~~~~~~~~^^^^^^^^^
  File "C:\Users\USER\AppData\Local\Programs\Python\Python314\Lib\site-packages\django\template\base.py", line 163, in _render
    return self.nodelist.render(context)
           ~~~~~~~~~~~~~~~~~~~~^^^^^^^^^
  File "C:\Users\USER\AppData\Local\Programs\Python\Python314\Lib\site-packages\django\template\base.py", line 1016, in render
    return SafeString("".join([node.render_annotated(context) for node in self]))
                               ~~~~~~~~~~~~~~~~~~~~~^^^^^^^^^
  File "C:\Users\USER\AppData\Local\Programs\Python\Python314\Lib\site-packages\django\template\base.py", line 977, in render_annotated
    return self.render(context)
           ~~~~~~~~~~~^^^^^^^^^
  File "C:\Users\USER\AppData\Local\Programs\Python\Python314\Lib\site-packages\django\template\loader_tags.py", line 134, in render
    compiled_parent = self.get_parent(context)
  File "C:\Users\USER\AppData\Local\Programs\Python\Python314\Lib\site-packages\django\template\loader_tags.py", line 131, in get_parent
    return self.find_template(parent, context)
           ~~~~~~~~~~~~~~~~~~^^^^^^^^^^^^^^^^^
  File "C:\Users\USER\AppData\Local\Programs\Python\Python314\Lib\site-packages\django\template\loader_tags.py", line 109, in find_template
    template, origin = context.template.engine.find_template(
                       ~~~~~~~~~~~~~~~~~~~~~~~~~~~~~~~~~~~~~^
        template_name,
        ^^^^^^^^^^^^^^
        skip=history,
        ^^^^^^^^^^^^^
    )
    ^
  File "C:\Users\USER\AppData\Local\Programs\Python\Python314\Lib\site-packages\django\template\engine.py", line 163, in find_template
    raise TemplateDoesNotExist(name, tried=tried)
django.template.exceptions.TemplateDoesNotExist: store/base.html

The above exception was the direct cause of the following exception:

Traceback (most recent call last):
  File "C:\Users\USER\AppData\Local\Programs\Python\Python314\Lib\site-packages\django\core\handlers\exception.py", line 55, in inner
    response = get_response(request)
  File "C:\Users\USER\AppData\Local\Programs\Python\Python314\Lib\site-packages\django\core\handlers\base.py", line 197, in _get_response
    response = wrapped_callback(request, *callback_args, **callback_kwargs)
  File "C:\Users\USER\Desktop\myshop_app\store\views.py", line 271, in product_detail
    return render(request, 'store/product_detail.html', {'product': product})
  File "C:\Users\USER\AppData\Local\Programs\Python\Python314\Lib\site-packages\django\shortcuts.py", line 25, in render
    content = loader.render_to_string(template_name, context, request, using=using)
  File "C:\Users\USER\AppData\Local\Programs\Python\Python314\Lib\site-packages\django\template\loader.py", line 62, in render_to_string
    return template.render(context, request)
           ~~~~~~~~~~~~~~~^^^^^^^^^^^^^^^^^^
  File "C:\Users\USER\AppData\Local\Programs\Python\Python314\Lib\site-packages\django\template\backends\django.py", line 109, in render
    reraise(exc, self.backend)
    ~~~~~~~^^^^^^^^^^^^^^^^^^^
  File "C:\Users\USER\AppData\Local\Programs\Python\Python314\Lib\site-packages\django\template\backends\django.py", line 130, in reraise
    raise new from exc
django.template.exceptions.TemplateDoesNotExist: store/base.html
ERROR 2025-12-04 21:34:36,211 basehttp 16040 4748 "GET /product/1/ HTTP/1.1" 500 132202
ERROR 2025-12-04 21:34:39,399 log 16040 4748 Internal Server Error: /product/3/
Traceback (most recent call last):
  File "C:\Users\USER\AppData\Local\Programs\Python\Python314\Lib\site-packages\django\template\backends\django.py", line 107, in render
    return self.template.render(context)
           ~~~~~~~~~~~~~~~~~~~~^^^^^^^^^
  File "C:\Users\USER\AppData\Local\Programs\Python\Python314\Lib\site-packages\django\template\base.py", line 171, in render
    return self._render(context)
           ~~~~~~~~~~~~^^^^^^^^^
  File "C:\Users\USER\AppData\Local\Programs\Python\Python314\Lib\site-packages\django\template\base.py", line 163, in _render
    return self.nodelist.render(context)
           ~~~~~~~~~~~~~~~~~~~~^^^^^^^^^
  File "C:\Users\USER\AppData\Local\Programs\Python\Python314\Lib\site-packages\django\template\base.py", line 1016, in render
    return SafeString("".join([node.render_annotated(context) for node in self]))
                               ~~~~~~~~~~~~~~~~~~~~~^^^^^^^^^
  File "C:\Users\USER\AppData\Local\Programs\Python\Python314\Lib\site-packages\django\template\base.py", line 977, in render_annotated
    return self.render(context)
           ~~~~~~~~~~~^^^^^^^^^
  File "C:\Users\USER\AppData\Local\Programs\Python\Python314\Lib\site-packages\django\template\loader_tags.py", line 134, in render
    compiled_parent = self.get_parent(context)
  File "C:\Users\USER\AppData\Local\Programs\Python\Python314\Lib\site-packages\django\template\loader_tags.py", line 131, in get_parent
    return self.find_template(parent, context)
           ~~~~~~~~~~~~~~~~~~^^^^^^^^^^^^^^^^^
  File "C:\Users\USER\AppData\Local\Programs\Python\Python314\Lib\site-packages\django\template\loader_tags.py", line 109, in find_template
    template, origin = context.template.engine.find_template(
                       ~~~~~~~~~~~~~~~~~~~~~~~~~~~~~~~~~~~~~^
        template_name,
        ^^^^^^^^^^^^^^
        skip=history,
        ^^^^^^^^^^^^^
    )
    ^
  File "C:\Users\USER\AppData\Local\Programs\Python\Python314\Lib\site-packages\django\template\engine.py", line 163, in find_template
    raise TemplateDoesNotExist(name, tried=tried)
django.template.exceptions.TemplateDoesNotExist: store/base.html

The above exception was the direct cause of the following exception:

Traceback (most recent call last):
  File "C:\Users\USER\AppData\Local\Programs\Python\Python314\Lib\site-packages\django\core\handlers\exception.py", line 55, in inner
    response = get_response(request)
  File "C:\Users\USER\AppData\Local\Programs\Python\Python314\Lib\site-packages\django\core\handlers\base.py", line 197, in _get_response
    response = wrapped_callback(request, *callback_args, **callback_kwargs)
  File "C:\Users\USER\Desktop\myshop_app\store\views.py", line 271, in product_detail
    return render(request, 'store/product_detail.html', {'product': product})
  File "C:\Users\USER\AppData\Local\Programs\Python\Python314\Lib\site-packages\django\shortcuts.py", line 25, in render
    content = loader.render_to_string(template_name, context, request, using=using)
  File "C:\Users\USER\AppData\Local\Programs\Python\Python314\Lib\site-packages\django\template\loader.py", line 62, in render_to_string
    return template.render(context, request)
           ~~~~~~~~~~~~~~~^^^^^^^^^^^^^^^^^^
  File "C:\Users\USER\AppData\Local\Programs\Python\Python314\Lib\site-packages\django\template\backends\django.py", line 109, in render
    reraise(exc, self.backend)
    ~~~~~~~^^^^^^^^^^^^^^^^^^^
  File "C:\Users\USER\AppData\Local\Programs\Python\Python314\Lib\site-packages\django\template\backends\django.py", line 130, in reraise
    raise new from exc
django.template.exceptions.TemplateDoesNotExist: store/base.html
ERROR 2025-12-04 21:34:39,404 basehttp 16040 4748 "GET /product/3/ HTTP/1.1" 500 132010
ERROR 2025-12-04 21:34:42,371 log 16040 4748 Internal Server Error: /product/4/
Traceback (most recent call last):
  File "C:\Users\USER\AppData\Local\Programs\Python\Python314\Lib\site-packages\django\template\backends\django.py", line 107, in render
    return self.template.render(context)
           ~~~~~~~~~~~~~~~~~~~~^^^^^^^^^
  File "C:\Users\USER\AppData\Local\Programs\Python\Python314\Lib\site-packages\django\template\base.py", line 171, in render
    return self._render(context)
           ~~~~~~~~~~~~^^^^^^^^^
  File "C:\Users\USER\AppData\Local\Programs\Python\Python314\Lib\site-packages\django\template\base.py", line 163, in _render
    return self.nodelist.render(context)
           ~~~~~~~~~~~~~~~~~~~~^^^^^^^^^
  File "C:\Users\USER\AppData\Local\Programs\Python\Python314\Lib\site-packages\django\template\base.py", line 1016, in render
    return SafeString("".join([node.render_annotated(context) for node in self]))
                               ~~~~~~~~~~~~~~~~~~~~~^^^^^^^^^
  File "C:\Users\USER\AppData\Local\Programs\Python\Python314\Lib\site-packages\django\template\base.py", line 977, in render_annotated
    return self.render(context)
           ~~~~~~~~~~~^^^^^^^^^
  File "C:\Users\USER\AppData\Local\Programs\Python\Python314\Lib\site-packages\django\template\loader_tags.py", line 134, in render
    compiled_parent = self.get_parent(context)
  File "C:\Users\USER\AppData\Local\Programs\Python\Python314\Lib\site-packages\django\template\loader_tags.py", line 131, in get_parent
    return self.find_template(parent, context)
           ~~~~~~~~~~~~~~~~~~^^^^^^^^^^^^^^^^^
  File "C:\Users\USER\AppData\Local\Programs\Python\Python314\Lib\site-packages\django\template\loader_tags.py", line 109, in find_template
    template, origin = context.template.engine.find_template(
                       ~~~~~~~~~~~~~~~~~~~~~~~~~~~~~~~~~~~~~^
        template_name,
        ^^^^^^^^^^^^^^
        skip=history,
        ^^^^^^^^^^^^^
    )
    ^
  File "C:\Users\USER\AppData\Local\Programs\Python\Python314\Lib\site-packages\django\template\engine.py", line 163, in find_template
    raise TemplateDoesNotExist(name, tried=tried)
django.template.exceptions.TemplateDoesNotExist: store/base.html

The above exception was the direct cause of the following exception:

Traceback (most recent call last):
  File "C:\Users\USER\AppData\Local\Programs\Python\Python314\Lib\site-packages\django\core\handlers\exception.py", line 55, in inner
    response = get_response(request)
  File "C:\Users\USER\AppData\Local\Programs\Python\Python314\Lib\site-packages\django\core\handlers\base.py", line 197, in _get_response
    response = wrapped_callback(request, *callback_args, **callback_kwargs)
  File "C:\Users\USER\Desktop\myshop_app\store\views.py", line 271, in product_detail
    return render(request, 'store/product_detail.html', {'product': product})
  File "C:\Users\USER\AppData\Local\Programs\Python\Python314\Lib\site-packages\django\shortcuts.py", line 25, in render
    content = loader.render_to_string(template_name, context, request, using=using)
  File "C:\Users\USER\AppData\Local\Programs\Python\Python314\Lib\site-packages\django\template\loader.py", line 62, in render_to_string
    return template.render(context, request)
           ~~~~~~~~~~~~~~~^^^^^^^^^^^^^^^^^^
  File "C:\Users\USER\AppData\Local\Programs\Python\Python314\Lib\site-packages\django\template\backends\django.py", line 109, in render
    reraise(exc, self.backend)
    ~~~~~~~^^^^^^^^^^^^^^^^^^^
  File "C:\Users\USER\AppData\Local\Programs\Python\Python314\Lib\site-packages\django\template\backends\django.py", line 130, in reraise
    raise new from exc
django.template.exceptions.TemplateDoesNotExist: store/base.html
ERROR 2025-12-04 21:34:42,376 basehttp 16040 4748 "GET /product/4/ HTTP/1.1" 500 131902
ERROR 2025-12-04 21:34:45,293 log 16040 4748 Internal Server Error: /product/5/
Traceback (most recent call last):
  File "C:\Users\USER\AppData\Local\Programs\Python\Python314\Lib\site-packages\django\template\backends\django.py", line 107, in render
    return self.template.render(context)
           ~~~~~~~~~~~~~~~~~~~~^^^^^^^^^
  File "C:\Users\USER\AppData\Local\Programs\Python\Python314\Lib\site-packages\django\template\base.py", line 171, in render
    return self._render(context)
           ~~~~~~~~~~~~^^^^^^^^^
  File "C:\Users\USER\AppData\Local\Programs\Python\Python314\Lib\site-packages\django\template\base.py", line 163, in _render
    return self.nodelist.render(context)
           ~~~~~~~~~~~~~~~~~~~~^^^^^^^^^
  File "C:\Users\USER\AppData\Local\Programs\Python\Python314\Lib\site-packages\django\template\base.py", line 1016, in render
    return SafeString("".join([node.render_annotated(context) for node in self]))
                               ~~~~~~~~~~~~~~~~~~~~~^^^^^^^^^
  File "C:\Users\USER\AppData\Local\Programs\Python\Python314\Lib\site-packages\django\template\base.py", line 977, in render_annotated
    return self.render(context)
           ~~~~~~~~~~~^^^^^^^^^
  File "C:\Users\USER\AppData\Local\Programs\Python\Python314\Lib\site-packages\django\template\loader_tags.py", line 134, in render
    compiled_parent = self.get_parent(context)
  File "C:\Users\USER\AppData\Local\Programs\Python\Python314\Lib\site-packages\django\template\loader_tags.py", line 131, in get_parent
    return self.find_template(parent, context)
           ~~~~~~~~~~~~~~~~~~^^^^^^^^^^^^^^^^^
  File "C:\Users\USER\AppData\Local\Programs\Python\Python314\Lib\site-packages\django\template\loader_tags.py", line 109, in find_template
    template, origin = context.template.engine.find_template(
                       ~~~~~~~~~~~~~~~~~~~~~~~~~~~~~~~~~~~~~^
        template_name,
        ^^^^^^^^^^^^^^
        skip=history,
        ^^^^^^^^^^^^^
    )
    ^
  File "C:\Users\USER\AppData\Local\Programs\Python\Python314\Lib\site-packages\django\template\engine.py", line 163, in find_template
    raise TemplateDoesNotExist(name, tried=tried)
django.template.exceptions.TemplateDoesNotExist: store/base.html

The above exception was the direct cause of the following exception:

Traceback (most recent call last):
  File "C:\Users\USER\AppData\Local\Programs\Python\Python314\Lib\site-packages\django\core\handlers\exception.py", line 55, in inner
    response = get_response(request)
  File "C:\Users\USER\AppData\Local\Programs\Python\Python314\Lib\site-packages\django\core\handlers\base.py", line 197, in _get_response
    response = wrapped_callback(request, *callback_args, **callback_kwargs)
  File "C:\Users\USER\Desktop\myshop_app\store\views.py", line 271, in product_detail
    return render(request, 'store/product_detail.html', {'product': product})
  File "C:\Users\USER\AppData\Local\Programs\Python\Python314\Lib\site-packages\django\shortcuts.py", line 25, in render
    content = loader.render_to_string(template_name, context, request, using=using)
  File "C:\Users\USER\AppData\Local\Programs\Python\Python314\Lib\site-packages\django\template\loader.py", line 62, in render_to_string
    return template.render(context, request)
           ~~~~~~~~~~~~~~~^^^^^^^^^^^^^^^^^^
  File "C:\Users\USER\AppData\Local\Programs\Python\Python314\Lib\site-packages\django\template\backends\django.py", line 109, in render
    reraise(exc, self.backend)
    ~~~~~~~^^^^^^^^^^^^^^^^^^^
  File "C:\Users\USER\AppData\Local\Programs\Python\Python314\Lib\site-packages\django\template\backends\django.py", line 130, in reraise
    raise new from exc
django.template.exceptions.TemplateDoesNotExist: store/base.html
ERROR 2025-12-04 21:34:45,298 basehttp 16040 4748 "GET /product/5/ HTTP/1.1" 500 131902
ERROR 2025-12-04 21:34:52,330 log 16040 4748 Internal Server Error: /product/6/
Traceback (most recent call last):
  File "C:\Users\USER\AppData\Local\Programs\Python\Python314\Lib\site-packages\django\template\backends\django.py", line 107, in render
    return self.template.render(context)
           ~~~~~~~~~~~~~~~~~~~~^^^^^^^^^
  File "C:\Users\USER\AppData\Local\Programs\Python\Python314\Lib\site-packages\django\template\base.py", line 171, in render
    return self._render(context)
           ~~~~~~~~~~~~^^^^^^^^^
  File "C:\Users\USER\AppData\Local\Programs\Python\Python314\Lib\site-packages\django\template\base.py", line 163, in _render
    return self.nodelist.render(context)
           ~~~~~~~~~~~~~~~~~~~~^^^^^^^^^
  File "C:\Users\USER\AppData\Local\Programs\Python\Python314\Lib\site-packages\django\template\base.py", line 1016, in render
    return SafeString("".join([node.render_annotated(context) for node in self]))
                               ~~~~~~~~~~~~~~~~~~~~~^^^^^^^^^
  File "C:\Users\USER\AppData\Local\Programs\Python\Python314\Lib\site-packages\django\template\base.py", line 977, in render_annotated
    return self.render(context)
           ~~~~~~~~~~~^^^^^^^^^
  File "C:\Users\USER\AppData\Local\Programs\Python\Python314\Lib\site-packages\django\template\loader_tags.py", line 134, in render
    compiled_parent = self.get_parent(context)
  File "C:\Users\USER\AppData\Local\Programs\Python\Python314\Lib\site-packages\django\template\loader_tags.py", line 131, in get_parent
    return self.find_template(parent, context)
           ~~~~~~~~~~~~~~~~~~^^^^^^^^^^^^^^^^^
  File "C:\Users\USER\AppData\Local\Programs\Python\Python314\Lib\site-packages\django\template\loader_tags.py", line 109, in find_template
    template, origin = context.template.engine.find_template(
                       ~~~~~~~~~~~~~~~~~~~~~~~~~~~~~~~~~~~~~^
        template_name,
        ^^^^^^^^^^^^^^
        skip=history,
        ^^^^^^^^^^^^^
    )
    ^
  File "C:\Users\USER\AppData\Local\Programs\Python\Python314\Lib\site-packages\django\template\engine.py", line 163, in find_template
    raise TemplateDoesNotExist(name, tried=tried)
django.template.exceptions.TemplateDoesNotExist: store/base.html

The above exception was the direct cause of the following exception:

Traceback (most recent call last):
  File "C:\Users\USER\AppData\Local\Programs\Python\Python314\Lib\site-packages\django\core\handlers\exception.py", line 55, in inner
    response = get_response(request)
  File "C:\Users\USER\AppData\Local\Programs\Python\Python314\Lib\site-packages\django\core\handlers\base.py", line 197, in _get_response
    response = wrapped_callback(request, *callback_args, **callback_kwargs)
  File "C:\Users\USER\Desktop\myshop_app\store\views.py", line 271, in product_detail
    return render(request, 'store/product_detail.html', {'product': product})
  File "C:\Users\USER\AppData\Local\Programs\Python\Python314\Lib\site-packages\django\shortcuts.py", line 25, in render
    content = loader.render_to_string(template_name, context, request, using=using)
  File "C:\Users\USER\AppData\Local\Programs\Python\Python314\Lib\site-packages\django\template\loader.py", line 62, in render_to_string
    return template.render(context, request)
           ~~~~~~~~~~~~~~~^^^^^^^^^^^^^^^^^^
  File "C:\Users\USER\AppData\Local\Programs\Python\Python314\Lib\site-packages\django\template\backends\django.py", line 109, in render
    reraise(exc, self.backend)
    ~~~~~~~^^^^^^^^^^^^^^^^^^^
  File "C:\Users\USER\AppData\Local\Programs\Python\Python314\Lib\site-packages\django\template\backends\django.py", line 130, in reraise
    raise new from exc
django.template.exceptions.TemplateDoesNotExist: store/base.html
ERROR 2025-12-04 21:34:52,335 basehttp 16040 4748 "GET /product/6/ HTTP/1.1" 500 131986
ERROR 2025-12-04 21:34:55,990 log 16040 9296 Internal Server Error: /product/7/
Traceback (most recent call last):
  File "C:\Users\USER\AppData\Local\Programs\Python\Python314\Lib\site-packages\django\template\backends\django.py", line 107, in render
    return self.template.render(context)
           ~~~~~~~~~~~~~~~~~~~~^^^^^^^^^
  File "C:\Users\USER\AppData\Local\Programs\Python\Python314\Lib\site-packages\django\template\base.py", line 171, in render
    return self._render(context)
           ~~~~~~~~~~~~^^^^^^^^^
  File "C:\Users\USER\AppData\Local\Programs\Python\Python314\Lib\site-packages\django\template\base.py", line 163, in _render
    return self.nodelist.render(context)
           ~~~~~~~~~~~~~~~~~~~~^^^^^^^^^
  File "C:\Users\USER\AppData\Local\Programs\Python\Python314\Lib\site-packages\django\template\base.py", line 1016, in render
    return SafeString("".join([node.render_annotated(context) for node in self]))
                               ~~~~~~~~~~~~~~~~~~~~~^^^^^^^^^
  File "C:\Users\USER\AppData\Local\Programs\Python\Python314\Lib\site-packages\django\template\base.py", line 977, in render_annotated
    return self.render(context)
           ~~~~~~~~~~~^^^^^^^^^
  File "C:\Users\USER\AppData\Local\Programs\Python\Python314\Lib\site-packages\django\template\loader_tags.py", line 134, in render
    compiled_parent = self.get_parent(context)
  File "C:\Users\USER\AppData\Local\Programs\Python\Python314\Lib\site-packages\django\template\loader_tags.py", line 131, in get_parent
    return self.find_template(parent, context)
           ~~~~~~~~~~~~~~~~~~^^^^^^^^^^^^^^^^^
  File "C:\Users\USER\AppData\Local\Programs\Python\Python314\Lib\site-packages\django\template\loader_tags.py", line 109, in find_template
    template, origin = context.template.engine.find_template(
                       ~~~~~~~~~~~~~~~~~~~~~~~~~~~~~~~~~~~~~^
        template_name,
        ^^^^^^^^^^^^^^
        skip=history,
        ^^^^^^^^^^^^^
    )
    ^
  File "C:\Users\USER\AppData\Local\Programs\Python\Python314\Lib\site-packages\django\template\engine.py", line 163, in find_template
    raise TemplateDoesNotExist(name, tried=tried)
django.template.exceptions.TemplateDoesNotExist: store/base.html

The above exception was the direct cause of the following exception:

Traceback (most recent call last):
  File "C:\Users\USER\AppData\Local\Programs\Python\Python314\Lib\site-packages\django\core\handlers\exception.py", line 55, in inner
    response = get_response(request)
  File "C:\Users\USER\AppData\Local\Programs\Python\Python314\Lib\site-packages\django\core\handlers\base.py", line 197, in _get_response
    response = wrapped_callback(request, *callback_args, **callback_kwargs)
  File "C:\Users\USER\Desktop\myshop_app\store\views.py", line 271, in product_detail
    return render(request, 'store/product_detail.html', {'product': product})
  File "C:\Users\USER\AppData\Local\Programs\Python\Python314\Lib\site-packages\django\shortcuts.py", line 25, in render
    content = loader.render_to_string(template_name, context, request, using=using)
  File "C:\Users\USER\AppData\Local\Programs\Python\Python314\Lib\site-packages\django\template\loader.py", line 62, in render_to_string
    return template.render(context, request)
           ~~~~~~~~~~~~~~~^^^^^^^^^^^^^^^^^^
  File "C:\Users\USER\AppData\Local\Programs\Python\Python314\Lib\site-packages\django\template\backends\django.py", line 109, in render
    reraise(exc, self.backend)
    ~~~~~~~^^^^^^^^^^^^^^^^^^^
  File "C:\Users\USER\AppData\Local\Programs\Python\Python314\Lib\site-packages\django\template\backends\django.py", line 130, in reraise
    raise new from exc
django.template.exceptions.TemplateDoesNotExist: store/base.html
ERROR 2025-12-04 21:34:55,996 basehttp 16040 9296 "GET /product/7/ HTTP/1.1" 500 131938
ERROR 2025-12-04 21:35:05,344 log 16040 23880 Internal Server Error: /product/8/
Traceback (most recent call last):
  File "C:\Users\USER\AppData\Local\Programs\Python\Python314\Lib\site-packages\django\template\backends\django.py", line 107, in render
    return self.template.render(context)
           ~~~~~~~~~~~~~~~~~~~~^^^^^^^^^
  File "C:\Users\USER\AppData\Local\Programs\Python\Python314\Lib\site-packages\django\template\base.py", line 171, in render
    return self._render(context)
           ~~~~~~~~~~~~^^^^^^^^^
  File "C:\Users\USER\AppData\Local\Programs\Python\Python314\Lib\site-packages\django\template\base.py", line 163, in _render
    return self.nodelist.render(context)
           ~~~~~~~~~~~~~~~~~~~~^^^^^^^^^
  File "C:\Users\USER\AppData\Local\Programs\Python\Python314\Lib\site-packages\django\template\base.py", line 1016, in render
    return SafeString("".join([node.render_annotated(context) for node in self]))
                               ~~~~~~~~~~~~~~~~~~~~~^^^^^^^^^
  File "C:\Users\USER\AppData\Local\Programs\Python\Python314\Lib\site-packages\django\template\base.py", line 977, in render_annotated
    return self.render(context)
           ~~~~~~~~~~~^^^^^^^^^
  File "C:\Users\USER\AppData\Local\Programs\Python\Python314\Lib\site-packages\django\template\loader_tags.py", line 134, in render
    compiled_parent = self.get_parent(context)
  File "C:\Users\USER\AppData\Local\Programs\Python\Python314\Lib\site-packages\django\template\loader_tags.py", line 131, in get_parent
    return self.find_template(parent, context)
           ~~~~~~~~~~~~~~~~~~^^^^^^^^^^^^^^^^^
  File "C:\Users\USER\AppData\Local\Programs\Python\Python314\Lib\site-packages\django\template\loader_tags.py", line 109, in find_template
    template, origin = context.template.engine.find_template(
                       ~~~~~~~~~~~~~~~~~~~~~~~~~~~~~~~~~~~~~^
        template_name,
        ^^^^^^^^^^^^^^
        skip=history,
        ^^^^^^^^^^^^^
    )
    ^
  File "C:\Users\USER\AppData\Local\Programs\Python\Python314\Lib\site-packages\django\template\engine.py", line 163, in find_template
    raise TemplateDoesNotExist(name, tried=tried)
django.template.exceptions.TemplateDoesNotExist: store/base.html

The above exception was the direct cause of the following exception:

Traceback (most recent call last):
  File "C:\Users\USER\AppData\Local\Programs\Python\Python314\Lib\site-packages\django\core\handlers\exception.py", line 55, in inner
    response = get_response(request)
  File "C:\Users\USER\AppData\Local\Programs\Python\Python314\Lib\site-packages\django\core\handlers\base.py", line 197, in _get_response
    response = wrapped_callback(request, *callback_args, **callback_kwargs)
  File "C:\Users\USER\Desktop\myshop_app\store\views.py", line 271, in product_detail
    return render(request, 'store/product_detail.html', {'product': product})
  File "C:\Users\USER\AppData\Local\Programs\Python\Python314\Lib\site-packages\django\shortcuts.py", line 25, in render
    content = loader.render_to_string(template_name, context, request, using=using)
  File "C:\Users\USER\AppData\Local\Programs\Python\Python314\Lib\site-packages\django\template\loader.py", line 62, in render_to_string
    return template.render(context, request)
           ~~~~~~~~~~~~~~~^^^^^^^^^^^^^^^^^^
  File "C:\Users\USER\AppData\Local\Programs\Python\Python314\Lib\site-packages\django\template\backends\django.py", line 109, in render
    reraise(exc, self.backend)
    ~~~~~~~^^^^^^^^^^^^^^^^^^^
  File "C:\Users\USER\AppData\Local\Programs\Python\Python314\Lib\site-packages\django\template\backends\django.py", line 130, in reraise
    raise new from exc
django.template.exceptions.TemplateDoesNotExist: store/base.html
ERROR 2025-12-04 21:35:05,348 basehttp 16040 23880 "GET /product/8/ HTTP/1.1" 500 131878
ERROR 2025-12-04 21:35:08,537 log 16040 23880 Internal Server Error: /product/9/
Traceback (most recent call last):
  File "C:\Users\USER\AppData\Local\Programs\Python\Python314\Lib\site-packages\django\template\backends\django.py", line 107, in render
    return self.template.render(context)
           ~~~~~~~~~~~~~~~~~~~~^^^^^^^^^
  File "C:\Users\USER\AppData\Local\Programs\Python\Python314\Lib\site-packages\django\template\base.py", line 171, in render
    return self._render(context)
           ~~~~~~~~~~~~^^^^^^^^^
  File "C:\Users\USER\AppData\Local\Programs\Python\Python314\Lib\site-packages\django\template\base.py", line 163, in _render
    return self.nodelist.render(context)
           ~~~~~~~~~~~~~~~~~~~~^^^^^^^^^
  File "C:\Users\USER\AppData\Local\Programs\Python\Python314\Lib\site-packages\django\template\base.py", line 1016, in render
    return SafeString("".join([node.render_annotated(context) for node in self]))
                               ~~~~~~~~~~~~~~~~~~~~~^^^^^^^^^
  File "C:\Users\USER\AppData\Local\Programs\Python\Python314\Lib\site-packages\django\template\base.py", line 977, in render_annotated
    return self.render(context)
           ~~~~~~~~~~~^^^^^^^^^
  File "C:\Users\USER\AppData\Local\Programs\Python\Python314\Lib\site-packages\django\template\loader_tags.py", line 134, in render
    compiled_parent = self.get_parent(context)
  File "C:\Users\USER\AppData\Local\Programs\Python\Python314\Lib\site-packages\django\template\loader_tags.py", line 131, in get_parent
    return self.find_template(parent, context)
           ~~~~~~~~~~~~~~~~~~^^^^^^^^^^^^^^^^^
  File "C:\Users\USER\AppData\Local\Programs\Python\Python314\Lib\site-packages\django\template\loader_tags.py", line 109, in find_template
    template, origin = context.template.engine.find_template(
                       ~~~~~~~~~~~~~~~~~~~~~~~~~~~~~~~~~~~~~^
        template_name,
        ^^^^^^^^^^^^^^
        skip=history,
        ^^^^^^^^^^^^^
    )
    ^
  File "C:\Users\USER\AppData\Local\Programs\Python\Python314\Lib\site-packages\django\template\engine.py", line 163, in find_template
    raise TemplateDoesNotExist(name, tried=tried)
django.template.exceptions.TemplateDoesNotExist: store/base.html

The above exception was the direct cause of the following exception:

Traceback (most recent call last):
  File "C:\Users\USER\AppData\Local\Programs\Python\Python314\Lib\site-packages\django\core\handlers\exception.py", line 55, in inner
    response = get_response(request)
  File "C:\Users\USER\AppData\Local\Programs\Python\Python314\Lib\site-packages\django\core\handlers\base.py", line 197, in _get_response
    response = wrapped_callback(request, *callback_args, **callback_kwargs)
  File "C:\Users\USER\Desktop\myshop_app\store\views.py", line 271, in product_detail
    return render(request, 'store/product_detail.html', {'product': product})
  File "C:\Users\USER\AppData\Local\Programs\Python\Python314\Lib\site-packages\django\shortcuts.py", line 25, in render
    content = loader.render_to_string(template_name, context, request, using=using)
  File "C:\Users\USER\AppData\Local\Programs\Python\Python314\Lib\site-packages\django\template\loader.py", line 62, in render_to_string
    return template.render(context, request)
           ~~~~~~~~~~~~~~~^^^^^^^^^^^^^^^^^^
  File "C:\Users\USER\AppData\Local\Programs\Python\Python314\Lib\site-packages\django\template\backends\django.py", line 109, in render
    reraise(exc, self.backend)
    ~~~~~~~^^^^^^^^^^^^^^^^^^^
  File "C:\Users\USER\AppData\Local\Programs\Python\Python314\Lib\site-packages\django\template\backends\django.py", line 130, in reraise
    raise new from exc
django.template.exceptions.TemplateDoesNotExist: store/base.html
ERROR 2025-12-04 21:35:08,541 basehttp 16040 23880 "GET /product/9/ HTTP/1.1" 500 132202
ERROR 2025-12-04 21:35:17,546 log 16040 12944 Internal Server Error: /product/4/
Traceback (most recent call last):
  File "C:\Users\USER\AppData\Local\Programs\Python\Python314\Lib\site-packages\django\template\backends\django.py", line 107, in render
    return self.template.render(context)
           ~~~~~~~~~~~~~~~~~~~~^^^^^^^^^
  File "C:\Users\USER\AppData\Local\Programs\Python\Python314\Lib\site-packages\django\template\base.py", line 171, in render
    return self._render(context)
           ~~~~~~~~~~~~^^^^^^^^^
  File "C:\Users\USER\AppData\Local\Programs\Python\Python314\Lib\site-packages\django\template\base.py", line 163, in _render
    return self.nodelist.render(context)
           ~~~~~~~~~~~~~~~~~~~~^^^^^^^^^
  File "C:\Users\USER\AppData\Local\Programs\Python\Python314\Lib\site-packages\django\template\base.py", line 1016, in render
    return SafeString("".join([node.render_annotated(context) for node in self]))
                               ~~~~~~~~~~~~~~~~~~~~~^^^^^^^^^
  File "C:\Users\USER\AppData\Local\Programs\Python\Python314\Lib\site-packages\django\template\base.py", line 977, in render_annotated
    return self.render(context)
           ~~~~~~~~~~~^^^^^^^^^
  File "C:\Users\USER\AppData\Local\Programs\Python\Python314\Lib\site-packages\django\template\loader_tags.py", line 134, in render
    compiled_parent = self.get_parent(context)
  File "C:\Users\USER\AppData\Local\Programs\Python\Python314\Lib\site-packages\django\template\loader_tags.py", line 131, in get_parent
    return self.find_template(parent, context)
           ~~~~~~~~~~~~~~~~~~^^^^^^^^^^^^^^^^^
  File "C:\Users\USER\AppData\Local\Programs\Python\Python314\Lib\site-packages\django\template\loader_tags.py", line 109, in find_template
    template, origin = context.template.engine.find_template(
                       ~~~~~~~~~~~~~~~~~~~~~~~~~~~~~~~~~~~~~^
        template_name,
        ^^^^^^^^^^^^^^
        skip=history,
        ^^^^^^^^^^^^^
    )
    ^
  File "C:\Users\USER\AppData\Local\Programs\Python\Python314\Lib\site-packages\django\template\engine.py", line 163, in find_template
    raise TemplateDoesNotExist(name, tried=tried)
django.template.exceptions.TemplateDoesNotExist: store/base.html

The above exception was the direct cause of the following exception:

Traceback (most recent call last):
  File "C:\Users\USER\AppData\Local\Programs\Python\Python314\Lib\site-packages\django\core\handlers\exception.py", line 55, in inner
    response = get_response(request)
  File "C:\Users\USER\AppData\Local\Programs\Python\Python314\Lib\site-packages\django\core\handlers\base.py", line 197, in _get_response
    response = wrapped_callback(request, *callback_args, **callback_kwargs)
  File "C:\Users\USER\Desktop\myshop_app\store\views.py", line 271, in product_detail
    return render(request, 'store/product_detail.html', {'product': product})
  File "C:\Users\USER\AppData\Local\Programs\Python\Python314\Lib\site-packages\django\shortcuts.py", line 25, in render
    content = loader.render_to_string(template_name, context, request, using=using)
  File "C:\Users\USER\AppData\Local\Programs\Python\Python314\Lib\site-packages\django\template\loader.py", line 62, in render_to_string
    return template.render(context, request)
           ~~~~~~~~~~~~~~~^^^^^^^^^^^^^^^^^^
  File "C:\Users\USER\AppData\Local\Programs\Python\Python314\Lib\site-packages\django\template\backends\django.py", line 109, in render
    reraise(exc, self.backend)
    ~~~~~~~^^^^^^^^^^^^^^^^^^^
  File "C:\Users\USER\AppData\Local\Programs\Python\Python314\Lib\site-packages\django\template\backends\django.py", line 130, in reraise
    raise new from exc
django.template.exceptions.TemplateDoesNotExist: store/base.html
ERROR 2025-12-04 21:35:17,552 basehttp 16040 12944 "GET /product/4/ HTTP/1.1" 500 131902
ERROR 2025-12-04 21:36:26,302 log 16040 19512 Internal Server Error: /product/1/
Traceback (most recent call last):
  File "C:\Users\USER\AppData\Local\Programs\Python\Python314\Lib\site-packages\django\template\backends\django.py", line 107, in render
    return self.template.render(context)
           ~~~~~~~~~~~~~~~~~~~~^^^^^^^^^
  File "C:\Users\USER\AppData\Local\Programs\Python\Python314\Lib\site-packages\django\template\base.py", line 171, in render
    return self._render(context)
           ~~~~~~~~~~~~^^^^^^^^^
  File "C:\Users\USER\AppData\Local\Programs\Python\Python314\Lib\site-packages\django\template\base.py", line 163, in _render
    return self.nodelist.render(context)
           ~~~~~~~~~~~~~~~~~~~~^^^^^^^^^
  File "C:\Users\USER\AppData\Local\Programs\Python\Python314\Lib\site-packages\django\template\base.py", line 1016, in render
    return SafeString("".join([node.render_annotated(context) for node in self]))
                               ~~~~~~~~~~~~~~~~~~~~~^^^^^^^^^
  File "C:\Users\USER\AppData\Local\Programs\Python\Python314\Lib\site-packages\django\template\base.py", line 977, in render_annotated
    return self.render(context)
           ~~~~~~~~~~~^^^^^^^^^
  File "C:\Users\USER\AppData\Local\Programs\Python\Python314\Lib\site-packages\django\template\loader_tags.py", line 134, in render
    compiled_parent = self.get_parent(context)
  File "C:\Users\USER\AppData\Local\Programs\Python\Python314\Lib\site-packages\django\template\loader_tags.py", line 131, in get_parent
    return self.find_template(parent, context)
           ~~~~~~~~~~~~~~~~~~^^^^^^^^^^^^^^^^^
  File "C:\Users\USER\AppData\Local\Programs\Python\Python314\Lib\site-packages\django\template\loader_tags.py", line 109, in find_template
    template, origin = context.template.engine.find_template(
                       ~~~~~~~~~~~~~~~~~~~~~~~~~~~~~~~~~~~~~^
        template_name,
        ^^^^^^^^^^^^^^
        skip=history,
        ^^^^^^^^^^^^^
    )
    ^
  File "C:\Users\USER\AppData\Local\Programs\Python\Python314\Lib\site-packages\django\template\engine.py", line 163, in find_template
    raise TemplateDoesNotExist(name, tried=tried)
django.template.exceptions.TemplateDoesNotExist: store/base.html

The above exception was the direct cause of the following exception:

Traceback (most recent call last):
  File "C:\Users\USER\AppData\Local\Programs\Python\Python314\Lib\site-packages\django\core\handlers\exception.py", line 55, in inner
    response = get_response(request)
  File "C:\Users\USER\AppData\Local\Programs\Python\Python314\Lib\site-packages\django\core\handlers\base.py", line 197, in _get_response
    response = wrapped_callback(request, *callback_args, **callback_kwargs)
  File "C:\Users\USER\Desktop\myshop_app\store\views.py", line 271, in product_detail
    return render(request, 'store/product_detail.html', {'product': product})
  File "C:\Users\USER\AppData\Local\Programs\Python\Python314\Lib\site-packages\django\shortcuts.py", line 25, in render
    content = loader.render_to_string(template_name, context, request, using=using)
  File "C:\Users\USER\AppData\Local\Programs\Python\Python314\Lib\site-packages\django\template\loader.py", line 62, in render_to_string
    return template.render(context, request)
           ~~~~~~~~~~~~~~~^^^^^^^^^^^^^^^^^^
  File "C:\Users\USER\AppData\Local\Programs\Python\Python314\Lib\site-packages\django\template\backends\django.py", line 109, in render
    reraise(exc, self.backend)
    ~~~~~~~^^^^^^^^^^^^^^^^^^^
  File "C:\Users\USER\AppData\Local\Programs\Python\Python314\Lib\site-packages\django\template\backends\django.py", line 130, in reraise
    raise new from exc
django.template.exceptions.TemplateDoesNotExist: store/base.html
ERROR 2025-12-04 21:36:26,309 basehttp 16040 19512 "GET /product/1/ HTTP/1.1" 500 132202
ERROR 2025-12-04 21:36:28,762 log 16040 19512 Internal Server Error: /product/1/
Traceback (most recent call last):
  File "C:\Users\USER\AppData\Local\Programs\Python\Python314\Lib\site-packages\django\template\backends\django.py", line 107, in render
    return self.template.render(context)
           ~~~~~~~~~~~~~~~~~~~~^^^^^^^^^
  File "C:\Users\USER\AppData\Local\Programs\Python\Python314\Lib\site-packages\django\template\base.py", line 171, in render
    return self._render(context)
           ~~~~~~~~~~~~^^^^^^^^^
  File "C:\Users\USER\AppData\Local\Programs\Python\Python314\Lib\site-packages\django\template\base.py", line 163, in _render
    return self.nodelist.render(context)
           ~~~~~~~~~~~~~~~~~~~~^^^^^^^^^
  File "C:\Users\USER\AppData\Local\Programs\Python\Python314\Lib\site-packages\django\template\base.py", line 1016, in render
    return SafeString("".join([node.render_annotated(context) for node in self]))
                               ~~~~~~~~~~~~~~~~~~~~~^^^^^^^^^
  File "C:\Users\USER\AppData\Local\Programs\Python\Python314\Lib\site-packages\django\template\base.py", line 977, in render_annotated
    return self.render(context)
           ~~~~~~~~~~~^^^^^^^^^
  File "C:\Users\USER\AppData\Local\Programs\Python\Python314\Lib\site-packages\django\template\loader_tags.py", line 134, in render
    compiled_parent = self.get_parent(context)
  File "C:\Users\USER\AppData\Local\Programs\Python\Python314\Lib\site-packages\django\template\loader_tags.py", line 131, in get_parent
    return self.find_template(parent, context)
           ~~~~~~~~~~~~~~~~~~^^^^^^^^^^^^^^^^^
  File "C:\Users\USER\AppData\Local\Programs\Python\Python314\Lib\site-packages\django\template\loader_tags.py", line 109, in find_template
    template, origin = context.template.engine.find_template(
                       ~~~~~~~~~~~~~~~~~~~~~~~~~~~~~~~~~~~~~^
        template_name,
        ^^^^^^^^^^^^^^
        skip=history,
        ^^^^^^^^^^^^^
    )
    ^
  File "C:\Users\USER\AppData\Local\Programs\Python\Python314\Lib\site-packages\django\template\engine.py", line 163, in find_template
    raise TemplateDoesNotExist(name, tried=tried)
django.template.exceptions.TemplateDoesNotExist: store/base.html

The above exception was the direct cause of the following exception:

Traceback (most recent call last):
  File "C:\Users\USER\AppData\Local\Programs\Python\Python314\Lib\site-packages\django\core\handlers\exception.py", line 55, in inner
    response = get_response(request)
  File "C:\Users\USER\AppData\Local\Programs\Python\Python314\Lib\site-packages\django\core\handlers\base.py", line 197, in _get_response
    response = wrapped_callback(request, *callback_args, **callback_kwargs)
  File "C:\Users\USER\Desktop\myshop_app\store\views.py", line 271, in product_detail
    return render(request, 'store/product_detail.html', {'product': product})
  File "C:\Users\USER\AppData\Local\Programs\Python\Python314\Lib\site-packages\django\shortcuts.py", line 25, in render
    content = loader.render_to_string(template_name, context, request, using=using)
  File "C:\Users\USER\AppData\Local\Programs\Python\Python314\Lib\site-packages\django\template\loader.py", line 62, in render_to_string
    return template.render(context, request)
           ~~~~~~~~~~~~~~~^^^^^^^^^^^^^^^^^^
  File "C:\Users\USER\AppData\Local\Programs\Python\Python314\Lib\site-packages\django\template\backends\django.py", line 109, in render
    reraise(exc, self.backend)
    ~~~~~~~^^^^^^^^^^^^^^^^^^^
  File "C:\Users\USER\AppData\Local\Programs\Python\Python314\Lib\site-packages\django\template\backends\django.py", line 130, in reraise
    raise new from exc
django.template.exceptions.TemplateDoesNotExist: store/base.html
ERROR 2025-12-04 21:36:28,767 basehttp 16040 19512 "GET /product/1/ HTTP/1.1" 500 132202
INFO 2025-12-04 21:36:52,341 basehttp 16040 4396 "GET / HTTP/1.1" 200 12367
INFO 2025-12-04 21:36:54,940 basehttp 16040 13328 "GET / HTTP/1.1" 200 12367
ERROR 2025-12-04 21:36:56,022 log 16040 13328 Internal Server Error: /product/1/
Traceback (most recent call last):
  File "C:\Users\USER\AppData\Local\Programs\Python\Python314\Lib\site-packages\django\template\backends\django.py", line 107, in render
    return self.template.render(context)
           ~~~~~~~~~~~~~~~~~~~~^^^^^^^^^
  File "C:\Users\USER\AppData\Local\Programs\Python\Python314\Lib\site-packages\django\template\base.py", line 171, in render
    return self._render(context)
           ~~~~~~~~~~~~^^^^^^^^^
  File "C:\Users\USER\AppData\Local\Programs\Python\Python314\Lib\site-packages\django\template\base.py", line 163, in _render
    return self.nodelist.render(context)
           ~~~~~~~~~~~~~~~~~~~~^^^^^^^^^
  File "C:\Users\USER\AppData\Local\Programs\Python\Python314\Lib\site-packages\django\template\base.py", line 1016, in render
    return SafeString("".join([node.render_annotated(context) for node in self]))
                               ~~~~~~~~~~~~~~~~~~~~~^^^^^^^^^
  File "C:\Users\USER\AppData\Local\Programs\Python\Python314\Lib\site-packages\django\template\base.py", line 977, in render_annotated
    return self.render(context)
           ~~~~~~~~~~~^^^^^^^^^
  File "C:\Users\USER\AppData\Local\Programs\Python\Python314\Lib\site-packages\django\template\loader_tags.py", line 134, in render
    compiled_parent = self.get_parent(context)
  File "C:\Users\USER\AppData\Local\Programs\Python\Python314\Lib\site-packages\django\template\loader_tags.py", line 131, in get_parent
    return self.find_template(parent, context)
           ~~~~~~~~~~~~~~~~~~^^^^^^^^^^^^^^^^^
  File "C:\Users\USER\AppData\Local\Programs\Python\Python314\Lib\site-packages\django\template\loader_tags.py", line 109, in find_template
    template, origin = context.template.engine.find_template(
                       ~~~~~~~~~~~~~~~~~~~~~~~~~~~~~~~~~~~~~^
        template_name,
        ^^^^^^^^^^^^^^
        skip=history,
        ^^^^^^^^^^^^^
    )
    ^
  File "C:\Users\USER\AppData\Local\Programs\Python\Python314\Lib\site-packages\django\template\engine.py", line 163, in find_template
    raise TemplateDoesNotExist(name, tried=tried)
django.template.exceptions.TemplateDoesNotExist: store/base.html

The above exception was the direct cause of the following exception:

Traceback (most recent call last):
  File "C:\Users\USER\AppData\Local\Programs\Python\Python314\Lib\site-packages\django\core\handlers\exception.py", line 55, in inner
    response = get_response(request)
  File "C:\Users\USER\AppData\Local\Programs\Python\Python314\Lib\site-packages\django\core\handlers\base.py", line 197, in _get_response
    response = wrapped_callback(request, *callback_args, **callback_kwargs)
  File "C:\Users\USER\Desktop\myshop_app\store\views.py", line 271, in product_detail
    return render(request, 'store/product_detail.html', {'product': product})
  File "C:\Users\USER\AppData\Local\Programs\Python\Python314\Lib\site-packages\django\shortcuts.py", line 25, in render
    content = loader.render_to_string(template_name, context, request, using=using)
  File "C:\Users\USER\AppData\Local\Programs\Python\Python314\Lib\site-packages\django\template\loader.py", line 62, in render_to_string
    return template.render(context, request)
           ~~~~~~~~~~~~~~~^^^^^^^^^^^^^^^^^^
  File "C:\Users\USER\AppData\Local\Programs\Python\Python314\Lib\site-packages\django\template\backends\django.py", line 109, in render
    reraise(exc, self.backend)
    ~~~~~~~^^^^^^^^^^^^^^^^^^^
  File "C:\Users\USER\AppData\Local\Programs\Python\Python314\Lib\site-packages\django\template\backends\django.py", line 130, in reraise
    raise new from exc
django.template.exceptions.TemplateDoesNotExist: store/base.html
ERROR 2025-12-04 21:36:56,026 basehttp 16040 13328 "GET /product/1/ HTTP/1.1" 500 132202
INFO 2025-12-04 21:37:58,597 basehttp 16040 23740 "GET / HTTP/1.1" 200 12367
ERROR 2025-12-04 21:38:00,414 log 16040 23740 Internal Server Error: /product/1/
Traceback (most recent call last):
  File "C:\Users\USER\AppData\Local\Programs\Python\Python314\Lib\site-packages\django\template\backends\django.py", line 107, in render
    return self.template.render(context)
           ~~~~~~~~~~~~~~~~~~~~^^^^^^^^^
  File "C:\Users\USER\AppData\Local\Programs\Python\Python314\Lib\site-packages\django\template\base.py", line 171, in render
    return self._render(context)
           ~~~~~~~~~~~~^^^^^^^^^
  File "C:\Users\USER\AppData\Local\Programs\Python\Python314\Lib\site-packages\django\template\base.py", line 163, in _render
    return self.nodelist.render(context)
           ~~~~~~~~~~~~~~~~~~~~^^^^^^^^^
  File "C:\Users\USER\AppData\Local\Programs\Python\Python314\Lib\site-packages\django\template\base.py", line 1016, in render
    return SafeString("".join([node.render_annotated(context) for node in self]))
                               ~~~~~~~~~~~~~~~~~~~~~^^^^^^^^^
  File "C:\Users\USER\AppData\Local\Programs\Python\Python314\Lib\site-packages\django\template\base.py", line 977, in render_annotated
    return self.render(context)
           ~~~~~~~~~~~^^^^^^^^^
  File "C:\Users\USER\AppData\Local\Programs\Python\Python314\Lib\site-packages\django\template\loader_tags.py", line 134, in render
    compiled_parent = self.get_parent(context)
  File "C:\Users\USER\AppData\Local\Programs\Python\Python314\Lib\site-packages\django\template\loader_tags.py", line 131, in get_parent
    return self.find_template(parent, context)
           ~~~~~~~~~~~~~~~~~~^^^^^^^^^^^^^^^^^
  File "C:\Users\USER\AppData\Local\Programs\Python\Python314\Lib\site-packages\django\template\loader_tags.py", line 109, in find_template
    template, origin = context.template.engine.find_template(
                       ~~~~~~~~~~~~~~~~~~~~~~~~~~~~~~~~~~~~~^
        template_name,
        ^^^^^^^^^^^^^^
        skip=history,
        ^^^^^^^^^^^^^
    )
    ^
  File "C:\Users\USER\AppData\Local\Programs\Python\Python314\Lib\site-packages\django\template\engine.py", line 163, in find_template
    raise TemplateDoesNotExist(name, tried=tried)
django.template.exceptions.TemplateDoesNotExist: store/base.html

The above exception was the direct cause of the following exception:

Traceback (most recent call last):
  File "C:\Users\USER\AppData\Local\Programs\Python\Python314\Lib\site-packages\django\core\handlers\exception.py", line 55, in inner
    response = get_response(request)
  File "C:\Users\USER\AppData\Local\Programs\Python\Python314\Lib\site-packages\django\core\handlers\base.py", line 197, in _get_response
    response = wrapped_callback(request, *callback_args, **callback_kwargs)
  File "C:\Users\USER\Desktop\myshop_app\store\views.py", line 271, in product_detail
    return render(request, 'store/product_detail.html', {'product': product})
  File "C:\Users\USER\AppData\Local\Programs\Python\Python314\Lib\site-packages\django\shortcuts.py", line 25, in render
    content = loader.render_to_string(template_name, context, request, using=using)
  File "C:\Users\USER\AppData\Local\Programs\Python\Python314\Lib\site-packages\django\template\loader.py", line 62, in render_to_string
    return template.render(context, request)
           ~~~~~~~~~~~~~~~^^^^^^^^^^^^^^^^^^
  File "C:\Users\USER\AppData\Local\Programs\Python\Python314\Lib\site-packages\django\template\backends\django.py", line 109, in render
    reraise(exc, self.backend)
    ~~~~~~~^^^^^^^^^^^^^^^^^^^
  File "C:\Users\USER\AppData\Local\Programs\Python\Python314\Lib\site-packages\django\template\backends\django.py", line 130, in reraise
    raise new from exc
django.template.exceptions.TemplateDoesNotExist: store/base.html
ERROR 2025-12-04 21:38:00,418 basehttp 16040 23740 "GET /product/1/ HTTP/1.1" 500 132202
INFO 2025-12-04 21:39:50,666 basehttp 16040 16276 "GET / HTTP/1.1" 200 12367
ERROR 2025-12-04 21:39:52,175 log 16040 16276 Internal Server Error: /product/1/
Traceback (most recent call last):
  File "C:\Users\USER\AppData\Local\Programs\Python\Python314\Lib\site-packages\django\template\backends\django.py", line 107, in render
    return self.template.render(context)
           ~~~~~~~~~~~~~~~~~~~~^^^^^^^^^
  File "C:\Users\USER\AppData\Local\Programs\Python\Python314\Lib\site-packages\django\template\base.py", line 171, in render
    return self._render(context)
           ~~~~~~~~~~~~^^^^^^^^^
  File "C:\Users\USER\AppData\Local\Programs\Python\Python314\Lib\site-packages\django\template\base.py", line 163, in _render
    return self.nodelist.render(context)
           ~~~~~~~~~~~~~~~~~~~~^^^^^^^^^
  File "C:\Users\USER\AppData\Local\Programs\Python\Python314\Lib\site-packages\django\template\base.py", line 1016, in render
    return SafeString("".join([node.render_annotated(context) for node in self]))
                               ~~~~~~~~~~~~~~~~~~~~~^^^^^^^^^
  File "C:\Users\USER\AppData\Local\Programs\Python\Python314\Lib\site-packages\django\template\base.py", line 977, in render_annotated
    return self.render(context)
           ~~~~~~~~~~~^^^^^^^^^
  File "C:\Users\USER\AppData\Local\Programs\Python\Python314\Lib\site-packages\django\template\loader_tags.py", line 134, in render
    compiled_parent = self.get_parent(context)
  File "C:\Users\USER\AppData\Local\Programs\Python\Python314\Lib\site-packages\django\template\loader_tags.py", line 131, in get_parent
    return self.find_template(parent, context)
           ~~~~~~~~~~~~~~~~~~^^^^^^^^^^^^^^^^^
  File "C:\Users\USER\AppData\Local\Programs\Python\Python314\Lib\site-packages\django\template\loader_tags.py", line 109, in find_template
    template, origin = context.template.engine.find_template(
                       ~~~~~~~~~~~~~~~~~~~~~~~~~~~~~~~~~~~~~^
        template_name,
        ^^^^^^^^^^^^^^
        skip=history,
        ^^^^^^^^^^^^^
    )
    ^
  File "C:\Users\USER\AppData\Local\Programs\Python\Python314\Lib\site-packages\django\template\engine.py", line 163, in find_template
    raise TemplateDoesNotExist(name, tried=tried)
django.template.exceptions.TemplateDoesNotExist: store/base.html

The above exception was the direct cause of the following exception:

Traceback (most recent call last):
  File "C:\Users\USER\AppData\Local\Programs\Python\Python314\Lib\site-packages\django\core\handlers\exception.py", line 55, in inner
    response = get_response(request)
  File "C:\Users\USER\AppData\Local\Programs\Python\Python314\Lib\site-packages\django\core\handlers\base.py", line 197, in _get_response
    response = wrapped_callback(request, *callback_args, **callback_kwargs)
  File "C:\Users\USER\Desktop\myshop_app\store\views.py", line 271, in product_detail
    return render(request, 'store/product_detail.html', {'product': product})
  File "C:\Users\USER\AppData\Local\Programs\Python\Python314\Lib\site-packages\django\shortcuts.py", line 25, in render
    content = loader.render_to_string(template_name, context, request, using=using)
  File "C:\Users\USER\AppData\Local\Programs\Python\Python314\Lib\site-packages\django\template\loader.py", line 62, in render_to_string
    return template.render(context, request)
           ~~~~~~~~~~~~~~~^^^^^^^^^^^^^^^^^^
  File "C:\Users\USER\AppData\Local\Programs\Python\Python314\Lib\site-packages\django\template\backends\django.py", line 109, in render
    reraise(exc, self.backend)
    ~~~~~~~^^^^^^^^^^^^^^^^^^^
  File "C:\Users\USER\AppData\Local\Programs\Python\Python314\Lib\site-packages\django\template\backends\django.py", line 130, in reraise
    raise new from exc
django.template.exceptions.TemplateDoesNotExist: store/base.html
ERROR 2025-12-04 21:39:52,180 basehttp 16040 16276 "GET /product/1/ HTTP/1.1" 500 132202
INFO 2025-12-04 21:39:58,295 basehttp 16040 19764 "GET /staff/products/ HTTP/1.1" 200 4359
INFO 2025-12-04 21:40:06,130 basehttp 16040 15584 "GET /staff/products/1/edit/ HTTP/1.1" 200 2040
INFO 2025-12-04 21:40:21,345 basehttp 16040 5196 "GET /admin/store/product/ HTTP/1.1" 200 16313
INFO 2025-12-04 21:40:21,579 basehttp 16040 5196 "GET /admin/jsi18n/ HTTP/1.1" 200 3342
INFO 2025-12-04 21:40:23,211 basehttp 16040 7072 "GET /admin/store/product/9/change/ HTTP/1.1" 200 14334
INFO 2025-12-04 21:40:23,235 basehttp 16040 7072 "GET /admin/jsi18n/ HTTP/1.1" 200 3342
INFO 2025-12-04 21:44:21,390 basehttp 16040 3296 "GET / HTTP/1.1" 200 12367
ERROR 2025-12-04 21:44:23,171 log 16040 3296 Internal Server Error: /product/1/
Traceback (most recent call last):
  File "C:\Users\USER\AppData\Local\Programs\Python\Python314\Lib\site-packages\django\template\backends\django.py", line 107, in render
    return self.template.render(context)
           ~~~~~~~~~~~~~~~~~~~~^^^^^^^^^
  File "C:\Users\USER\AppData\Local\Programs\Python\Python314\Lib\site-packages\django\template\base.py", line 171, in render
    return self._render(context)
           ~~~~~~~~~~~~^^^^^^^^^
  File "C:\Users\USER\AppData\Local\Programs\Python\Python314\Lib\site-packages\django\template\base.py", line 163, in _render
    return self.nodelist.render(context)
           ~~~~~~~~~~~~~~~~~~~~^^^^^^^^^
  File "C:\Users\USER\AppData\Local\Programs\Python\Python314\Lib\site-packages\django\template\base.py", line 1016, in render
    return SafeString("".join([node.render_annotated(context) for node in self]))
                               ~~~~~~~~~~~~~~~~~~~~~^^^^^^^^^
  File "C:\Users\USER\AppData\Local\Programs\Python\Python314\Lib\site-packages\django\template\base.py", line 977, in render_annotated
    return self.render(context)
           ~~~~~~~~~~~^^^^^^^^^
  File "C:\Users\USER\AppData\Local\Programs\Python\Python314\Lib\site-packages\django\template\loader_tags.py", line 134, in render
    compiled_parent = self.get_parent(context)
  File "C:\Users\USER\AppData\Local\Programs\Python\Python314\Lib\site-packages\django\template\loader_tags.py", line 131, in get_parent
    return self.find_template(parent, context)
           ~~~~~~~~~~~~~~~~~~^^^^^^^^^^^^^^^^^
  File "C:\Users\USER\AppData\Local\Programs\Python\Python314\Lib\site-packages\django\template\loader_tags.py", line 109, in find_template
    template, origin = context.template.engine.find_template(
                       ~~~~~~~~~~~~~~~~~~~~~~~~~~~~~~~~~~~~~^
        template_name,
        ^^^^^^^^^^^^^^
        skip=history,
        ^^^^^^^^^^^^^
    )
    ^
  File "C:\Users\USER\AppData\Local\Programs\Python\Python314\Lib\site-packages\django\template\engine.py", line 163, in find_template
    raise TemplateDoesNotExist(name, tried=tried)
django.template.exceptions.TemplateDoesNotExist: store/base.html

The above exception was the direct cause of the following exception:

Traceback (most recent call last):
  File "C:\Users\USER\AppData\Local\Programs\Python\Python314\Lib\site-packages\django\core\handlers\exception.py", line 55, in inner
    response = get_response(request)
  File "C:\Users\USER\AppData\Local\Programs\Python\Python314\Lib\site-packages\django\core\handlers\base.py", line 197, in _get_response
    response = wrapped_callback(request, *callback_args, **callback_kwargs)
  File "C:\Users\USER\Desktop\myshop_app\store\views.py", line 271, in product_detail
    return render(request, 'store/product_detail.html', {'product': product})
  File "C:\Users\USER\AppData\Local\Programs\Python\Python314\Lib\site-packages\django\shortcuts.py", line 25, in render
    content = loader.render_to_string(template_name, context, request, using=using)
  File "C:\Users\USER\AppData\Local\Programs\Python\Python314\Lib\site-packages\django\template\loader.py", line 62, in render_to_string
    return template.render(context, request)
           ~~~~~~~~~~~~~~~^^^^^^^^^^^^^^^^^^
  File "C:\Users\USER\AppData\Local\Programs\Python\Python314\Lib\site-packages\django\template\backends\django.py", line 109, in render
    reraise(exc, self.backend)
    ~~~~~~~^^^^^^^^^^^^^^^^^^^
  File "C:\Users\USER\AppData\Local\Programs\Python\Python314\Lib\site-packages\django\template\backends\django.py", line 130, in reraise
    raise new from exc
django.template.exceptions.TemplateDoesNotExist: store/base.html
ERROR 2025-12-04 21:44:23,175 basehttp 16040 3296 "GET /product/1/ HTTP/1.1" 500 132202
ERROR 2025-12-04 21:44:39,027 log 16040 9692 Internal Server Error: /product/3/
Traceback (most recent call last):
  File "C:\Users\USER\AppData\Local\Programs\Python\Python314\Lib\site-packages\django\template\backends\django.py", line 107, in render
    return self.template.render(context)
           ~~~~~~~~~~~~~~~~~~~~^^^^^^^^^
  File "C:\Users\USER\AppData\Local\Programs\Python\Python314\Lib\site-packages\django\template\base.py", line 171, in render
    return self._render(context)
           ~~~~~~~~~~~~^^^^^^^^^
  File "C:\Users\USER\AppData\Local\Programs\Python\Python314\Lib\site-packages\django\template\base.py", line 163, in _render
    return self.nodelist.render(context)
           ~~~~~~~~~~~~~~~~~~~~^^^^^^^^^
  File "C:\Users\USER\AppData\Local\Programs\Python\Python314\Lib\site-packages\django\template\base.py", line 1016, in render
    return SafeString("".join([node.render_annotated(context) for node in self]))
                               ~~~~~~~~~~~~~~~~~~~~~^^^^^^^^^
  File "C:\Users\USER\AppData\Local\Programs\Python\Python314\Lib\site-packages\django\template\base.py", line 977, in render_annotated
    return self.render(context)
           ~~~~~~~~~~~^^^^^^^^^
  File "C:\Users\USER\AppData\Local\Programs\Python\Python314\Lib\site-packages\django\template\loader_tags.py", line 134, in render
    compiled_parent = self.get_parent(context)
  File "C:\Users\USER\AppData\Local\Programs\Python\Python314\Lib\site-packages\django\template\loader_tags.py", line 131, in get_parent
    return self.find_template(parent, context)
           ~~~~~~~~~~~~~~~~~~^^^^^^^^^^^^^^^^^
  File "C:\Users\USER\AppData\Local\Programs\Python\Python314\Lib\site-packages\django\template\loader_tags.py", line 109, in find_template
    template, origin = context.template.engine.find_template(
                       ~~~~~~~~~~~~~~~~~~~~~~~~~~~~~~~~~~~~~^
        template_name,
        ^^^^^^^^^^^^^^
        skip=history,
        ^^^^^^^^^^^^^
    )
    ^
  File "C:\Users\USER\AppData\Local\Programs\Python\Python314\Lib\site-packages\django\template\engine.py", line 163, in find_template
    raise TemplateDoesNotExist(name, tried=tried)
django.template.exceptions.TemplateDoesNotExist: store/base.html

The above exception was the direct cause of the following exception:

Traceback (most recent call last):
  File "C:\Users\USER\AppData\Local\Programs\Python\Python314\Lib\site-packages\django\core\handlers\exception.py", line 55, in inner
    response = get_response(request)
  File "C:\Users\USER\AppData\Local\Programs\Python\Python314\Lib\site-packages\django\core\handlers\base.py", line 197, in _get_response
    response = wrapped_callback(request, *callback_args, **callback_kwargs)
  File "C:\Users\USER\Desktop\myshop_app\store\views.py", line 271, in product_detail
    return render(request, 'store/product_detail.html', {'product': product})
  File "C:\Users\USER\AppData\Local\Programs\Python\Python314\Lib\site-packages\django\shortcuts.py", line 25, in render
    content = loader.render_to_string(template_name, context, request, using=using)
  File "C:\Users\USER\AppData\Local\Programs\Python\Python314\Lib\site-packages\django\template\loader.py", line 62, in render_to_string
    return template.render(context, request)
           ~~~~~~~~~~~~~~~^^^^^^^^^^^^^^^^^^
  File "C:\Users\USER\AppData\Local\Programs\Python\Python314\Lib\site-packages\django\template\backends\django.py", line 109, in render
    reraise(exc, self.backend)
    ~~~~~~~^^^^^^^^^^^^^^^^^^^
  File "C:\Users\USER\AppData\Local\Programs\Python\Python314\Lib\site-packages\django\template\backends\django.py", line 130, in reraise
    raise new from exc
django.template.exceptions.TemplateDoesNotExist: store/base.html
ERROR 2025-12-04 21:44:39,032 basehttp 16040 9692 "GET /product/3/ HTTP/1.1" 500 132010
ERROR 2025-12-04 21:44:43,102 log 16040 9692 Internal Server Error: /product/4/
Traceback (most recent call last):
  File "C:\Users\USER\AppData\Local\Programs\Python\Python314\Lib\site-packages\django\template\backends\django.py", line 107, in render
    return self.template.render(context)
           ~~~~~~~~~~~~~~~~~~~~^^^^^^^^^
  File "C:\Users\USER\AppData\Local\Programs\Python\Python314\Lib\site-packages\django\template\base.py", line 171, in render
    return self._render(context)
           ~~~~~~~~~~~~^^^^^^^^^
  File "C:\Users\USER\AppData\Local\Programs\Python\Python314\Lib\site-packages\django\template\base.py", line 163, in _render
    return self.nodelist.render(context)
           ~~~~~~~~~~~~~~~~~~~~^^^^^^^^^
  File "C:\Users\USER\AppData\Local\Programs\Python\Python314\Lib\site-packages\django\template\base.py", line 1016, in render
    return SafeString("".join([node.render_annotated(context) for node in self]))
                               ~~~~~~~~~~~~~~~~~~~~~^^^^^^^^^
  File "C:\Users\USER\AppData\Local\Programs\Python\Python314\Lib\site-packages\django\template\base.py", line 977, in render_annotated
    return self.render(context)
           ~~~~~~~~~~~^^^^^^^^^
  File "C:\Users\USER\AppData\Local\Programs\Python\Python314\Lib\site-packages\django\template\loader_tags.py", line 134, in render
    compiled_parent = self.get_parent(context)
  File "C:\Users\USER\AppData\Local\Programs\Python\Python314\Lib\site-packages\django\template\loader_tags.py", line 131, in get_parent
    return self.find_template(parent, context)
           ~~~~~~~~~~~~~~~~~~^^^^^^^^^^^^^^^^^
  File "C:\Users\USER\AppData\Local\Programs\Python\Python314\Lib\site-packages\django\template\loader_tags.py", line 109, in find_template
    template, origin = context.template.engine.find_template(
                       ~~~~~~~~~~~~~~~~~~~~~~~~~~~~~~~~~~~~~^
        template_name,
        ^^^^^^^^^^^^^^
        skip=history,
        ^^^^^^^^^^^^^
    )
    ^
  File "C:\Users\USER\AppData\Local\Programs\Python\Python314\Lib\site-packages\django\template\engine.py", line 163, in find_template
    raise TemplateDoesNotExist(name, tried=tried)
django.template.exceptions.TemplateDoesNotExist: store/base.html

The above exception was the direct cause of the following exception:

Traceback (most recent call last):
  File "C:\Users\USER\AppData\Local\Programs\Python\Python314\Lib\site-packages\django\core\handlers\exception.py", line 55, in inner
    response = get_response(request)
  File "C:\Users\USER\AppData\Local\Programs\Python\Python314\Lib\site-packages\django\core\handlers\base.py", line 197, in _get_response
    response = wrapped_callback(request, *callback_args, **callback_kwargs)
  File "C:\Users\USER\Desktop\myshop_app\store\views.py", line 271, in product_detail
    return render(request, 'store/product_detail.html', {'product': product})
  File "C:\Users\USER\AppData\Local\Programs\Python\Python314\Lib\site-packages\django\shortcuts.py", line 25, in render
    content = loader.render_to_string(template_name, context, request, using=using)
  File "C:\Users\USER\AppData\Local\Programs\Python\Python314\Lib\site-packages\django\template\loader.py", line 62, in render_to_string
    return template.render(context, request)
           ~~~~~~~~~~~~~~~^^^^^^^^^^^^^^^^^^
  File "C:\Users\USER\AppData\Local\Programs\Python\Python314\Lib\site-packages\django\template\backends\django.py", line 109, in render
    reraise(exc, self.backend)
    ~~~~~~~^^^^^^^^^^^^^^^^^^^
  File "C:\Users\USER\AppData\Local\Programs\Python\Python314\Lib\site-packages\django\template\backends\django.py", line 130, in reraise
    raise new from exc
django.template.exceptions.TemplateDoesNotExist: store/base.html
ERROR 2025-12-04 21:44:43,107 basehttp 16040 9692 "GET /product/4/ HTTP/1.1" 500 131902
ERROR 2025-12-04 21:44:48,887 log 16040 7268 Internal Server Error: /product/7/
Traceback (most recent call last):
  File "C:\Users\USER\AppData\Local\Programs\Python\Python314\Lib\site-packages\django\template\backends\django.py", line 107, in render
    return self.template.render(context)
           ~~~~~~~~~~~~~~~~~~~~^^^^^^^^^
  File "C:\Users\USER\AppData\Local\Programs\Python\Python314\Lib\site-packages\django\template\base.py", line 171, in render
    return self._render(context)
           ~~~~~~~~~~~~^^^^^^^^^
  File "C:\Users\USER\AppData\Local\Programs\Python\Python314\Lib\site-packages\django\template\base.py", line 163, in _render
    return self.nodelist.render(context)
           ~~~~~~~~~~~~~~~~~~~~^^^^^^^^^
  File "C:\Users\USER\AppData\Local\Programs\Python\Python314\Lib\site-packages\django\template\base.py", line 1016, in render
    return SafeString("".join([node.render_annotated(context) for node in self]))
                               ~~~~~~~~~~~~~~~~~~~~~^^^^^^^^^
  File "C:\Users\USER\AppData\Local\Programs\Python\Python314\Lib\site-packages\django\template\base.py", line 977, in render_annotated
    return self.render(context)
           ~~~~~~~~~~~^^^^^^^^^
  File "C:\Users\USER\AppData\Local\Programs\Python\Python314\Lib\site-packages\django\template\loader_tags.py", line 134, in render
    compiled_parent = self.get_parent(context)
  File "C:\Users\USER\AppData\Local\Programs\Python\Python314\Lib\site-packages\django\template\loader_tags.py", line 131, in get_parent
    return self.find_template(parent, context)
           ~~~~~~~~~~~~~~~~~~^^^^^^^^^^^^^^^^^
  File "C:\Users\USER\AppData\Local\Programs\Python\Python314\Lib\site-packages\django\template\loader_tags.py", line 109, in find_template
    template, origin = context.template.engine.find_template(
                       ~~~~~~~~~~~~~~~~~~~~~~~~~~~~~~~~~~~~~^
        template_name,
        ^^^^^^^^^^^^^^
        skip=history,
        ^^^^^^^^^^^^^
    )
    ^
  File "C:\Users\USER\AppData\Local\Programs\Python\Python314\Lib\site-packages\django\template\engine.py", line 163, in find_template
    raise TemplateDoesNotExist(name, tried=tried)
django.template.exceptions.TemplateDoesNotExist: store/base.html

The above exception was the direct cause of the following exception:

Traceback (most recent call last):
  File "C:\Users\USER\AppData\Local\Programs\Python\Python314\Lib\site-packages\django\core\handlers\exception.py", line 55, in inner
    response = get_response(request)
  File "C:\Users\USER\AppData\Local\Programs\Python\Python314\Lib\site-packages\django\core\handlers\base.py", line 197, in _get_response
    response = wrapped_callback(request, *callback_args, **callback_kwargs)
  File "C:\Users\USER\Desktop\myshop_app\store\views.py", line 271, in product_detail
    return render(request, 'store/product_detail.html', {'product': product})
  File "C:\Users\USER\AppData\Local\Programs\Python\Python314\Lib\site-packages\django\shortcuts.py", line 25, in render
    content = loader.render_to_string(template_name, context, request, using=using)
  File "C:\Users\USER\AppData\Local\Programs\Python\Python314\Lib\site-packages\django\template\loader.py", line 62, in render_to_string
    return template.render(context, request)
           ~~~~~~~~~~~~~~~^^^^^^^^^^^^^^^^^^
  File "C:\Users\USER\AppData\Local\Programs\Python\Python314\Lib\site-packages\django\template\backends\django.py", line 109, in render
    reraise(exc, self.backend)
    ~~~~~~~^^^^^^^^^^^^^^^^^^^
  File "C:\Users\USER\AppData\Local\Programs\Python\Python314\Lib\site-packages\django\template\backends\django.py", line 130, in reraise
    raise new from exc
django.template.exceptions.TemplateDoesNotExist: store/base.html
ERROR 2025-12-04 21:44:48,891 basehttp 16040 7268 "GET /product/7/ HTTP/1.1" 500 131938
ERROR 2025-12-04 21:44:51,729 log 16040 7268 Internal Server Error: /product/9/
Traceback (most recent call last):
  File "C:\Users\USER\AppData\Local\Programs\Python\Python314\Lib\site-packages\django\template\backends\django.py", line 107, in render
    return self.template.render(context)
           ~~~~~~~~~~~~~~~~~~~~^^^^^^^^^
  File "C:\Users\USER\AppData\Local\Programs\Python\Python314\Lib\site-packages\django\template\base.py", line 171, in render
    return self._render(context)
           ~~~~~~~~~~~~^^^^^^^^^
  File "C:\Users\USER\AppData\Local\Programs\Python\Python314\Lib\site-packages\django\template\base.py", line 163, in _render
    return self.nodelist.render(context)
           ~~~~~~~~~~~~~~~~~~~~^^^^^^^^^
  File "C:\Users\USER\AppData\Local\Programs\Python\Python314\Lib\site-packages\django\template\base.py", line 1016, in render
    return SafeString("".join([node.render_annotated(context) for node in self]))
                               ~~~~~~~~~~~~~~~~~~~~~^^^^^^^^^
  File "C:\Users\USER\AppData\Local\Programs\Python\Python314\Lib\site-packages\django\template\base.py", line 977, in render_annotated
    return self.render(context)
           ~~~~~~~~~~~^^^^^^^^^
  File "C:\Users\USER\AppData\Local\Programs\Python\Python314\Lib\site-packages\django\template\loader_tags.py", line 134, in render
    compiled_parent = self.get_parent(context)
  File "C:\Users\USER\AppData\Local\Programs\Python\Python314\Lib\site-packages\django\template\loader_tags.py", line 131, in get_parent
    return self.find_template(parent, context)
           ~~~~~~~~~~~~~~~~~~^^^^^^^^^^^^^^^^^
  File "C:\Users\USER\AppData\Local\Programs\Python\Python314\Lib\site-packages\django\template\loader_tags.py", line 109, in find_template
    template, origin = context.template.engine.find_template(
                       ~~~~~~~~~~~~~~~~~~~~~~~~~~~~~~~~~~~~~^
        template_name,
        ^^^^^^^^^^^^^^
        skip=history,
        ^^^^^^^^^^^^^
    )
    ^
  File "C:\Users\USER\AppData\Local\Programs\Python\Python314\Lib\site-packages\django\template\engine.py", line 163, in find_template
    raise TemplateDoesNotExist(name, tried=tried)
django.template.exceptions.TemplateDoesNotExist: store/base.html

The above exception was the direct cause of the following exception:

Traceback (most recent call last):
  File "C:\Users\USER\AppData\Local\Programs\Python\Python314\Lib\site-packages\django\core\handlers\exception.py", line 55, in inner
    response = get_response(request)
  File "C:\Users\USER\AppData\Local\Programs\Python\Python314\Lib\site-packages\django\core\handlers\base.py", line 197, in _get_response
    response = wrapped_callback(request, *callback_args, **callback_kwargs)
  File "C:\Users\USER\Desktop\myshop_app\store\views.py", line 271, in product_detail
    return render(request, 'store/product_detail.html', {'product': product})
  File "C:\Users\USER\AppData\Local\Programs\Python\Python314\Lib\site-packages\django\shortcuts.py", line 25, in render
    content = loader.render_to_string(template_name, context, request, using=using)
  File "C:\Users\USER\AppData\Local\Programs\Python\Python314\Lib\site-packages\django\template\loader.py", line 62, in render_to_string
    return template.render(context, request)
           ~~~~~~~~~~~~~~~^^^^^^^^^^^^^^^^^^
  File "C:\Users\USER\AppData\Local\Programs\Python\Python314\Lib\site-packages\django\template\backends\django.py", line 109, in render
    reraise(exc, self.backend)
    ~~~~~~~^^^^^^^^^^^^^^^^^^^
  File "C:\Users\USER\AppData\Local\Programs\Python\Python314\Lib\site-packages\django\template\backends\django.py", line 130, in reraise
    raise new from exc
django.template.exceptions.TemplateDoesNotExist: store/base.html
ERROR 2025-12-04 21:44:51,736 basehttp 16040 7268 "GET /product/9/ HTTP/1.1" 500 132202
INFO 2025-12-04 21:45:02,869 basehttp 16040 23028 "GET / HTTP/1.1" 200 12367
INFO 2025-12-04 21:45:02,883 basehttp 16040 23028 "GET /media/products/OIP_1.webp HTTP/1.1" 304 0
ERROR 2025-12-04 21:45:03,970 log 16040 12004 Internal Server Error: /product/1/
Traceback (most recent call last):
  File "C:\Users\USER\AppData\Local\Programs\Python\Python314\Lib\site-packages\django\template\backends\django.py", line 107, in render
    return self.template.render(context)
           ~~~~~~~~~~~~~~~~~~~~^^^^^^^^^
  File "C:\Users\USER\AppData\Local\Programs\Python\Python314\Lib\site-packages\django\template\base.py", line 171, in render
    return self._render(context)
           ~~~~~~~~~~~~^^^^^^^^^
  File "C:\Users\USER\AppData\Local\Programs\Python\Python314\Lib\site-packages\django\template\base.py", line 163, in _render
    return self.nodelist.render(context)
           ~~~~~~~~~~~~~~~~~~~~^^^^^^^^^
  File "C:\Users\USER\AppData\Local\Programs\Python\Python314\Lib\site-packages\django\template\base.py", line 1016, in render
    return SafeString("".join([node.render_annotated(context) for node in self]))
                               ~~~~~~~~~~~~~~~~~~~~~^^^^^^^^^
  File "C:\Users\USER\AppData\Local\Programs\Python\Python314\Lib\site-packages\django\template\base.py", line 977, in render_annotated
    return self.render(context)
           ~~~~~~~~~~~^^^^^^^^^
  File "C:\Users\USER\AppData\Local\Programs\Python\Python314\Lib\site-packages\django\template\loader_tags.py", line 134, in render
    compiled_parent = self.get_parent(context)
  File "C:\Users\USER\AppData\Local\Programs\Python\Python314\Lib\site-packages\django\template\loader_tags.py", line 131, in get_parent
    return self.find_template(parent, context)
           ~~~~~~~~~~~~~~~~~~^^^^^^^^^^^^^^^^^
  File "C:\Users\USER\AppData\Local\Programs\Python\Python314\Lib\site-packages\django\template\loader_tags.py", line 109, in find_template
    template, origin = context.template.engine.find_template(
                       ~~~~~~~~~~~~~~~~~~~~~~~~~~~~~~~~~~~~~^
        template_name,
        ^^^^^^^^^^^^^^
        skip=history,
        ^^^^^^^^^^^^^
    )
    ^
  File "C:\Users\USER\AppData\Local\Programs\Python\Python314\Lib\site-packages\django\template\engine.py", line 163, in find_template
    raise TemplateDoesNotExist(name, tried=tried)
django.template.exceptions.TemplateDoesNotExist: store/base.html

The above exception was the direct cause of the following exception:

Traceback (most recent call last):
  File "C:\Users\USER\AppData\Local\Programs\Python\Python314\Lib\site-packages\django\core\handlers\exception.py", line 55, in inner
    response = get_response(request)
  File "C:\Users\USER\AppData\Local\Programs\Python\Python314\Lib\site-packages\django\core\handlers\base.py", line 197, in _get_response
    response = wrapped_callback(request, *callback_args, **callback_kwargs)
  File "C:\Users\USER\Desktop\myshop_app\store\views.py", line 271, in product_detail
    return render(request, 'store/product_detail.html', {'product': product})
  File "C:\Users\USER\AppData\Local\Programs\Python\Python314\Lib\site-packages\django\shortcuts.py", line 25, in render
    content = loader.render_to_string(template_name, context, request, using=using)
  File "C:\Users\USER\AppData\Local\Programs\Python\Python314\Lib\site-packages\django\template\loader.py", line 62, in render_to_string
    return template.render(context, request)
           ~~~~~~~~~~~~~~~^^^^^^^^^^^^^^^^^^
  File "C:\Users\USER\AppData\Local\Programs\Python\Python314\Lib\site-packages\django\template\backends\django.py", line 109, in render
    reraise(exc, self.backend)
    ~~~~~~~^^^^^^^^^^^^^^^^^^^
  File "C:\Users\USER\AppData\Local\Programs\Python\Python314\Lib\site-packages\django\template\backends\django.py", line 130, in reraise
    raise new from exc
django.template.exceptions.TemplateDoesNotExist: store/base.html
ERROR 2025-12-04 21:45:03,976 basehttp 16040 12004 "GET /product/1/ HTTP/1.1" 500 132202
INFO 2025-12-04 21:46:19,196 basehttp 16040 10664 "GET / HTTP/1.1" 200 12367
INFO 2025-12-04 21:46:19,217 basehttp 16040 10664 "GET /media/products/81YyU0v02gL._SY466_.jpg HTTP/1.1" 304 0
INFO 2025-12-04 21:46:19,263 basehttp 16040 10664 "GET /media/products/81S88P1FQwL._SY466_.jpg HTTP/1.1" 304 0
ERROR 2025-12-04 21:46:23,935 log 16040 3416 Internal Server Error: /product/1/
Traceback (most recent call last):
  File "C:\Users\USER\AppData\Local\Programs\Python\Python314\Lib\site-packages\django\template\backends\django.py", line 107, in render
    return self.template.render(context)
           ~~~~~~~~~~~~~~~~~~~~^^^^^^^^^
  File "C:\Users\USER\AppData\Local\Programs\Python\Python314\Lib\site-packages\django\template\base.py", line 171, in render
    return self._render(context)
           ~~~~~~~~~~~~^^^^^^^^^
  File "C:\Users\USER\AppData\Local\Programs\Python\Python314\Lib\site-packages\django\template\base.py", line 163, in _render
    return self.nodelist.render(context)
           ~~~~~~~~~~~~~~~~~~~~^^^^^^^^^
  File "C:\Users\USER\AppData\Local\Programs\Python\Python314\Lib\site-packages\django\template\base.py", line 1016, in render
    return SafeString("".join([node.render_annotated(context) for node in self]))
                               ~~~~~~~~~~~~~~~~~~~~~^^^^^^^^^
  File "C:\Users\USER\AppData\Local\Programs\Python\Python314\Lib\site-packages\django\template\base.py", line 977, in render_annotated
    return self.render(context)
           ~~~~~~~~~~~^^^^^^^^^
  File "C:\Users\USER\AppData\Local\Programs\Python\Python314\Lib\site-packages\django\template\loader_tags.py", line 134, in render
    compiled_parent = self.get_parent(context)
  File "C:\Users\USER\AppData\Local\Programs\Python\Python314\Lib\site-packages\django\template\loader_tags.py", line 131, in get_parent
    return self.find_template(parent, context)
           ~~~~~~~~~~~~~~~~~~^^^^^^^^^^^^^^^^^
  File "C:\Users\USER\AppData\Local\Programs\Python\Python314\Lib\site-packages\django\template\loader_tags.py", line 109, in find_template
    template, origin = context.template.engine.find_template(
                       ~~~~~~~~~~~~~~~~~~~~~~~~~~~~~~~~~~~~~^
        template_name,
        ^^^^^^^^^^^^^^
        skip=history,
        ^^^^^^^^^^^^^
    )
    ^
  File "C:\Users\USER\AppData\Local\Programs\Python\Python314\Lib\site-packages\django\template\engine.py", line 163, in find_template
    raise TemplateDoesNotExist(name, tried=tried)
django.template.exceptions.TemplateDoesNotExist: store/base.html

The above exception was the direct cause of the following exception:

Traceback (most recent call last):
  File "C:\Users\USER\AppData\Local\Programs\Python\Python314\Lib\site-packages\django\core\handlers\exception.py", line 55, in inner
    response = get_response(request)
  File "C:\Users\USER\AppData\Local\Programs\Python\Python314\Lib\site-packages\django\core\handlers\base.py", line 197, in _get_response
    response = wrapped_callback(request, *callback_args, **callback_kwargs)
  File "C:\Users\USER\Desktop\myshop_app\store\views.py", line 271, in product_detail
    return render(request, 'store/product_detail.html', {'product': product})
  File "C:\Users\USER\AppData\Local\Programs\Python\Python314\Lib\site-packages\django\shortcuts.py", line 25, in render
    content = loader.render_to_string(template_name, context, request, using=using)
  File "C:\Users\USER\AppData\Local\Programs\Python\Python314\Lib\site-packages\django\template\loader.py", line 62, in render_to_string
    return template.render(context, request)
           ~~~~~~~~~~~~~~~^^^^^^^^^^^^^^^^^^
  File "C:\Users\USER\AppData\Local\Programs\Python\Python314\Lib\site-packages\django\template\backends\django.py", line 109, in render
    reraise(exc, self.backend)
    ~~~~~~~^^^^^^^^^^^^^^^^^^^
  File "C:\Users\USER\AppData\Local\Programs\Python\Python314\Lib\site-packages\django\template\backends\django.py", line 130, in reraise
    raise new from exc
django.template.exceptions.TemplateDoesNotExist: store/base.html
ERROR 2025-12-04 21:46:23,943 basehttp 16040 3416 "GET /product/1/ HTTP/1.1" 500 132202
INFO 2025-12-04 21:46:39,593 basehttp 16040 12876 "GET /profile/ HTTP/1.1" 200 1145
INFO 2025-12-04 21:46:43,822 basehttp 16040 14092 "GET /profile/ HTTP/1.1" 200 1145
INFO 2025-12-04 21:46:49,449 basehttp 16040 14092 "GET /staff/products/ HTTP/1.1" 200 4359
ERROR 2025-12-04 21:46:57,013 log 16040 1352 Internal Server Error: /product/1/
Traceback (most recent call last):
  File "C:\Users\USER\AppData\Local\Programs\Python\Python314\Lib\site-packages\django\template\backends\django.py", line 107, in render
    return self.template.render(context)
           ~~~~~~~~~~~~~~~~~~~~^^^^^^^^^
  File "C:\Users\USER\AppData\Local\Programs\Python\Python314\Lib\site-packages\django\template\base.py", line 171, in render
    return self._render(context)
           ~~~~~~~~~~~~^^^^^^^^^
  File "C:\Users\USER\AppData\Local\Programs\Python\Python314\Lib\site-packages\django\template\base.py", line 163, in _render
    return self.nodelist.render(context)
           ~~~~~~~~~~~~~~~~~~~~^^^^^^^^^
  File "C:\Users\USER\AppData\Local\Programs\Python\Python314\Lib\site-packages\django\template\base.py", line 1016, in render
    return SafeString("".join([node.render_annotated(context) for node in self]))
                               ~~~~~~~~~~~~~~~~~~~~~^^^^^^^^^
  File "C:\Users\USER\AppData\Local\Programs\Python\Python314\Lib\site-packages\django\template\base.py", line 977, in render_annotated
    return self.render(context)
           ~~~~~~~~~~~^^^^^^^^^
  File "C:\Users\USER\AppData\Local\Programs\Python\Python314\Lib\site-packages\django\template\loader_tags.py", line 134, in render
    compiled_parent = self.get_parent(context)
  File "C:\Users\USER\AppData\Local\Programs\Python\Python314\Lib\site-packages\django\template\loader_tags.py", line 131, in get_parent
    return self.find_template(parent, context)
           ~~~~~~~~~~~~~~~~~~^^^^^^^^^^^^^^^^^
  File "C:\Users\USER\AppData\Local\Programs\Python\Python314\Lib\site-packages\django\template\loader_tags.py", line 109, in find_template
    template, origin = context.template.engine.find_template(
                       ~~~~~~~~~~~~~~~~~~~~~~~~~~~~~~~~~~~~~^
        template_name,
        ^^^^^^^^^^^^^^
        skip=history,
        ^^^^^^^^^^^^^
    )
    ^
  File "C:\Users\USER\AppData\Local\Programs\Python\Python314\Lib\site-packages\django\template\engine.py", line 163, in find_template
    raise TemplateDoesNotExist(name, tried=tried)
django.template.exceptions.TemplateDoesNotExist: store/base.html

The above exception was the direct cause of the following exception:

Traceback (most recent call last):
  File "C:\Users\USER\AppData\Local\Programs\Python\Python314\Lib\site-packages\django\core\handlers\exception.py", line 55, in inner
    response = get_response(request)
  File "C:\Users\USER\AppData\Local\Programs\Python\Python314\Lib\site-packages\django\core\handlers\base.py", line 197, in _get_response
    response = wrapped_callback(request, *callback_args, **callback_kwargs)
  File "C:\Users\USER\Desktop\myshop_app\store\views.py", line 271, in product_detail
    return render(request, 'store/product_detail.html', {'product': product})
  File "C:\Users\USER\AppData\Local\Programs\Python\Python314\Lib\site-packages\django\shortcuts.py", line 25, in render
    content = loader.render_to_string(template_name, context, request, using=using)
  File "C:\Users\USER\AppData\Local\Programs\Python\Python314\Lib\site-packages\django\template\loader.py", line 62, in render_to_string
    return template.render(context, request)
           ~~~~~~~~~~~~~~~^^^^^^^^^^^^^^^^^^
  File "C:\Users\USER\AppData\Local\Programs\Python\Python314\Lib\site-packages\django\template\backends\django.py", line 109, in render
    reraise(exc, self.backend)
    ~~~~~~~^^^^^^^^^^^^^^^^^^^
  File "C:\Users\USER\AppData\Local\Programs\Python\Python314\Lib\site-packages\django\template\backends\django.py", line 130, in reraise
    raise new from exc
django.template.exceptions.TemplateDoesNotExist: store/base.html
ERROR 2025-12-04 21:46:57,020 basehttp 16040 1352 "GET /product/1/ HTTP/1.1" 500 132202
INFO 2025-12-04 21:48:02,540 basehttp 16040 16232 "GET / HTTP/1.1" 200 12367
INFO 2025-12-04 21:48:02,558 basehttp 16040 3860 "GET /media/products/41ObsCYcV1L._SY445_SX342_ML2_.jpg HTTP/1.1" 304 0
INFO 2025-12-04 21:48:02,560 basehttp 16040 16232 "GET /media/products/41NOgOAkpL._SY445_SX342_ML2_.jpg HTTP/1.1" 304 0
INFO 2025-12-04 21:48:02,566 basehttp 16040 3860 "GET /media/products/510L6Sk8hL._SY445_SX342_ML2_.jpg HTTP/1.1" 304 0
INFO 2025-12-04 21:48:03,762 basehttp 16040 7552 "GET / HTTP/1.1" 200 12367
INFO 2025-12-04 21:48:03,931 basehttp 16040 7552 "GET / HTTP/1.1" 200 12367
INFO 2025-12-04 21:48:04,147 basehttp 16040 7552 "GET / HTTP/1.1" 200 12367
ERROR 2025-12-04 21:48:06,289 log 16040 7552 Internal Server Error: /product/1/
Traceback (most recent call last):
  File "C:\Users\USER\AppData\Local\Programs\Python\Python314\Lib\site-packages\django\template\backends\django.py", line 107, in render
    return self.template.render(context)
           ~~~~~~~~~~~~~~~~~~~~^^^^^^^^^
  File "C:\Users\USER\AppData\Local\Programs\Python\Python314\Lib\site-packages\django\template\base.py", line 171, in render
    return self._render(context)
           ~~~~~~~~~~~~^^^^^^^^^
  File "C:\Users\USER\AppData\Local\Programs\Python\Python314\Lib\site-packages\django\template\base.py", line 163, in _render
    return self.nodelist.render(context)
           ~~~~~~~~~~~~~~~~~~~~^^^^^^^^^
  File "C:\Users\USER\AppData\Local\Programs\Python\Python314\Lib\site-packages\django\template\base.py", line 1016, in render
    return SafeString("".join([node.render_annotated(context) for node in self]))
                               ~~~~~~~~~~~~~~~~~~~~~^^^^^^^^^
  File "C:\Users\USER\AppData\Local\Programs\Python\Python314\Lib\site-packages\django\template\base.py", line 977, in render_annotated
    return self.render(context)
           ~~~~~~~~~~~^^^^^^^^^
  File "C:\Users\USER\AppData\Local\Programs\Python\Python314\Lib\site-packages\django\template\loader_tags.py", line 134, in render
    compiled_parent = self.get_parent(context)
  File "C:\Users\USER\AppData\Local\Programs\Python\Python314\Lib\site-packages\django\template\loader_tags.py", line 131, in get_parent
    return self.find_template(parent, context)
           ~~~~~~~~~~~~~~~~~~^^^^^^^^^^^^^^^^^
  File "C:\Users\USER\AppData\Local\Programs\Python\Python314\Lib\site-packages\django\template\loader_tags.py", line 109, in find_template
    template, origin = context.template.engine.find_template(
                       ~~~~~~~~~~~~~~~~~~~~~~~~~~~~~~~~~~~~~^
        template_name,
        ^^^^^^^^^^^^^^
        skip=history,
        ^^^^^^^^^^^^^
    )
    ^
  File "C:\Users\USER\AppData\Local\Programs\Python\Python314\Lib\site-packages\django\template\engine.py", line 163, in find_template
    raise TemplateDoesNotExist(name, tried=tried)
django.template.exceptions.TemplateDoesNotExist: store/base.html

The above exception was the direct cause of the following exception:

Traceback (most recent call last):
  File "C:\Users\USER\AppData\Local\Programs\Python\Python314\Lib\site-packages\django\core\handlers\exception.py", line 55, in inner
    response = get_response(request)
  File "C:\Users\USER\AppData\Local\Programs\Python\Python314\Lib\site-packages\django\core\handlers\base.py", line 197, in _get_response
    response = wrapped_callback(request, *callback_args, **callback_kwargs)
  File "C:\Users\USER\Desktop\myshop_app\store\views.py", line 271, in product_detail
    return render(request, 'store/product_detail.html', {'product': product})
  File "C:\Users\USER\AppData\Local\Programs\Python\Python314\Lib\site-packages\django\shortcuts.py", line 25, in render
    content = loader.render_to_string(template_name, context, request, using=using)
  File "C:\Users\USER\AppData\Local\Programs\Python\Python314\Lib\site-packages\django\template\loader.py", line 62, in render_to_string
    return template.render(context, request)
           ~~~~~~~~~~~~~~~^^^^^^^^^^^^^^^^^^
  File "C:\Users\USER\AppData\Local\Programs\Python\Python314\Lib\site-packages\django\template\backends\django.py", line 109, in render
    reraise(exc, self.backend)
    ~~~~~~~^^^^^^^^^^^^^^^^^^^
  File "C:\Users\USER\AppData\Local\Programs\Python\Python314\Lib\site-packages\django\template\backends\django.py", line 130, in reraise
    raise new from exc
django.template.exceptions.TemplateDoesNotExist: store/base.html
ERROR 2025-12-04 21:48:06,295 basehttp 16040 7552 "GET /product/1/ HTTP/1.1" 500 132202
ERROR 2025-12-04 21:48:43,603 log 16040 10028 Internal Server Error: /product/1/
Traceback (most recent call last):
  File "C:\Users\USER\AppData\Local\Programs\Python\Python314\Lib\site-packages\django\template\backends\django.py", line 107, in render
    return self.template.render(context)
           ~~~~~~~~~~~~~~~~~~~~^^^^^^^^^
  File "C:\Users\USER\AppData\Local\Programs\Python\Python314\Lib\site-packages\django\template\base.py", line 171, in render
    return self._render(context)
           ~~~~~~~~~~~~^^^^^^^^^
  File "C:\Users\USER\AppData\Local\Programs\Python\Python314\Lib\site-packages\django\template\base.py", line 163, in _render
    return self.nodelist.render(context)
           ~~~~~~~~~~~~~~~~~~~~^^^^^^^^^
  File "C:\Users\USER\AppData\Local\Programs\Python\Python314\Lib\site-packages\django\template\base.py", line 1016, in render
    return SafeString("".join([node.render_annotated(context) for node in self]))
                               ~~~~~~~~~~~~~~~~~~~~~^^^^^^^^^
  File "C:\Users\USER\AppData\Local\Programs\Python\Python314\Lib\site-packages\django\template\base.py", line 977, in render_annotated
    return self.render(context)
           ~~~~~~~~~~~^^^^^^^^^
  File "C:\Users\USER\AppData\Local\Programs\Python\Python314\Lib\site-packages\django\template\loader_tags.py", line 134, in render
    compiled_parent = self.get_parent(context)
  File "C:\Users\USER\AppData\Local\Programs\Python\Python314\Lib\site-packages\django\template\loader_tags.py", line 131, in get_parent
    return self.find_template(parent, context)
           ~~~~~~~~~~~~~~~~~~^^^^^^^^^^^^^^^^^
  File "C:\Users\USER\AppData\Local\Programs\Python\Python314\Lib\site-packages\django\template\loader_tags.py", line 109, in find_template
    template, origin = context.template.engine.find_template(
                       ~~~~~~~~~~~~~~~~~~~~~~~~~~~~~~~~~~~~~^
        template_name,
        ^^^^^^^^^^^^^^
        skip=history,
        ^^^^^^^^^^^^^
    )
    ^
  File "C:\Users\USER\AppData\Local\Programs\Python\Python314\Lib\site-packages\django\template\engine.py", line 163, in find_template
    raise TemplateDoesNotExist(name, tried=tried)
django.template.exceptions.TemplateDoesNotExist: store/base.html

The above exception was the direct cause of the following exception:

Traceback (most recent call last):
  File "C:\Users\USER\AppData\Local\Programs\Python\Python314\Lib\site-packages\django\core\handlers\exception.py", line 55, in inner
    response = get_response(request)
  File "C:\Users\USER\AppData\Local\Programs\Python\Python314\Lib\site-packages\django\core\handlers\base.py", line 197, in _get_response
    response = wrapped_callback(request, *callback_args, **callback_kwargs)
  File "C:\Users\USER\Desktop\myshop_app\store\views.py", line 271, in product_detail
    return render(request, 'store/product_detail.html', {'product': product})
  File "C:\Users\USER\AppData\Local\Programs\Python\Python314\Lib\site-packages\django\shortcuts.py", line 25, in render
    content = loader.render_to_string(template_name, context, request, using=using)
  File "C:\Users\USER\AppData\Local\Programs\Python\Python314\Lib\site-packages\django\template\loader.py", line 62, in render_to_string
    return template.render(context, request)
           ~~~~~~~~~~~~~~~^^^^^^^^^^^^^^^^^^
  File "C:\Users\USER\AppData\Local\Programs\Python\Python314\Lib\site-packages\django\template\backends\django.py", line 109, in render
    reraise(exc, self.backend)
    ~~~~~~~^^^^^^^^^^^^^^^^^^^
  File "C:\Users\USER\AppData\Local\Programs\Python\Python314\Lib\site-packages\django\template\backends\django.py", line 130, in reraise
    raise new from exc
django.template.exceptions.TemplateDoesNotExist: store/base.html
ERROR 2025-12-04 21:48:43,608 basehttp 16040 10028 "GET /product/1/ HTTP/1.1" 500 132202
ERROR 2025-12-04 21:55:52,055 log 16040 4060 Internal Server Error: /product/1/
Traceback (most recent call last):
  File "C:\Users\USER\AppData\Local\Programs\Python\Python314\Lib\site-packages\django\template\backends\django.py", line 107, in render
    return self.template.render(context)
           ~~~~~~~~~~~~~~~~~~~~^^^^^^^^^
  File "C:\Users\USER\AppData\Local\Programs\Python\Python314\Lib\site-packages\django\template\base.py", line 171, in render
    return self._render(context)
           ~~~~~~~~~~~~^^^^^^^^^
  File "C:\Users\USER\AppData\Local\Programs\Python\Python314\Lib\site-packages\django\template\base.py", line 163, in _render
    return self.nodelist.render(context)
           ~~~~~~~~~~~~~~~~~~~~^^^^^^^^^
  File "C:\Users\USER\AppData\Local\Programs\Python\Python314\Lib\site-packages\django\template\base.py", line 1016, in render
    return SafeString("".join([node.render_annotated(context) for node in self]))
                               ~~~~~~~~~~~~~~~~~~~~~^^^^^^^^^
  File "C:\Users\USER\AppData\Local\Programs\Python\Python314\Lib\site-packages\django\template\base.py", line 977, in render_annotated
    return self.render(context)
           ~~~~~~~~~~~^^^^^^^^^
  File "C:\Users\USER\AppData\Local\Programs\Python\Python314\Lib\site-packages\django\template\loader_tags.py", line 134, in render
    compiled_parent = self.get_parent(context)
  File "C:\Users\USER\AppData\Local\Programs\Python\Python314\Lib\site-packages\django\template\loader_tags.py", line 131, in get_parent
    return self.find_template(parent, context)
           ~~~~~~~~~~~~~~~~~~^^^^^^^^^^^^^^^^^
  File "C:\Users\USER\AppData\Local\Programs\Python\Python314\Lib\site-packages\django\template\loader_tags.py", line 109, in find_template
    template, origin = context.template.engine.find_template(
                       ~~~~~~~~~~~~~~~~~~~~~~~~~~~~~~~~~~~~~^
        template_name,
        ^^^^^^^^^^^^^^
        skip=history,
        ^^^^^^^^^^^^^
    )
    ^
  File "C:\Users\USER\AppData\Local\Programs\Python\Python314\Lib\site-packages\django\template\engine.py", line 163, in find_template
    raise TemplateDoesNotExist(name, tried=tried)
django.template.exceptions.TemplateDoesNotExist: store/base.html

The above exception was the direct cause of the following exception:

Traceback (most recent call last):
  File "C:\Users\USER\AppData\Local\Programs\Python\Python314\Lib\site-packages\django\core\handlers\exception.py", line 55, in inner
    response = get_response(request)
  File "C:\Users\USER\AppData\Local\Programs\Python\Python314\Lib\site-packages\django\core\handlers\base.py", line 197, in _get_response
    response = wrapped_callback(request, *callback_args, **callback_kwargs)
  File "C:\Users\USER\Desktop\myshop_app\store\views.py", line 271, in product_detail
    return render(request, 'store/product_detail.html', {'product': product})
  File "C:\Users\USER\AppData\Local\Programs\Python\Python314\Lib\site-packages\django\shortcuts.py", line 25, in render
    content = loader.render_to_string(template_name, context, request, using=using)
  File "C:\Users\USER\AppData\Local\Programs\Python\Python314\Lib\site-packages\django\template\loader.py", line 62, in render_to_string
    return template.render(context, request)
           ~~~~~~~~~~~~~~~^^^^^^^^^^^^^^^^^^
  File "C:\Users\USER\AppData\Local\Programs\Python\Python314\Lib\site-packages\django\template\backends\django.py", line 109, in render
    reraise(exc, self.backend)
    ~~~~~~~^^^^^^^^^^^^^^^^^^^
  File "C:\Users\USER\AppData\Local\Programs\Python\Python314\Lib\site-packages\django\template\backends\django.py", line 130, in reraise
    raise new from exc
django.template.exceptions.TemplateDoesNotExist: store/base.html
ERROR 2025-12-04 21:55:52,091 basehttp 16040 4060 "GET /product/1/ HTTP/1.1" 500 132202
ERROR 2025-12-04 21:56:10,121 log 16040 24184 Internal Server Error: /product/1/
Traceback (most recent call last):
  File "C:\Users\USER\AppData\Local\Programs\Python\Python314\Lib\site-packages\django\template\backends\django.py", line 107, in render
    return self.template.render(context)
           ~~~~~~~~~~~~~~~~~~~~^^^^^^^^^
  File "C:\Users\USER\AppData\Local\Programs\Python\Python314\Lib\site-packages\django\template\base.py", line 171, in render
    return self._render(context)
           ~~~~~~~~~~~~^^^^^^^^^
  File "C:\Users\USER\AppData\Local\Programs\Python\Python314\Lib\site-packages\django\template\base.py", line 163, in _render
    return self.nodelist.render(context)
           ~~~~~~~~~~~~~~~~~~~~^^^^^^^^^
  File "C:\Users\USER\AppData\Local\Programs\Python\Python314\Lib\site-packages\django\template\base.py", line 1016, in render
    return SafeString("".join([node.render_annotated(context) for node in self]))
                               ~~~~~~~~~~~~~~~~~~~~~^^^^^^^^^
  File "C:\Users\USER\AppData\Local\Programs\Python\Python314\Lib\site-packages\django\template\base.py", line 977, in render_annotated
    return self.render(context)
           ~~~~~~~~~~~^^^^^^^^^
  File "C:\Users\USER\AppData\Local\Programs\Python\Python314\Lib\site-packages\django\template\loader_tags.py", line 134, in render
    compiled_parent = self.get_parent(context)
  File "C:\Users\USER\AppData\Local\Programs\Python\Python314\Lib\site-packages\django\template\loader_tags.py", line 131, in get_parent
    return self.find_template(parent, context)
           ~~~~~~~~~~~~~~~~~~^^^^^^^^^^^^^^^^^
  File "C:\Users\USER\AppData\Local\Programs\Python\Python314\Lib\site-packages\django\template\loader_tags.py", line 109, in find_template
    template, origin = context.template.engine.find_template(
                       ~~~~~~~~~~~~~~~~~~~~~~~~~~~~~~~~~~~~~^
        template_name,
        ^^^^^^^^^^^^^^
        skip=history,
        ^^^^^^^^^^^^^
    )
    ^
  File "C:\Users\USER\AppData\Local\Programs\Python\Python314\Lib\site-packages\django\template\engine.py", line 163, in find_template
    raise TemplateDoesNotExist(name, tried=tried)
django.template.exceptions.TemplateDoesNotExist: store/base.html

The above exception was the direct cause of the following exception:

Traceback (most recent call last):
  File "C:\Users\USER\AppData\Local\Programs\Python\Python314\Lib\site-packages\django\core\handlers\exception.py", line 55, in inner
    response = get_response(request)
  File "C:\Users\USER\AppData\Local\Programs\Python\Python314\Lib\site-packages\django\core\handlers\base.py", line 197, in _get_response
    response = wrapped_callback(request, *callback_args, **callback_kwargs)
  File "C:\Users\USER\Desktop\myshop_app\store\views.py", line 271, in product_detail
    return render(request, 'store/product_detail.html', {'product': product})
  File "C:\Users\USER\AppData\Local\Programs\Python\Python314\Lib\site-packages\django\shortcuts.py", line 25, in render
    content = loader.render_to_string(template_name, context, request, using=using)
  File "C:\Users\USER\AppData\Local\Programs\Python\Python314\Lib\site-packages\django\template\loader.py", line 62, in render_to_string
    return template.render(context, request)
           ~~~~~~~~~~~~~~~^^^^^^^^^^^^^^^^^^
  File "C:\Users\USER\AppData\Local\Programs\Python\Python314\Lib\site-packages\django\template\backends\django.py", line 109, in render
    reraise(exc, self.backend)
    ~~~~~~~^^^^^^^^^^^^^^^^^^^
  File "C:\Users\USER\AppData\Local\Programs\Python\Python314\Lib\site-packages\django\template\backends\django.py", line 130, in reraise
    raise new from exc
django.template.exceptions.TemplateDoesNotExist: store/base.html
ERROR 2025-12-04 21:56:10,125 basehttp 16040 24184 "GET /product/1/ HTTP/1.1" 500 132202
ERROR 2025-12-04 21:56:54,967 log 16040 3736 Internal Server Error: /product/3/
Traceback (most recent call last):
  File "C:\Users\USER\AppData\Local\Programs\Python\Python314\Lib\site-packages\django\template\backends\django.py", line 107, in render
    return self.template.render(context)
           ~~~~~~~~~~~~~~~~~~~~^^^^^^^^^
  File "C:\Users\USER\AppData\Local\Programs\Python\Python314\Lib\site-packages\django\template\base.py", line 171, in render
    return self._render(context)
           ~~~~~~~~~~~~^^^^^^^^^
  File "C:\Users\USER\AppData\Local\Programs\Python\Python314\Lib\site-packages\django\template\base.py", line 163, in _render
    return self.nodelist.render(context)
           ~~~~~~~~~~~~~~~~~~~~^^^^^^^^^
  File "C:\Users\USER\AppData\Local\Programs\Python\Python314\Lib\site-packages\django\template\base.py", line 1016, in render
    return SafeString("".join([node.render_annotated(context) for node in self]))
                               ~~~~~~~~~~~~~~~~~~~~~^^^^^^^^^
  File "C:\Users\USER\AppData\Local\Programs\Python\Python314\Lib\site-packages\django\template\base.py", line 977, in render_annotated
    return self.render(context)
           ~~~~~~~~~~~^^^^^^^^^
  File "C:\Users\USER\AppData\Local\Programs\Python\Python314\Lib\site-packages\django\template\loader_tags.py", line 134, in render
    compiled_parent = self.get_parent(context)
  File "C:\Users\USER\AppData\Local\Programs\Python\Python314\Lib\site-packages\django\template\loader_tags.py", line 131, in get_parent
    return self.find_template(parent, context)
           ~~~~~~~~~~~~~~~~~~^^^^^^^^^^^^^^^^^
  File "C:\Users\USER\AppData\Local\Programs\Python\Python314\Lib\site-packages\django\template\loader_tags.py", line 109, in find_template
    template, origin = context.template.engine.find_template(
                       ~~~~~~~~~~~~~~~~~~~~~~~~~~~~~~~~~~~~~^
        template_name,
        ^^^^^^^^^^^^^^
        skip=history,
        ^^^^^^^^^^^^^
    )
    ^
  File "C:\Users\USER\AppData\Local\Programs\Python\Python314\Lib\site-packages\django\template\engine.py", line 163, in find_template
    raise TemplateDoesNotExist(name, tried=tried)
django.template.exceptions.TemplateDoesNotExist: store/base.html

The above exception was the direct cause of the following exception:

Traceback (most recent call last):
  File "C:\Users\USER\AppData\Local\Programs\Python\Python314\Lib\site-packages\django\core\handlers\exception.py", line 55, in inner
    response = get_response(request)
  File "C:\Users\USER\AppData\Local\Programs\Python\Python314\Lib\site-packages\django\core\handlers\base.py", line 197, in _get_response
    response = wrapped_callback(request, *callback_args, **callback_kwargs)
  File "C:\Users\USER\Desktop\myshop_app\store\views.py", line 271, in product_detail
    return render(request, 'store/product_detail.html', {'product': product})
  File "C:\Users\USER\AppData\Local\Programs\Python\Python314\Lib\site-packages\django\shortcuts.py", line 25, in render
    content = loader.render_to_string(template_name, context, request, using=using)
  File "C:\Users\USER\AppData\Local\Programs\Python\Python314\Lib\site-packages\django\template\loader.py", line 62, in render_to_string
    return template.render(context, request)
           ~~~~~~~~~~~~~~~^^^^^^^^^^^^^^^^^^
  File "C:\Users\USER\AppData\Local\Programs\Python\Python314\Lib\site-packages\django\template\backends\django.py", line 109, in render
    reraise(exc, self.backend)
    ~~~~~~~^^^^^^^^^^^^^^^^^^^
  File "C:\Users\USER\AppData\Local\Programs\Python\Python314\Lib\site-packages\django\template\backends\django.py", line 130, in reraise
    raise new from exc
django.template.exceptions.TemplateDoesNotExist: store/base.html
ERROR 2025-12-04 21:56:54,975 basehttp 16040 3736 "GET /product/3/ HTTP/1.1" 500 132010
ERROR 2025-12-04 21:57:31,621 log 16040 20728 Internal Server Error: /product/3/
Traceback (most recent call last):
  File "C:\Users\USER\AppData\Local\Programs\Python\Python314\Lib\site-packages\django\template\backends\django.py", line 107, in render
    return self.template.render(context)
           ~~~~~~~~~~~~~~~~~~~~^^^^^^^^^
  File "C:\Users\USER\AppData\Local\Programs\Python\Python314\Lib\site-packages\django\template\base.py", line 171, in render
    return self._render(context)
           ~~~~~~~~~~~~^^^^^^^^^
  File "C:\Users\USER\AppData\Local\Programs\Python\Python314\Lib\site-packages\django\template\base.py", line 163, in _render
    return self.nodelist.render(context)
           ~~~~~~~~~~~~~~~~~~~~^^^^^^^^^
  File "C:\Users\USER\AppData\Local\Programs\Python\Python314\Lib\site-packages\django\template\base.py", line 1016, in render
    return SafeString("".join([node.render_annotated(context) for node in self]))
                               ~~~~~~~~~~~~~~~~~~~~~^^^^^^^^^
  File "C:\Users\USER\AppData\Local\Programs\Python\Python314\Lib\site-packages\django\template\base.py", line 977, in render_annotated
    return self.render(context)
           ~~~~~~~~~~~^^^^^^^^^
  File "C:\Users\USER\AppData\Local\Programs\Python\Python314\Lib\site-packages\django\template\loader_tags.py", line 134, in render
    compiled_parent = self.get_parent(context)
  File "C:\Users\USER\AppData\Local\Programs\Python\Python314\Lib\site-packages\django\template\loader_tags.py", line 131, in get_parent
    return self.find_template(parent, context)
           ~~~~~~~~~~~~~~~~~~^^^^^^^^^^^^^^^^^
  File "C:\Users\USER\AppData\Local\Programs\Python\Python314\Lib\site-packages\django\template\loader_tags.py", line 109, in find_template
    template, origin = context.template.engine.find_template(
                       ~~~~~~~~~~~~~~~~~~~~~~~~~~~~~~~~~~~~~^
        template_name,
        ^^^^^^^^^^^^^^
        skip=history,
        ^^^^^^^^^^^^^
    )
    ^
  File "C:\Users\USER\AppData\Local\Programs\Python\Python314\Lib\site-packages\django\template\engine.py", line 163, in find_template
    raise TemplateDoesNotExist(name, tried=tried)
django.template.exceptions.TemplateDoesNotExist: store/base.html

The above exception was the direct cause of the following exception:

Traceback (most recent call last):
  File "C:\Users\USER\AppData\Local\Programs\Python\Python314\Lib\site-packages\django\core\handlers\exception.py", line 55, in inner
    response = get_response(request)
  File "C:\Users\USER\AppData\Local\Programs\Python\Python314\Lib\site-packages\django\core\handlers\base.py", line 197, in _get_response
    response = wrapped_callback(request, *callback_args, **callback_kwargs)
  File "C:\Users\USER\Desktop\myshop_app\store\views.py", line 271, in product_detail
    return render(request, 'store/product_detail.html', {'product': product})
  File "C:\Users\USER\AppData\Local\Programs\Python\Python314\Lib\site-packages\django\shortcuts.py", line 25, in render
    content = loader.render_to_string(template_name, context, request, using=using)
  File "C:\Users\USER\AppData\Local\Programs\Python\Python314\Lib\site-packages\django\template\loader.py", line 62, in render_to_string
    return template.render(context, request)
           ~~~~~~~~~~~~~~~^^^^^^^^^^^^^^^^^^
  File "C:\Users\USER\AppData\Local\Programs\Python\Python314\Lib\site-packages\django\template\backends\django.py", line 109, in render
    reraise(exc, self.backend)
    ~~~~~~~^^^^^^^^^^^^^^^^^^^
  File "C:\Users\USER\AppData\Local\Programs\Python\Python314\Lib\site-packages\django\template\backends\django.py", line 130, in reraise
    raise new from exc
django.template.exceptions.TemplateDoesNotExist: store/base.html
ERROR 2025-12-04 21:57:31,626 basehttp 16040 20728 "GET /product/3/ HTTP/1.1" 500 132010
INFO 2025-12-04 21:59:05,591 basehttp 16040 4628 "GET / HTTP/1.1" 200 12367
INFO 2025-12-04 21:59:05,859 basehttp 16040 10792 "GET /media/products/41ObsCYcV1L._SY445_SX342_ML2_.jpg HTTP/1.1" 304 0
INFO 2025-12-04 21:59:05,860 basehttp 16040 4628 "GET /media/products/41NOgOAkpL._SY445_SX342_ML2_.jpg HTTP/1.1" 304 0
INFO 2025-12-04 21:59:05,929 basehttp 16040 10792 "GET /media/products/81S88P1FQwL._SY466_.jpg HTTP/1.1" 304 0
INFO 2025-12-04 21:59:05,932 basehttp 16040 4628 "GET /media/products/510L6Sk8hL._SY445_SX342_ML2_.jpg HTTP/1.1" 304 0
INFO 2025-12-04 21:59:05,951 basehttp 16040 10792 "GET /media/products/OIP_1.webp HTTP/1.1" 304 0
INFO 2025-12-04 21:59:05,954 basehttp 16040 4628 "GET /media/products/81YyU0v02gL._SY466_.jpg HTTP/1.1" 304 0
INFO 2025-12-04 21:59:07,617 basehttp 16040 4628 "GET /product/1/ HTTP/1.1" 200 3348
INFO 2025-12-04 21:59:17,597 basehttp 16040 15516 "GET /media/products/61Y8egjgeyL._SY466_.jpg HTTP/1.1" 200 22634
INFO 2025-12-04 21:59:23,683 basehttp 16040 7056 "GET /product/3/ HTTP/1.1" 200 3468
INFO 2025-12-04 21:59:26,242 basehttp 16040 10896 "GET /media/products/71eTwnmHa3L_J2bvn9j._SY466_.jpg HTTP/1.1" 200 32808
INFO 2025-12-04 21:59:28,255 basehttp 16040 18240 "GET /product/5/ HTTP/1.1" 200 2995
INFO 2025-12-04 21:59:31,535 basehttp 16040 10896 "GET /media/products/41ObsCYcV1L._SY445_SX342_ML2_.jpg HTTP/1.1" 200 22370
INFO 2025-12-04 22:07:41,205 basehttp 16040 24368 "GET /product/1/ HTTP/1.1" 200 3348
INFO 2025-12-04 22:07:50,182 basehttp 16040 20652 "GET /product/1/ HTTP/1.1" 200 3348
INFO 2025-12-04 22:07:55,044 basehttp 16040 20652 "GET /product/3/ HTTP/1.1" 200 3468
INFO 2025-12-04 22:07:59,868 basehttp 16040 10740 "GET /product/4/ HTTP/1.1" 200 3004
INFO 2025-12-04 22:08:04,438 basehttp 16040 10740 "GET /product/5/ HTTP/1.1" 200 2995
INFO 2025-12-04 22:08:24,226 basehttp 16040 14052 - Broken pipe from ('127.0.0.1', 49656)
INFO 2025-12-04 22:08:24,236 basehttp 16040 13520 "GET / HTTP/1.1" 200 12367
INFO 2025-12-04 22:08:48,395 basehttp 16040 10296 "GET /staff/products/ HTTP/1.1" 200 4359
INFO 2025-12-04 22:08:54,722 basehttp 16040 25400 "GET /staff/products/ HTTP/1.1" 200 4359
INFO 2025-12-04 22:09:07,955 basehttp 16040 10844 "GET /staff/products/1/edit/ HTTP/1.1" 200 2040
INFO 2025-12-04 22:09:14,067 basehttp 16040 23012 "GET /staff/products/ HTTP/1.1" 200 4359
INFO 2025-12-04 22:09:46,248 basehttp 16040 6328 "GET /product/7/ HTTP/1.1" 200 3022
INFO 2025-12-04 22:09:53,169 basehttp 16040 6328 "GET /product/7/ HTTP/1.1" 200 3022
INFO 2025-12-04 22:09:55,707 basehttp 16040 12836 "GET /media/products/81S88P1FQwL._SY466_.jpg HTTP/1.1" 200 31476
INFO 2025-12-04 22:10:00,788 views 16040 17184 Product added to cart: The Puppet Master (qty: 1)
INFO 2025-12-04 22:10:00,804 basehttp 16040 17184 "POST /add-to-cart/ HTTP/1.1" 302 0
INFO 2025-12-04 22:10:00,841 basehttp 16040 17184 "GET /product/7/ HTTP/1.1" 200 3022
INFO 2025-12-04 22:10:02,081 basehttp 16040 17184 "GET / HTTP/1.1" 200 12367
INFO 2025-12-04 22:10:04,294 basehttp 16040 16588 "GET /cart/ HTTP/1.1" 200 2437
INFO 2025-12-04 22:10:07,717 basehttp 16040 16588 "POST /cart/update/ HTTP/1.1" 302 0
INFO 2025-12-04 22:10:07,734 basehttp 16040 16588 "GET /cart/ HTTP/1.1" 200 2437
INFO 2025-12-04 22:10:14,939 basehttp 16040 20672 "POST /cart/update/ HTTP/1.1" 302 0
INFO 2025-12-04 22:10:14,956 basehttp 16040 20672 "GET /cart/ HTTP/1.1" 200 2440
INFO 2025-12-04 22:10:21,742 basehttp 16040 20672 "POST /cart/update/ HTTP/1.1" 302 0
INFO 2025-12-04 22:10:21,758 basehttp 16040 20672 "GET /cart/ HTTP/1.1" 200 2443
INFO 2025-12-04 22:10:28,648 basehttp 16040 19108 "POST /cart/update/ HTTP/1.1" 302 0
INFO 2025-12-04 22:10:28,665 basehttp 16040 19108 "GET /cart/ HTTP/1.1" 200 2437
INFO 2025-12-04 22:10:32,273 basehttp 16040 19108 "GET /checkout/ HTTP/1.1" 200 850
INFO 2025-12-04 22:10:36,156 basehttp 16040 15912 "GET /cart/ HTTP/1.1" 200 2437
INFO 2025-12-04 22:10:38,311 basehttp 16040 15912 "GET /checkout/ HTTP/1.1" 200 850
INFO 2025-12-04 22:10:39,828 basehttp 16040 15912 "GET /cart/ HTTP/1.1" 200 2437
INFO 2025-12-08 14:28:18,231 autoreload 7032 13976 Watching for file changes with StatReloader
INFO 2025-12-08 14:28:28,055 basehttp 7032 4220 "GET / HTTP/1.1" 200 12367
INFO 2025-12-08 14:28:28,326 basehttp 7032 6684 "GET /media/products/71eTwnmHa3L_J2bvn9j._SY466_.jpg HTTP/1.1" 304 0
INFO 2025-12-08 14:28:28,332 basehttp 7032 13048 "GET /media/products/61Y8egjgeyL._SY466_.jpg HTTP/1.1" 304 0
INFO 2025-12-08 14:28:28,332 basehttp 7032 12268 "GET /media/products/41NOgOAkpL._SY445_SX342_ML2_.jpg HTTP/1.1" 304 0
INFO 2025-12-08 14:28:28,358 basehttp 7032 15500 "GET /media/products/510L6Sk8hL._SY445_SX342_ML2_.jpg HTTP/1.1" 304 0
INFO 2025-12-08 14:28:28,367 basehttp 7032 6684 "GET /media/products/81S88P1FQwL._SY466_.jpg HTTP/1.1" 304 0
INFO 2025-12-08 14:28:28,371 basehttp 7032 13668 "GET /media/products/41ObsCYcV1L._SY445_SX342_ML2_.jpg HTTP/1.1" 304 0
INFO 2025-12-08 14:28:28,461 basehttp 7032 13668 "GET /media/products/81YyU0v02gL._SY466_.jpg HTTP/1.1" 304 0
INFO 2025-12-08 14:28:28,462 basehttp 7032 6684 "GET /media/products/OIP_1.webp HTTP/1.1" 304 0
WARNING 2025-12-08 14:28:28,813 log 7032 6684 Not Found: /favicon.ico
WARNING 2025-12-08 14:28:28,816 basehttp 7032 6684 "GET /favicon.ico HTTP/1.1" 404 6905
INFO 2025-12-08 14:30:29,238 basehttp 7032 14916 "GET /?q=%27OR+%271%27+%3D%27+1 HTTP/1.1" 200 4112
INFO 2025-12-08 14:30:33,824 basehttp 7032 14916 "GET /?q=%27OR+%271%27+%3D%271 HTTP/1.1" 200 4111
INFO 2025-12-08 14:30:40,613 basehttp 7032 4960 "GET /?q=%27++OR+%271%27+%3D%271 HTTP/1.1" 200 4113
INFO 2025-12-08 14:32:58,652 basehttp 7032 5016 "GET /?q=%27++OR++++%271%27+%3D%271 HTTP/1.1" 200 4116
INFO 2025-12-08 14:33:30,226 basehttp 7032 6884 "GET /?q=%27+OR++%271%27+%3D%271 HTTP/1.1" 200 4113
INFO 2025-12-08 14:33:36,688 basehttp 7032 6884 "GET /?q=+%271%27+%3D%271 HTTP/1.1" 200 4103
INFO 2025-12-11 14:12:19,777 autoreload 18028 3700 Watching for file changes with StatReloader
INFO 2025-12-11 14:12:26,843 basehttp 18028 10588 "GET / HTTP/1.1" 200 12367
INFO 2025-12-11 14:12:27,283 basehttp 18028 5008 "GET /media/products/81S88P1FQwL._SY466_.jpg HTTP/1.1" 304 0
INFO 2025-12-11 14:12:27,289 basehttp 18028 11320 "GET /media/products/41NOgOAkpL._SY445_SX342_ML2_.jpg HTTP/1.1" 304 0
INFO 2025-12-11 14:12:27,306 basehttp 18028 11160 "GET /media/products/41ObsCYcV1L._SY445_SX342_ML2_.jpg HTTP/1.1" 304 0
INFO 2025-12-11 14:12:27,307 basehttp 18028 2348 "GET /media/products/510L6Sk8hL._SY445_SX342_ML2_.jpg HTTP/1.1" 304 0
INFO 2025-12-11 14:12:27,310 basehttp 18028 10588 "GET /media/products/61Y8egjgeyL._SY466_.jpg HTTP/1.1" 304 0
INFO 2025-12-11 14:12:27,310 basehttp 18028 15668 "GET /media/products/71eTwnmHa3L_J2bvn9j._SY466_.jpg HTTP/1.1" 304 0
INFO 2025-12-11 14:12:27,354 basehttp 18028 2348 "GET /media/products/81YyU0v02gL._SY466_.jpg HTTP/1.1" 304 0
INFO 2025-12-11 14:12:27,389 basehttp 18028 15668 "GET /media/products/OIP_1.webp HTTP/1.1" 304 0
WARNING 2025-12-11 14:12:27,905 log 18028 15668 Not Found: /favicon.ico
WARNING 2025-12-11 14:12:27,907 basehttp 18028 15668 "GET /favicon.ico HTTP/1.1" 404 6905
INFO 2025-12-11 14:12:36,260 basehttp 18028 10640 "GET /product/1/ HTTP/1.1" 200 3348
INFO 2025-12-11 14:12:51,320 basehttp 18028 18540 "GET /admin/ HTTP/1.1" 200 12377
INFO 2025-12-11 14:12:54,446 basehttp 18028 18848 "GET /static/admin/css/dark_mode.css HTTP/1.1" 200 2808
INFO 2025-12-11 14:12:54,491 basehttp 18028 16656 "GET /static/admin/css/dashboard.css HTTP/1.1" 200 441
INFO 2025-12-11 14:12:54,544 basehttp 18028 15796 "GET /static/admin/css/nav_sidebar.css HTTP/1.1" 200 2810
INFO 2025-12-11 14:12:54,559 basehttp 18028 16744 "GET /static/admin/css/responsive.css HTTP/1.1" 200 16565
INFO 2025-12-11 14:12:54,576 basehttp 18028 18540 "GET /static/admin/css/base.css HTTP/1.1" 200 22120
INFO 2025-12-11 14:12:54,712 basehttp 18028 16580 "GET /static/admin/js/theme.js HTTP/1.1" 200 1653
INFO 2025-12-11 14:12:54,723 basehttp 18028 18540 "GET /static/admin/js/nav_sidebar.js HTTP/1.1" 200 3063
INFO 2025-12-11 14:12:54,802 basehttp 18028 16580 "GET /static/admin/img/icon-changelink.svg HTTP/1.1" 200 380
INFO 2025-12-11 14:12:54,802 basehttp 18028 18540 "GET /static/admin/img/icon-addlink.svg HTTP/1.1" 200 331
INFO 2025-12-11 14:12:55,239 basehttp 18028 16744 "GET /static/admin/img/icon-deletelink.svg HTTP/1.1" 200 392
INFO 2025-12-11 14:13:07,782 basehttp 18028 16744 "GET /admin/store/product/add/ HTTP/1.1" 200 13055
INFO 2025-12-11 14:13:07,921 basehttp 18028 15796 "GET /static/admin/css/forms.css HTTP/1.1" 200 8525
INFO 2025-12-11 14:13:07,949 basehttp 18028 16744 "GET /static/admin/js/jquery.init.js HTTP/1.1" 200 347
INFO 2025-12-11 14:13:08,087 basehttp 18028 18848 "GET /admin/jsi18n/ HTTP/1.1" 200 3342
INFO 2025-12-11 14:13:08,133 basehttp 18028 16656 "GET /static/admin/js/urlify.js HTTP/1.1" 200 7887
INFO 2025-12-11 14:13:08,183 basehttp 18028 18848 "GET /static/admin/css/widgets.css HTTP/1.1" 200 11973
INFO 2025-12-11 14:13:08,211 basehttp 18028 16580 "GET /static/admin/js/core.js HTTP/1.1" 200 6208
INFO 2025-12-11 14:13:08,235 basehttp 18028 16656 "GET /static/admin/js/prepopulate.js HTTP/1.1" 200 1531
INFO 2025-12-11 14:13:08,284 basehttp 18028 15796 "GET /static/admin/js/actions.js HTTP/1.1" 200 8076
INFO 2025-12-11 14:13:08,290 basehttp 18028 18540 "GET /static/admin/js/admin/RelatedObjectLookups.js HTTP/1.1" 200 9777
INFO 2025-12-11 14:13:08,368 basehttp 18028 16580 "GET /static/admin/js/prepopulate_init.js HTTP/1.1" 200 586
INFO 2025-12-11 14:13:08,879 basehttp 18028 16744 "GET /static/admin/js/vendor/jquery/jquery.js HTTP/1.1" 200 285314
INFO 2025-12-11 14:13:09,021 basehttp 18028 16744 "GET /static/admin/js/change_form.js HTTP/1.1" 200 606
INFO 2025-12-11 14:13:09,168 basehttp 18028 18848 "GET /static/admin/js/vendor/xregexp/xregexp.js HTTP/1.1" 200 325171
INFO 2025-12-11 14:13:25,454 basehttp 18028 18848 "GET /admin/ HTTP/1.1" 200 12377
INFO 2025-12-11 14:13:39,444 basehttp 18028 18848 "GET /staff/products/ HTTP/1.1" 200 4359
INFO 2025-12-11 14:13:48,236 basehttp 18028 2432 "GET / HTTP/1.1" 200 12367
INFO 2025-12-11 14:13:53,342 basehttp 18028 2432 "GET /cart/ HTTP/1.1" 200 2437
INFO 2025-12-11 14:14:01,001 basehttp 18028 12064 "GET /checkout/ HTTP/1.1" 200 850
INFO 2025-12-11 14:14:04,653 basehttp 18028 12064 "GET /cart/ HTTP/1.1" 200 2437
INFO 2025-12-11 14:14:06,992 basehttp 18028 12064 "GET / HTTP/1.1" 200 12367
INFO 2025-12-11 14:14:11,107 basehttp 18028 21336 "GET /staff/products/ HTTP/1.1" 200 4359
INFO 2025-12-11 14:14:13,721 basehttp 18028 21336 "GET / HTTP/1.1" 200 12367
INFO 2025-12-11 14:14:17,054 basehttp 18028 21336 "GET /cart/ HTTP/1.1" 200 2437
INFO 2025-12-11 14:14:19,995 basehttp 18028 21336 "GET / HTTP/1.1" 200 12367
INFO 2025-12-11 14:14:24,757 basehttp 18028 21336 "GET /admin/ HTTP/1.1" 200 12377
INFO 2025-12-11 14:14:31,006 basehttp 18028 21336 "GET /admin/store/orderitem/ HTTP/1.1" 200 10755
INFO 2025-12-11 14:14:31,125 basehttp 18028 7616 "GET /static/admin/img/search.svg HTTP/1.1" 200 458
INFO 2025-12-11 14:14:31,125 basehttp 18028 13600 "GET /static/admin/css/changelists.css HTTP/1.1" 200 6878
INFO 2025-12-11 14:14:31,197 basehttp 18028 21336 "GET /admin/jsi18n/ HTTP/1.1" 200 3342
INFO 2025-12-11 14:14:31,233 basehttp 18028 13600 "GET /static/admin/js/filters.js HTTP/1.1" 200 978
INFO 2025-12-11 14:14:31,366 basehttp 18028 13600 "GET /static/admin/img/tooltag-add.svg HTTP/1.1" 200 331
INFO 2025-12-11 14:14:33,413 basehttp 18028 13600 "GET /admin/store/order/ HTTP/1.1" 200 11998
INFO 2025-12-11 14:14:33,463 basehttp 18028 13600 "GET /admin/jsi18n/ HTTP/1.1" 200 3342
INFO 2025-12-11 14:14:33,608 basehttp 18028 13600 "GET /static/admin/img/icon-viewlink.svg HTTP/1.1" 200 581
INFO 2025-12-11 14:14:38,319 basehttp 18028 13600 "GET /admin/store/order/?status__exact=cancelled HTTP/1.1" 200 12290
INFO 2025-12-11 14:14:38,379 basehttp 18028 13600 "GET /admin/jsi18n/ HTTP/1.1" 200 3342
INFO 2025-12-11 14:14:42,578 basehttp 18028 13600 "GET /admin/store/order/?status__exact=paid HTTP/1.1" 200 12255
INFO 2025-12-11 14:14:42,632 basehttp 18028 13600 "GET /admin/jsi18n/ HTTP/1.1" 200 3342
INFO 2025-12-11 14:14:44,390 basehttp 18028 13600 "GET /admin/store/order/?status__exact=paid HTTP/1.1" 200 12255
INFO 2025-12-11 14:14:44,443 basehttp 18028 13600 "GET /admin/jsi18n/ HTTP/1.1" 200 3342
INFO 2025-12-11 14:14:49,288 basehttp 18028 13600 "GET /admin/store/order/?status__exact=shipped HTTP/1.1" 200 12276
INFO 2025-12-11 14:14:49,348 basehttp 18028 13600 "GET /admin/jsi18n/ HTTP/1.1" 200 3342
INFO 2025-12-11 14:14:50,842 basehttp 18028 13600 "GET /admin/store/order/?status__exact=shipped HTTP/1.1" 200 12276
INFO 2025-12-11 14:14:50,911 basehttp 18028 13600 "GET /admin/jsi18n/ HTTP/1.1" 200 3342
INFO 2025-12-11 14:14:57,435 basehttp 18028 13600 "GET /admin/store/order/?created_at__gte=2025-12-11+00%3A00%3A00%2B00%3A00&created_at__lt=2025-12-12+00%3A00%3A00%2B00%3A00&status__exact=shipped HTTP/1.1" 200 13040
INFO 2025-12-11 14:14:57,488 basehttp 18028 13600 "GET /admin/jsi18n/ HTTP/1.1" 200 3342
INFO 2025-12-11 14:14:58,967 basehttp 18028 13600 "GET /admin/store/order/?created_at__gte=2025-12-04+00%3A00%3A00%2B00%3A00&created_at__lt=2025-12-12+00%3A00%3A00%2B00%3A00&status__exact=shipped HTTP/1.1" 200 13040
INFO 2025-12-11 14:14:59,019 basehttp 18028 13600 "GET /admin/jsi18n/ HTTP/1.1" 200 3342
INFO 2025-12-11 14:15:00,172 basehttp 18028 13600 "GET /admin/store/order/?created_at__gte=2025-01-01+00%3A00%3A00%2B00%3A00&created_at__lt=2026-01-01+00%3A00%3A00%2B00%3A00&status__exact=shipped HTTP/1.1" 200 13040
INFO 2025-12-11 14:15:00,305 basehttp 18028 13600 "GET /admin/jsi18n/ HTTP/1.1" 200 3342
INFO 2025-12-11 14:15:01,441 basehttp 18028 13600 "GET /admin/store/order/?created_at__gte=2025-12-01+00%3A00%3A00%2B00%3A00&created_at__lt=2026-01-01+00%3A00%3A00%2B00%3A00&status__exact=shipped HTTP/1.1" 200 13040
INFO 2025-12-11 14:15:01,518 basehttp 18028 13600 "GET /admin/jsi18n/ HTTP/1.1" 200 3342
INFO 2025-12-11 14:15:07,470 basehttp 18028 17216 "GET /admin/store/order/?_facets=True&created_at__gte=2025-12-01+00%3A00%3A00%2B00%3A00&created_at__lt=2026-01-01+00%3A00%3A00%2B00%3A00&status__exact=shipped HTTP/1.1" 200 13275
INFO 2025-12-11 14:15:07,561 basehttp 18028 17216 "GET /admin/jsi18n/ HTTP/1.1" 200 3342
INFO 2025-12-11 14:15:07,743 basehttp 18028 17216 "GET /static/admin/img/icon-hidelink.svg HTTP/1.1" 200 784
INFO 2025-12-11 14:15:08,813 basehttp 18028 17216 "GET /admin/store/order/?created_at__gte=2025-12-01+00%3A00%3A00%2B00%3A00&created_at__lt=2026-01-01+00%3A00%3A00%2B00%3A00&status__exact=shipped HTTP/1.1" 200 13040
INFO 2025-12-11 14:15:08,874 basehttp 18028 17216 "GET /admin/jsi18n/ HTTP/1.1" 200 3342
INFO 2025-12-11 14:15:15,924 basehttp 18028 15684 "GET /admin/store/order/?_facets=True&created_at__gte=2025-12-01+00%3A00%3A00%2B00%3A00&created_at__lt=2026-01-01+00%3A00%3A00%2B00%3A00&status__exact=shipped HTTP/1.1" 200 13275
INFO 2025-12-11 14:15:16,670 basehttp 18028 15684 "GET /admin/store/order/?created_at__gte=2025-12-01+00%3A00%3A00%2B00%3A00&created_at__lt=2026-01-01+00%3A00%3A00%2B00%3A00&status__exact=shipped HTTP/1.1" 200 13040
INFO 2025-12-11 14:15:18,042 basehttp 18028 15684 "GET /admin/store/order/?created_at__gte=2025-01-01+00%3A00%3A00%2B00%3A00&created_at__lt=2026-01-01+00%3A00%3A00%2B00%3A00&status__exact=shipped HTTP/1.1" 200 13040
INFO 2025-12-11 14:15:18,868 basehttp 18028 15684 "GET /admin/store/order/?created_at__gte=2025-12-04+00%3A00%3A00%2B00%3A00&created_at__lt=2025-12-12+00%3A00%3A00%2B00%3A00&status__exact=shipped HTTP/1.1" 200 13040
INFO 2025-12-11 14:15:22,621 basehttp 18028 15684 "GET / HTTP/1.1" 200 12367
INFO 2025-12-11 14:15:28,118 basehttp 18028 7864 "GET /product/1/ HTTP/1.1" 200 3348
INFO 2025-12-11 14:15:32,732 views 18028 7864 Product added to cart: The Long Shoe Hardcover – 9 Oct. 2025 (qty: 1)
INFO 2025-12-11 14:15:32,736 basehttp 18028 7864 "POST /add-to-cart/ HTTP/1.1" 302 0
INFO 2025-12-11 14:15:32,777 basehttp 18028 7864 "GET /product/1/ HTTP/1.1" 200 3348
INFO 2025-12-11 14:15:35,799 views 18028 13720 Product added to cart: The Long Shoe Hardcover – 9 Oct. 2025 (qty: 1)
INFO 2025-12-11 14:15:35,803 basehttp 18028 13720 "POST /add-to-cart/ HTTP/1.1" 302 0
INFO 2025-12-11 14:15:35,848 basehttp 18028 13720 "GET /product/1/ HTTP/1.1" 200 3348
INFO 2025-12-11 14:15:37,977 views 18028 13720 Product added to cart: The Long Shoe Hardcover – 9 Oct. 2025 (qty: 1)
INFO 2025-12-11 14:15:37,985 basehttp 18028 13720 "POST /add-to-cart/ HTTP/1.1" 302 0
INFO 2025-12-11 14:15:38,038 basehttp 18028 13720 "GET /product/1/ HTTP/1.1" 200 3348
INFO 2025-12-11 14:15:40,555 basehttp 18028 13720 "GET /cart/ HTTP/1.1" 200 3856
INFO 2025-12-11 14:15:55,109 views 18028 3412 Product added to cart: The Long Shoe Hardcover – 9 Oct. 2025 (qty: 12)
INFO 2025-12-11 14:15:55,119 basehttp 18028 3412 "POST /add-to-cart/ HTTP/1.1" 302 0
INFO 2025-12-11 14:15:55,162 basehttp 18028 3412 "GET /product/1/ HTTP/1.1" 200 3348
INFO 2025-12-11 14:15:56,866 views 18028 3412 Product added to cart: The Long Shoe Hardcover – 9 Oct. 2025 (qty: 1)
INFO 2025-12-11 14:15:56,870 basehttp 18028 3412 "POST /add-to-cart/ HTTP/1.1" 302 0
INFO 2025-12-11 14:15:56,907 basehttp 18028 3412 "GET /product/1/ HTTP/1.1" 200 3348
INFO 2025-12-11 14:15:59,505 basehttp 18028 3412 "GET / HTTP/1.1" 200 12367
INFO 2025-12-11 14:16:01,667 basehttp 18028 3412 "GET /cart/ HTTP/1.1" 200 3859
INFO 2025-12-11 14:16:09,553 basehttp 18028 3412 "POST /cart/remove/ HTTP/1.1" 302 0
INFO 2025-12-11 14:16:09,615 basehttp 18028 3412 "GET /cart/ HTTP/1.1" 200 2462
INFO 2025-12-11 14:16:10,843 basehttp 18028 3412 "POST /cart/remove/ HTTP/1.1" 302 0
INFO 2025-12-11 14:16:10,889 basehttp 18028 3412 "GET /cart/ HTTP/1.1" 200 497
INFO 2025-12-11 14:16:12,848 basehttp 18028 3412 "GET / HTTP/1.1" 200 12367
INFO 2025-12-11 14:16:16,094 views 18028 21004 Product added to cart: The Long Shoe Hardcover – 9 Oct. 2025 (qty: 1)
INFO 2025-12-11 14:16:16,103 basehttp 18028 21004 "POST /add-to-cart/ HTTP/1.1" 302 0
INFO 2025-12-11 14:16:16,160 basehttp 18028 21004 "GET / HTTP/1.1" 200 12367
INFO 2025-12-11 14:16:19,105 views 18028 21004 Product added to cart: The Impossible Fortune: (qty: 1)
INFO 2025-12-11 14:16:19,109 basehttp 18028 21004 "POST /add-to-cart/ HTTP/1.1" 302 0
INFO 2025-12-11 14:16:19,159 basehttp 18028 21004 "GET / HTTP/1.1" 200 12367
INFO 2025-12-11 14:16:21,299 views 18028 21004 Product added to cart: The Housemaid: (qty: 1)
INFO 2025-12-11 14:16:21,303 basehttp 18028 21004 "POST /add-to-cart/ HTTP/1.1" 302 0
INFO 2025-12-11 14:16:21,354 basehttp 18028 21004 "GET / HTTP/1.1" 200 12367
INFO 2025-12-11 14:16:24,582 basehttp 18028 10644 "GET /staff/orders/ HTTP/1.1" 200 423
INFO 2025-12-11 14:16:26,839 basehttp 18028 10644 "GET / HTTP/1.1" 200 12367
INFO 2025-12-11 14:16:28,863 basehttp 18028 10644 "GET /cart/ HTTP/1.1" 200 5256
INFO 2025-12-11 14:16:40,607 basehttp 18028 11708 "POST /cart/update/ HTTP/1.1" 302 0
INFO 2025-12-11 14:16:40,677 basehttp 18028 11708 "GET /cart/ HTTP/1.1" 200 5259
INFO 2025-12-11 14:16:46,031 basehttp 18028 6064 "POST /cart/update/ HTTP/1.1" 302 0
INFO 2025-12-11 14:16:46,079 basehttp 18028 6064 "GET /cart/ HTTP/1.1" 200 5262
INFO 2025-12-11 14:16:51,999 basehttp 18028 6064 "POST /cart/update/ HTTP/1.1" 302 0
INFO 2025-12-11 14:16:52,045 basehttp 18028 6064 "GET /cart/ HTTP/1.1" 200 5256
INFO 2025-12-11 14:17:01,021 basehttp 18028 5172 "GET /checkout/ HTTP/1.1" 200 948
INFO 2025-12-11 14:17:02,037 basehttp 18028 5172 "GET /checkout/ HTTP/1.1" 200 948
INFO 2025-12-11 14:18:20,091 views 18028 18328 Order created: 2 by admin
INFO 2025-12-11 14:18:20,103 basehttp 18028 18328 "POST /checkout/ HTTP/1.1" 302 0
INFO 2025-12-11 14:18:21,003 basehttp 18028 18328 "GET /checkout/success/ HTTP/1.1" 200 322
INFO 2025-12-11 14:18:24,407 basehttp 18028 5812 "GET / HTTP/1.1" 200 12367
INFO 2025-12-11 14:18:27,169 basehttp 18028 5812 "GET /staff/orders/ HTTP/1.1" 200 1019
INFO 2025-12-11 14:18:31,291 basehttp 18028 5812 "GET / HTTP/1.1" 200 12367
INFO 2025-12-11 14:18:35,560 basehttp 18028 10468 "GET /staff/products/ HTTP/1.1" 200 4359
INFO 2025-12-11 14:18:37,905 basehttp 18028 10468 "GET / HTTP/1.1" 200 12367
INFO 2025-12-11 14:18:41,015 basehttp 18028 10468 "GET /admin/ HTTP/1.1" 200 13657
INFO 2025-12-11 14:18:41,228 basehttp 18028 10468 "GET /static/admin/img/icon-yes.svg HTTP/1.1" 200 436
INFO 2025-12-11 14:19:00,335 basehttp 18028 21048 "GET /admin/store/orderitem/ HTTP/1.1" 200 13517
INFO 2025-12-11 14:19:00,443 basehttp 18028 21048 "GET /admin/jsi18n/ HTTP/1.1" 200 3342
INFO 2025-12-11 14:19:10,689 basehttp 18028 11192 "POST /admin/store/orderitem/ HTTP/1.1" 302 0
INFO 2025-12-11 14:19:10,766 basehttp 18028 11192 "GET /admin/store/orderitem/ HTTP/1.1" 200 13642
INFO 2025-12-11 14:19:11,292 basehttp 18028 11192 "GET /admin/jsi18n/ HTTP/1.1" 200 3342
INFO 2025-12-11 14:19:14,052 basehttp 18028 11192 "GET /static/admin/img/icon-alert.svg HTTP/1.1" 200 504
INFO 2025-12-11 14:19:27,546 basehttp 18028 12536 "GET /admin/store/order/ HTTP/1.1" 200 13824
INFO 2025-12-11 14:19:27,648 basehttp 18028 12536 "GET /admin/jsi18n/ HTTP/1.1" 200 3342
INFO 2025-12-11 14:19:32,888 basehttp 18028 18056 "GET /admin/store/order/?_facets=True HTTP/1.1" 200 14163
INFO 2025-12-11 14:19:32,947 basehttp 18028 18056 "GET /admin/jsi18n/ HTTP/1.1" 200 3342
INFO 2025-12-11 14:19:54,325 basehttp 18028 13108 "GET /admin/store/order/?_facets=True&status__exact=shipped HTTP/1.1" 200 13039
INFO 2025-12-11 14:19:54,894 basehttp 18028 19076 "GET /admin/jsi18n/ HTTP/1.1" 200 3342
INFO 2025-12-11 14:20:06,737 basehttp 18028 19672 "GET /admin/store/order/?_facets=True&status__exact=paid HTTP/1.1" 200 13018
INFO 2025-12-11 14:20:06,792 basehttp 18028 19672 "GET /admin/jsi18n/ HTTP/1.1" 200 3342
INFO 2025-12-11 14:20:07,686 basehttp 18028 19672 "GET /admin/store/order/?_facets=True&status__exact=paid HTTP/1.1" 200 13018
INFO 2025-12-11 14:20:07,738 basehttp 18028 19672 "GET /admin/jsi18n/ HTTP/1.1" 200 3342
INFO 2025-12-11 14:20:12,321 basehttp 18028 19672 "GET /admin/store/order/?_facets=True&status__exact=pending HTTP/1.1" 200 14565
INFO 2025-12-11 14:20:12,370 basehttp 18028 19672 "GET /admin/jsi18n/ HTTP/1.1" 200 3342
INFO 2025-12-11 14:25:20,274 basehttp 18028 3784 "GET /admin/store/order/?_facets=True&status__exact=pending HTTP/1.1" 200 14565
INFO 2025-12-11 14:25:20,536 basehttp 18028 3784 "GET /admin/jsi18n/ HTTP/1.1" 200 3342
INFO 2025-12-11 14:25:26,441 basehttp 18028 2396 "GET / HTTP/1.1" 200 12367
INFO 2025-12-11 14:25:33,753 basehttp 18028 2396 "GET /staff/orders/ HTTP/1.1" 200 1019
INFO 2025-12-11 14:25:36,787 basehttp 18028 19604 "GET / HTTP/1.1" 200 12367
INFO 2025-12-11 14:25:38,791 basehttp 18028 19604 "GET /staff/products/ HTTP/1.1" 200 4359
INFO 2025-12-11 14:25:41,931 basehttp 18028 19604 "GET / HTTP/1.1" 200 12367
INFO 2025-12-11 14:27:08,956 basehttp 18028 20216 "GET /cart/ HTTP/1.1" 200 497
INFO 2025-12-11 14:27:11,002 basehttp 18028 20216 "GET / HTTP/1.1" 200 12367
INFO 2025-12-11 14:27:13,388 views 18028 20216 Product added to cart: The Long Shoe Hardcover – 9 Oct. 2025 (qty: 1)
INFO 2025-12-11 14:27:13,392 basehttp 18028 20216 "POST /add-to-cart/ HTTP/1.1" 302 0
INFO 2025-12-11 14:27:13,445 basehttp 18028 20216 "GET / HTTP/1.1" 200 12367
INFO 2025-12-11 14:27:15,940 basehttp 18028 20216 "GET /staff/orders/ HTTP/1.1" 200 1019
INFO 2025-12-11 14:27:18,267 basehttp 18028 20556 "GET / HTTP/1.1" 200 12367
INFO 2025-12-11 14:27:20,696 basehttp 18028 20556 "GET /cart/ HTTP/1.1" 200 2459
INFO 2025-12-11 14:27:24,868 basehttp 18028 20556 "GET / HTTP/1.1" 200 12367
INFO 2025-12-11 14:27:35,087 basehttp 18028 20500 "GET /admin/ HTTP/1.1" 200 12537
INFO 2025-12-11 14:27:38,688 basehttp 18028 7236 "GET /admin/store/order/ HTTP/1.1" 200 13824
INFO 2025-12-11 14:27:38,750 basehttp 18028 7236 "GET /admin/jsi18n/ HTTP/1.1" 200 3342
INFO 2025-12-11 14:27:56,446 basehttp 18028 20232 "GET /admin/store/orderitem/ HTTP/1.1" 200 13517
INFO 2025-12-11 14:27:56,505 basehttp 18028 20232 "GET /admin/jsi18n/ HTTP/1.1" 200 3342
INFO 2025-12-11 14:28:07,709 basehttp 18028 2244 "GET /admin/store/orderitem/4/change/ HTTP/1.1" 200 16213
INFO 2025-12-11 14:28:07,787 basehttp 18028 2244 "GET /admin/jsi18n/ HTTP/1.1" 200 3342
INFO 2025-12-11 14:28:24,135 basehttp 18028 11768 "GET /admin/store/product/4/change/?_to_field=id&_popup=1 HTTP/1.1" 200 6758
INFO 2025-12-11 14:28:24,179 basehttp 18028 11768 "GET /admin/jsi18n/ HTTP/1.1" 200 3342
INFO 2025-12-11 14:28:29,603 basehttp 18028 6176 "GET /admin/store/product/add/?_to_field=id&_popup=1 HTTP/1.1" 200 6257
INFO 2025-12-11 14:28:29,652 basehttp 18028 6176 "GET /admin/jsi18n/ HTTP/1.1" 200 3342
INFO 2025-12-11 14:28:35,296 basehttp 18028 6176 "POST /admin/store/orderitem/4/change/ HTTP/1.1" 302 0
INFO 2025-12-11 14:28:35,694 basehttp 18028 6176 "GET /admin/store/orderitem/ HTTP/1.1" 200 13743
INFO 2025-12-11 14:28:35,745 basehttp 18028 6176 "GET /admin/jsi18n/ HTTP/1.1" 200 3342
INFO 2025-12-11 14:28:46,615 basehttp 18028 1996 "GET /admin/store/product/ HTTP/1.1" 200 16313
INFO 2025-12-11 14:28:46,667 basehttp 18028 1996 "GET /admin/jsi18n/ HTTP/1.1" 200 3342
INFO 2025-12-11 14:28:53,443 basehttp 18028 1996 "GET /admin/store/order/ HTTP/1.1" 200 13824
INFO 2025-12-11 14:28:53,498 basehttp 18028 1996 "GET /admin/jsi18n/ HTTP/1.1" 200 3342
INFO 2025-12-11 14:28:57,710 basehttp 18028 14744 "GET /admin/store/order/?status__exact=paid HTTP/1.1" 200 12788
INFO 2025-12-11 14:28:57,759 basehttp 18028 14744 "GET /admin/jsi18n/ HTTP/1.1" 200 3342
INFO 2025-12-11 14:29:00,106 basehttp 18028 14744 "GET /admin/store/order/?status__exact=pending HTTP/1.1" 200 14250
INFO 2025-12-11 14:29:00,152 basehttp 18028 14744 "GET /admin/jsi18n/ HTTP/1.1" 200 3342
INFO 2025-12-11 14:29:54,969 basehttp 18028 11464 "GET / HTTP/1.1" 200 12367
ERROR 2025-12-11 14:30:03,786 log 18028 6640 Internal Server Error: /staff/orders/
Traceback (most recent call last):
  File "C:\Users\USER\AppData\Local\Programs\Python\Python314\Lib\site-packages\django\core\handlers\exception.py", line 55, in inner
    response = get_response(request)
  File "C:\Users\USER\AppData\Local\Programs\Python\Python314\Lib\site-packages\django\core\handlers\base.py", line 197, in _get_response
    response = wrapped_callback(request, *callback_args, **callback_kwargs)
  File "C:\Users\USER\AppData\Local\Programs\Python\Python314\Lib\site-packages\django\contrib\auth\decorators.py", line 59, in _view_wrapper
    return view_func(request, *args, **kwargs)
  File "C:\Users\USER\AppData\Local\Programs\Python\Python314\Lib\site-packages\django\contrib\auth\decorators.py", line 59, in _view_wrapper
    return view_func(request, *args, **kwargs)
  File "C:\Users\USER\Desktop\myshop_app\store\views.py", line 253, in manage_orders
    return render(request, 'store/manage_orders.html', {'orders': orders})
  File "C:\Users\USER\AppData\Local\Programs\Python\Python314\Lib\site-packages\django\shortcuts.py", line 25, in render
    content = loader.render_to_string(template_name, context, request, using=using)
  File "C:\Users\USER\AppData\Local\Programs\Python\Python314\Lib\site-packages\django\template\loader.py", line 62, in render_to_string
    return template.render(context, request)
           ~~~~~~~~~~~~~~~^^^^^^^^^^^^^^^^^^
  File "C:\Users\USER\AppData\Local\Programs\Python\Python314\Lib\site-packages\django\template\backends\django.py", line 107, in render
    return self.template.render(context)
           ~~~~~~~~~~~~~~~~~~~~^^^^^^^^^
  File "C:\Users\USER\AppData\Local\Programs\Python\Python314\Lib\site-packages\django\template\base.py", line 171, in render
    return self._render(context)
           ~~~~~~~~~~~~^^^^^^^^^
  File "C:\Users\USER\AppData\Local\Programs\Python\Python314\Lib\site-packages\django\template\base.py", line 163, in _render
    return self.nodelist.render(context)
           ~~~~~~~~~~~~~~~~~~~~^^^^^^^^^
  File "C:\Users\USER\AppData\Local\Programs\Python\Python314\Lib\site-packages\django\template\base.py", line 1016, in render
    return SafeString("".join([node.render_annotated(context) for node in self]))
                               ~~~~~~~~~~~~~~~~~~~~~^^^^^^^^^
  File "C:\Users\USER\AppData\Local\Programs\Python\Python314\Lib\site-packages\django\template\base.py", line 977, in render_annotated
    return self.render(context)
           ~~~~~~~~~~~^^^^^^^^^
  File "C:\Users\USER\AppData\Local\Programs\Python\Python314\Lib\site-packages\django\template\defaulttags.py", line 327, in render
    return nodelist.render(context)
           ~~~~~~~~~~~~~~~^^^^^^^^^
  File "C:\Users\USER\AppData\Local\Programs\Python\Python314\Lib\site-packages\django\template\base.py", line 1016, in render
    return SafeString("".join([node.render_annotated(context) for node in self]))
                               ~~~~~~~~~~~~~~~~~~~~~^^^^^^^^^
  File "C:\Users\USER\AppData\Local\Programs\Python\Python314\Lib\site-packages\django\template\base.py", line 977, in render_annotated
    return self.render(context)
           ~~~~~~~~~~~^^^^^^^^^
  File "C:\Users\USER\AppData\Local\Programs\Python\Python314\Lib\site-packages\django\template\defaulttags.py", line 243, in render
    nodelist.append(node.render_annotated(context))
                    ~~~~~~~~~~~~~~~~~~~~~^^^^^^^^^
  File "C:\Users\USER\AppData\Local\Programs\Python\Python314\Lib\site-packages\django\template\base.py", line 977, in render_annotated
    return self.render(context)
           ~~~~~~~~~~~^^^^^^^^^
  File "C:\Users\USER\AppData\Local\Programs\Python\Python314\Lib\site-packages\django\template\defaulttags.py", line 480, in render
    url = reverse(view_name, args=args, kwargs=kwargs, current_app=current_app)
  File "C:\Users\USER\AppData\Local\Programs\Python\Python314\Lib\site-packages\django\urls\base.py", line 98, in reverse
    resolved_url = resolver._reverse_with_prefix(view, prefix, *args, **kwargs)
  File "C:\Users\USER\AppData\Local\Programs\Python\Python314\Lib\site-packages\django\urls\resolvers.py", line 831, in _reverse_with_prefix
    raise NoReverseMatch(msg)
django.urls.exceptions.NoReverseMatch: Reverse for 'update_order_status' not found. 'update_order_status' is not a valid view function or pattern name.
ERROR 2025-12-11 14:30:03,833 basehttp 18028 6640 "GET /staff/orders/ HTTP/1.1" 500 155407
INFO 2025-12-11 14:30:10,121 basehttp 18028 15040 "GET /cart/ HTTP/1.1" 200 2459
INFO 2025-12-11 14:30:16,403 basehttp 18028 15040 "GET /staff/products/ HTTP/1.1" 200 4359
INFO 2025-12-11 14:30:22,192 basehttp 18028 19224 "GET /admin/ HTTP/1.1" 200 12752
INFO 2025-12-11 14:30:26,682 basehttp 18028 18292 "GET /admin/store/orderitem/ HTTP/1.1" 200 13517
INFO 2025-12-11 14:30:26,779 basehttp 18028 18292 "GET /admin/jsi18n/ HTTP/1.1" 200 3342
INFO 2025-12-11 14:30:32,065 basehttp 18028 18292 "GET /admin/store/orderitem/2/change/ HTTP/1.1" 200 16288
INFO 2025-12-11 14:30:32,131 basehttp 18028 18292 "GET /admin/jsi18n/ HTTP/1.1" 200 3342
INFO 2025-12-11 14:30:38,713 basehttp 18028 12080 "POST /admin/store/orderitem/2/change/ HTTP/1.1" 302 0
INFO 2025-12-11 14:30:38,819 basehttp 18028 12080 "GET /admin/store/orderitem/ HTTP/1.1" 200 13768
INFO 2025-12-11 14:30:38,873 basehttp 18028 12080 "GET /admin/jsi18n/ HTTP/1.1" 200 3342
INFO 2025-12-11 14:30:46,275 basehttp 18028 12080 "GET /admin/store/order/ HTTP/1.1" 200 13824
INFO 2025-12-11 14:30:46,324 basehttp 18028 12080 "GET /admin/jsi18n/ HTTP/1.1" 200 3342
INFO 2025-12-11 14:30:49,898 basehttp 18028 17368 "GET /admin/store/order/?status__exact=paid HTTP/1.1" 200 12788
INFO 2025-12-11 14:30:50,037 basehttp 18028 17368 "GET /admin/jsi18n/ HTTP/1.1" 200 3342
INFO 2025-12-11 14:30:56,183 basehttp 18028 17368 "POST /admin/store/order/?status__exact=paid HTTP/1.1" 302 0
INFO 2025-12-11 14:30:56,267 basehttp 18028 17368 "GET /admin/store/order/?status__exact=paid HTTP/1.1" 200 12981
INFO 2025-12-11 14:30:56,315 basehttp 18028 17368 "GET /admin/jsi18n/ HTTP/1.1" 200 3342
INFO 2025-12-11 14:30:59,185 basehttp 18028 13008 "GET /admin/store/order/?status__exact=shipped HTTP/1.1" 200 12809
INFO 2025-12-11 14:30:59,229 basehttp 18028 13008 "GET /admin/jsi18n/ HTTP/1.1" 200 3342
INFO 2025-12-11 14:31:01,607 basehttp 18028 13008 "GET /admin/store/order/?status__exact=paid HTTP/1.1" 200 12788
INFO 2025-12-11 14:31:01,653 basehttp 18028 13008 "GET /admin/jsi18n/ HTTP/1.1" 200 3342
INFO 2025-12-11 14:31:02,766 basehttp 18028 13008 "GET /admin/store/order/?status__exact=shipped HTTP/1.1" 200 12809
INFO 2025-12-11 14:31:02,809 basehttp 18028 13008 "GET /admin/jsi18n/ HTTP/1.1" 200 3342
INFO 2025-12-11 14:31:03,597 basehttp 18028 13008 "GET /admin/store/order/?status__exact=cancelled HTTP/1.1" 200 12823
INFO 2025-12-11 14:31:03,640 basehttp 18028 13008 "GET /admin/jsi18n/ HTTP/1.1" 200 3342
INFO 2025-12-11 14:31:31,529 basehttp 18028 11932 "GET /admin/store/order/?status__exact=pending HTTP/1.1" 200 14250
INFO 2025-12-11 14:31:31,587 basehttp 18028 11932 "GET /admin/jsi18n/ HTTP/1.1" 200 3342
INFO 2025-12-11 14:31:36,087 basehttp 18028 11932 "GET /admin/store/order/2/change/?_changelist_filters=status__exact%3Dpending HTTP/1.1" 200 12786
INFO 2025-12-11 14:31:36,131 basehttp 18028 11932 "GET /admin/jsi18n/ HTTP/1.1" 200 3342
INFO 2025-12-11 14:31:42,591 basehttp 18028 10796 "POST /admin/store/order/2/change/?_changelist_filters=status__exact%3Dpending HTTP/1.1" 302 0
INFO 2025-12-11 14:31:42,663 basehttp 18028 10796 "GET /admin/store/order/?status__exact=pending HTTP/1.1" 200 13014
INFO 2025-12-11 14:31:42,724 basehttp 18028 10796 "GET /admin/jsi18n/ HTTP/1.1" 200 3342
INFO 2025-12-11 14:31:45,473 basehttp 18028 10796 "GET /admin/store/order/?status__exact=paid HTTP/1.1" 200 14208
INFO 2025-12-11 14:31:45,523 basehttp 18028 10796 "GET /admin/jsi18n/ HTTP/1.1" 200 3342
INFO 2025-12-11 14:31:48,655 basehttp 18028 4644 "GET /admin/store/order/?status__exact=pending HTTP/1.1" 200 12809
INFO 2025-12-11 14:31:48,704 basehttp 18028 4644 "GET /admin/jsi18n/ HTTP/1.1" 200 3342
INFO 2025-12-11 14:31:53,136 basehttp 18028 4644 "GET /admin/store/order/? HTTP/1.1" 200 13818
INFO 2025-12-11 14:31:53,184 basehttp 18028 4644 "GET /admin/jsi18n/ HTTP/1.1" 200 3342
INFO 2025-12-11 14:31:55,477 basehttp 18028 4644 "GET /admin/store/order/2/change/ HTTP/1.1" 200 12635
INFO 2025-12-11 14:31:55,529 basehttp 18028 4644 "GET /admin/jsi18n/ HTTP/1.1" 200 3342
INFO 2025-12-11 14:32:01,695 basehttp 18028 17436 "POST /admin/store/order/2/change/ HTTP/1.1" 302 0
INFO 2025-12-11 14:32:01,757 basehttp 18028 17436 "GET /admin/store/order/ HTTP/1.1" 200 14032
INFO 2025-12-11 14:32:01,809 basehttp 18028 17436 "GET /admin/jsi18n/ HTTP/1.1" 200 3342
INFO 2025-12-11 14:32:04,308 basehttp 18028 17436 "GET /admin/store/order/?status__exact=shipped HTTP/1.1" 200 14250
INFO 2025-12-11 14:32:04,355 basehttp 18028 17436 "GET /admin/jsi18n/ HTTP/1.1" 200 3342
INFO 2025-12-11 14:32:06,636 basehttp 18028 17436 "GET /admin/store/order/?status__exact=cancelled HTTP/1.1" 200 12823
INFO 2025-12-11 14:32:06,690 basehttp 18028 17436 "GET /admin/jsi18n/ HTTP/1.1" 200 3342
INFO 2025-12-11 14:32:09,746 basehttp 18028 9648 "GET /admin/store/order/?status__exact=shipped HTTP/1.1" 200 14250
INFO 2025-12-11 14:32:09,800 basehttp 18028 9648 "GET /admin/jsi18n/ HTTP/1.1" 200 3342
INFO 2025-12-11 14:32:12,028 basehttp 18028 9648 "GET /admin/store/order/? HTTP/1.1" 200 13824
INFO 2025-12-11 14:32:12,074 basehttp 18028 9648 "GET /admin/jsi18n/ HTTP/1.1" 200 3342
INFO 2025-12-11 14:32:14,340 basehttp 18028 9648 "GET /admin/store/order/2/change/ HTTP/1.1" 200 12644
INFO 2025-12-11 14:32:14,389 basehttp 18028 9648 "GET /admin/jsi18n/ HTTP/1.1" 200 3342
INFO 2025-12-11 14:32:19,213 basehttp 18028 15212 "POST /admin/store/order/2/change/ HTTP/1.1" 302 0
INFO 2025-12-11 14:32:19,275 basehttp 18028 15212 "GET /admin/store/order/ HTTP/1.1" 200 14032
INFO 2025-12-11 14:32:19,325 basehttp 18028 15212 "GET /admin/jsi18n/ HTTP/1.1" 200 3342
INFO 2025-12-11 14:32:25,996 basehttp 18028 15212 "GET /admin/store/order/?created_at__gte=2025-01-01+00%3A00%3A00%2B00%3A00&created_at__lt=2026-01-01+00%3A00%3A00%2B00%3A00 HTTP/1.1" 200 15262
INFO 2025-12-11 14:32:26,048 basehttp 18028 15212 "GET /admin/jsi18n/ HTTP/1.1" 200 3342
INFO 2025-12-11 14:32:27,943 basehttp 18028 11552 "GET /admin/store/order/?created_at__gte=2025-12-01+00%3A00%3A00%2B00%3A00&created_at__lt=2026-01-01+00%3A00%3A00%2B00%3A00 HTTP/1.1" 200 15262
INFO 2025-12-11 14:32:28,007 basehttp 18028 11552 "GET /admin/jsi18n/ HTTP/1.1" 200 3342
INFO 2025-12-11 14:32:30,143 basehttp 18028 11552 "GET /admin/store/order/?created_at__gte=2025-12-04+00%3A00%3A00%2B00%3A00&created_at__lt=2025-12-12+00%3A00%3A00%2B00%3A00 HTTP/1.1" 200 15262
INFO 2025-12-11 14:32:30,190 basehttp 18028 11552 "GET /admin/jsi18n/ HTTP/1.1" 200 3342
INFO 2025-12-11 14:32:31,119 basehttp 18028 11552 "GET /admin/store/order/?created_at__gte=2025-12-11+00%3A00%3A00%2B00%3A00&created_at__lt=2025-12-12+00%3A00%3A00%2B00%3A00 HTTP/1.1" 200 15262
INFO 2025-12-11 14:32:31,170 basehttp 18028 11552 "GET /admin/jsi18n/ HTTP/1.1" 200 3342
INFO 2025-12-11 14:32:32,612 basehttp 18028 11552 "GET /admin/store/order/? HTTP/1.1" 200 13824
INFO 2025-12-11 14:32:32,665 basehttp 18028 11552 "GET /admin/jsi18n/ HTTP/1.1" 200 3342
INFO 2025-12-11 14:32:44,672 basehttp 18028 14408 "POST /admin/store/order/? HTTP/1.1" 200 10857
INFO 2025-12-11 14:32:44,880 basehttp 18028 14408 "GET /static/admin/js/cancel.js HTTP/1.1" 200 884
INFO 2025-12-11 14:32:49,500 basehttp 18028 13640 "POST /admin/store/order/? HTTP/1.1" 302 0
INFO 2025-12-11 14:32:49,571 basehttp 18028 13640 "GET /admin/store/order/ HTTP/1.1" 200 12133
INFO 2025-12-11 14:32:49,622 basehttp 18028 13640 "GET /admin/jsi18n/ HTTP/1.1" 200 3342
INFO 2025-12-11 14:32:51,865 basehttp 18028 13640 "GET /admin/store/product/ HTTP/1.1" 200 16313
INFO 2025-12-11 14:32:51,915 basehttp 18028 13640 "GET /admin/jsi18n/ HTTP/1.1" 200 3342
INFO 2025-12-11 14:32:58,762 basehttp 18028 13640 "GET /admin/auth/ HTTP/1.1" 200 6117
INFO 2025-12-11 14:33:01,044 basehttp 18028 13640 "GET /admin/store/product/ HTTP/1.1" 200 16313
INFO 2025-12-11 14:33:02,145 basehttp 18028 18092 "GET /admin/store/order/ HTTP/1.1" 200 11998
INFO 2025-12-11 14:33:08,897 basehttp 18028 18092 "GET /admin/store/product/ HTTP/1.1" 200 16313
INFO 2025-12-11 14:33:13,312 basehttp 18028 18092 "GET /admin/jsi18n/ HTTP/1.1" 200 3342
INFO 2025-12-11 14:33:17,548 basehttp 18028 18092 "GET /admin/store/order/ HTTP/1.1" 200 11998
INFO 2025-12-11 14:33:20,215 basehttp 18028 18092 "GET / HTTP/1.1" 200 12367
INFO 2025-12-11 14:34:04,614 basehttp 18028 16688 "GET /admin/ HTTP/1.1" 200 13773
INFO 2025-12-11 14:34:12,208 views 18028 19640 User logged out: admin
INFO 2025-12-11 14:34:12,212 basehttp 18028 19640 "GET /logout/ HTTP/1.1" 302 0
INFO 2025-12-11 14:34:12,263 basehttp 18028 19640 "GET / HTTP/1.1" 200 12166
INFO 2025-12-11 14:34:14,686 basehttp 18028 19640 "GET /login/ HTTP/1.1" 200 1312
INFO 2025-12-11 14:34:20,221 views 18028 19640 User logged in: User
INFO 2025-12-11 14:34:20,241 basehttp 18028 19640 "POST /login/ HTTP/1.1" 302 0
INFO 2025-12-11 14:34:20,286 basehttp 18028 19640 "GET / HTTP/1.1" 200 12226
INFO 2025-12-11 14:34:22,943 basehttp 18028 16092 "GET /admin/ HTTP/1.1" 302 0
INFO 2025-12-11 14:34:23,139 basehttp 18028 16092 "GET /admin/login/?next=/admin/ HTTP/1.1" 200 3806
INFO 2025-12-11 14:34:23,223 basehttp 18028 16092 "GET /static/admin/css/login.css HTTP/1.1" 200 951
INFO 2025-12-11 14:34:29,802 basehttp 18028 16092 "GET /admin/ HTTP/1.1" 302 0
INFO 2025-12-11 14:34:29,850 basehttp 18028 16092 "GET /admin/login/?next=/admin/ HTTP/1.1" 200 3686
INFO 2025-12-11 14:34:35,992 basehttp 18028 15136 "POST /admin/login/?next=/admin/ HTTP/1.1" 200 3853
INFO 2025-12-11 14:34:54,682 basehttp 18028 7548 "GET /admin/login/?next=/admin/ HTTP/1.1" 200 3686
INFO 2025-12-11 14:34:59,692 views 18028 7548 User logged out: User
INFO 2025-12-11 14:34:59,697 basehttp 18028 7548 "GET /logout/ HTTP/1.1" 302 0
INFO 2025-12-11 14:34:59,770 basehttp 18028 7548 "GET / HTTP/1.1" 200 12166
INFO 2025-12-11 14:35:01,727 basehttp 18028 7548 "GET /login/ HTTP/1.1" 200 1312
INFO 2025-12-11 14:35:07,528 views 18028 13268 User logged in: admin
INFO 2025-12-11 14:35:07,553 basehttp 18028 13268 "POST /login/ HTTP/1.1" 302 0
INFO 2025-12-11 14:35:07,604 basehttp 18028 13268 "GET / HTTP/1.1" 200 12367
INFO 2025-12-11 14:35:09,835 basehttp 18028 13268 "GET /admin/ HTTP/1.1" 200 13894
INFO 2025-12-11 14:35:44,846 basehttp 18028 5560 "GET /admin/store/product/ HTTP/1.1" 200 16313
INFO 2025-12-11 14:35:44,901 basehttp 18028 5560 "GET /admin/jsi18n/ HTTP/1.1" 200 3342
INFO 2025-12-11 14:40:27,324 autoreload 18028 3700 C:\Users\USER\Desktop\myshop_app\store\models.py changed, reloading.
INFO 2025-12-11 14:40:35,516 autoreload 7392 4856 Watching for file changes with StatReloader
INFO 2025-12-11 14:46:47,665 autoreload 7392 4856 C:\Users\USER\Desktop\myshop_app\store\models.py changed, reloading.
INFO 2025-12-11 14:46:51,725 autoreload 9500 6848 Watching for file changes with StatReloader
INFO 2025-12-11 14:50:29,437 autoreload 9500 6848 C:\Users\USER\Desktop\myshop_app\store\admin.py changed, reloading.
INFO 2025-12-11 14:50:35,642 autoreload 15236 7188 Watching for file changes with StatReloader
INFO 2025-12-11 14:51:17,697 autoreload 15236 7188 C:\Users\USER\Desktop\myshop_app\store\views.py changed, reloading.
INFO 2025-12-11 14:51:20,804 autoreload 4400 20228 Watching for file changes with StatReloader
INFO 2025-12-11 14:51:32,761 autoreload 4400 20228 C:\Users\USER\Desktop\myshop_app\store\views.py changed, reloading.
INFO 2025-12-11 14:51:35,522 autoreload 7204 13344 Watching for file changes with StatReloader
INFO 2025-12-11 14:59:14,944 autoreload 7204 13344 C:\Users\USER\Desktop\myshop_app\store\admin.py changed, reloading.
INFO 2025-12-11 14:59:18,569 autoreload 13584 3020 Watching for file changes with StatReloader
INFO 2025-12-11 14:59:34,295 autoreload 18920 11012 Watching for file changes with StatReloader
ERROR 2025-12-11 14:59:41,364 log 13584 18084 Internal Server Error: /
Traceback (most recent call last):
  File "C:\Users\USER\AppData\Local\Programs\Python\Python314\Lib\site-packages\django\core\handlers\exception.py", line 55, in inner
    response = get_response(request)
  File "C:\Users\USER\AppData\Local\Programs\Python\Python314\Lib\site-packages\django\core\handlers\base.py", line 197, in _get_response
    response = wrapped_callback(request, *callback_args, **callback_kwargs)
  File "C:\Users\USER\Desktop\myshop_app\store\views.py", line 267, in home
    categories = Category.objects.all()
                 ^^^^^^^^
NameError: name 'Category' is not defined
ERROR 2025-12-11 14:59:41,391 basehttp 13584 18084 "GET / HTTP/1.1" 500 69673
ERROR 2025-12-11 15:00:12,448 log 13584 5368 Internal Server Error: /
Traceback (most recent call last):
  File "C:\Users\USER\AppData\Local\Programs\Python\Python314\Lib\site-packages\django\core\handlers\exception.py", line 55, in inner
    response = get_response(request)
  File "C:\Users\USER\AppData\Local\Programs\Python\Python314\Lib\site-packages\django\core\handlers\base.py", line 197, in _get_response
    response = wrapped_callback(request, *callback_args, **callback_kwargs)
  File "C:\Users\USER\Desktop\myshop_app\store\views.py", line 267, in home
    categories = Category.objects.all()
                 ^^^^^^^^
NameError: name 'Category' is not defined
ERROR 2025-12-11 15:00:12,452 basehttp 13584 5368 "GET / HTTP/1.1" 500 69810
ERROR 2025-12-11 15:00:16,646 log 13584 8056 Internal Server Error: /
Traceback (most recent call last):
  File "C:\Users\USER\AppData\Local\Programs\Python\Python314\Lib\site-packages\django\core\handlers\exception.py", line 55, in inner
    response = get_response(request)
  File "C:\Users\USER\AppData\Local\Programs\Python\Python314\Lib\site-packages\django\core\handlers\base.py", line 197, in _get_response
    response = wrapped_callback(request, *callback_args, **callback_kwargs)
  File "C:\Users\USER\Desktop\myshop_app\store\views.py", line 267, in home
    categories = Category.objects.all()
                 ^^^^^^^^
NameError: name 'Category' is not defined
ERROR 2025-12-11 15:00:16,652 basehttp 13584 8056 "GET / HTTP/1.1" 500 69810
ERROR 2025-12-11 15:00:22,245 log 13584 2524 Internal Server Error: /
Traceback (most recent call last):
  File "C:\Users\USER\AppData\Local\Programs\Python\Python314\Lib\site-packages\django\core\handlers\exception.py", line 55, in inner
    response = get_response(request)
  File "C:\Users\USER\AppData\Local\Programs\Python\Python314\Lib\site-packages\django\core\handlers\base.py", line 197, in _get_response
    response = wrapped_callback(request, *callback_args, **callback_kwargs)
  File "C:\Users\USER\Desktop\myshop_app\store\views.py", line 267, in home
    categories = Category.objects.all()
                 ^^^^^^^^
NameError: name 'Category' is not defined
ERROR 2025-12-11 15:00:22,249 basehttp 13584 2524 "GET / HTTP/1.1" 500 69669
WARNING 2025-12-11 15:00:22,814 log 13584 2524 Not Found: /favicon.ico
WARNING 2025-12-11 15:00:22,816 basehttp 13584 2524 "GET /favicon.ico HTTP/1.1" 404 6905
INFO 2025-12-11 15:05:30,885 autoreload 13584 3020 C:\Users\USER\Desktop\myshop_app\store\views.py changed, reloading.
INFO 2025-12-11 15:05:34,167 autoreload 6208 11900 Watching for file changes with StatReloader
INFO 2025-12-11 15:06:52,016 autoreload 13308 7140 Watching for file changes with StatReloader
INFO 2025-12-11 15:07:17,285 autoreload 6208 11900 C:\Users\USER\Desktop\myshop_app\store\views.py changed, reloading.
INFO 2025-12-11 15:07:17,293 autoreload 13308 7140 C:\Users\USER\Desktop\myshop_app\store\views.py changed, reloading.
INFO 2025-12-11 15:07:24,702 autoreload 11280 20972 Watching for file changes with StatReloader
INFO 2025-12-11 15:07:24,740 autoreload 7064 16688 Watching for file changes with StatReloader
ERROR 2025-12-11 15:07:33,620 log 11280 6652 Internal Server Error: /
Traceback (most recent call last):
  File "C:\Users\USER\Desktop\myshop_app\venv\Lib\site-packages\django\db\backends\utils.py", line 105, in _execute
    return self.cursor.execute(sql, params)
           ~~~~~~~~~~~~~~~~~~~^^^^^^^^^^^^^
  File "C:\Users\USER\Desktop\myshop_app\venv\Lib\site-packages\django\db\backends\sqlite3\base.py", line 360, in execute
    return super().execute(query, params)
           ~~~~~~~~~~~~~~~^^^^^^^^^^^^^^^
sqlite3.OperationalError: no such column: store_product.category_id

The above exception was the direct cause of the following exception:

Traceback (most recent call last):
  File "C:\Users\USER\Desktop\myshop_app\venv\Lib\site-packages\django\core\handlers\exception.py", line 55, in inner
    response = get_response(request)
  File "C:\Users\USER\Desktop\myshop_app\venv\Lib\site-packages\django\core\handlers\base.py", line 197, in _get_response
    response = wrapped_callback(request, *callback_args, **callback_kwargs)
  File "C:\Users\USER\Desktop\myshop_app\store\views.py", line 268, in home
    return render(request, 'store/home.html', {'products': products, 'query': query, 'categories': categories, 'selected_category': category_slug})
  File "C:\Users\USER\Desktop\myshop_app\venv\Lib\site-packages\django\shortcuts.py", line 25, in render
    content = loader.render_to_string(template_name, context, request, using=using)
  File "C:\Users\USER\Desktop\myshop_app\venv\Lib\site-packages\django\template\loader.py", line 62, in render_to_string
    return template.render(context, request)
           ~~~~~~~~~~~~~~~^^^^^^^^^^^^^^^^^^
  File "C:\Users\USER\Desktop\myshop_app\venv\Lib\site-packages\django\template\backends\django.py", line 107, in render
    return self.template.render(context)
           ~~~~~~~~~~~~~~~~~~~~^^^^^^^^^
  File "C:\Users\USER\Desktop\myshop_app\venv\Lib\site-packages\django\template\base.py", line 171, in render
    return self._render(context)
           ~~~~~~~~~~~~^^^^^^^^^
  File "C:\Users\USER\Desktop\myshop_app\venv\Lib\site-packages\django\template\base.py", line 163, in _render
    return self.nodelist.render(context)
           ~~~~~~~~~~~~~~~~~~~~^^^^^^^^^
  File "C:\Users\USER\Desktop\myshop_app\venv\Lib\site-packages\django\template\base.py", line 1016, in render
    return SafeString("".join([node.render_annotated(context) for node in self]))
                               ~~~~~~~~~~~~~~~~~~~~~^^^^^^^^^
  File "C:\Users\USER\Desktop\myshop_app\venv\Lib\site-packages\django\template\base.py", line 977, in render_annotated
    return self.render(context)
           ~~~~~~~~~~~^^^^^^^^^
  File "C:\Users\USER\Desktop\myshop_app\venv\Lib\site-packages\django\template\defaulttags.py", line 199, in render
    len_values = len(values)
  File "C:\Users\USER\Desktop\myshop_app\venv\Lib\site-packages\django\db\models\query.py", line 368, in __len__
    self._fetch_all()
    ~~~~~~~~~~~~~~~^^
  File "C:\Users\USER\Desktop\myshop_app\venv\Lib\site-packages\django\db\models\query.py", line 1954, in _fetch_all
    self._result_cache = list(self._iterable_class(self))
                         ~~~~^^^^^^^^^^^^^^^^^^^^^^^^^^^^
  File "C:\Users\USER\Desktop\myshop_app\venv\Lib\site-packages\django\db\models\query.py", line 93, in __iter__
    results = compiler.execute_sql(
        chunked_fetch=self.chunked_fetch, chunk_size=self.chunk_size
    )
  File "C:\Users\USER\Desktop\myshop_app\venv\Lib\site-packages\django\db\models\sql\compiler.py", line 1623, in execute_sql
    cursor.execute(sql, params)
    ~~~~~~~~~~~~~~^^^^^^^^^^^^^
  File "C:\Users\USER\Desktop\myshop_app\venv\Lib\site-packages\django\db\backends\utils.py", line 122, in execute
    return super().execute(sql, params)
           ~~~~~~~~~~~~~~~^^^^^^^^^^^^^
  File "C:\Users\USER\Desktop\myshop_app\venv\Lib\site-packages\django\db\backends\utils.py", line 79, in execute
    return self._execute_with_wrappers(
           ~~~~~~~~~~~~~~~~~~~~~~~~~~~^
        sql, params, many=False, executor=self._execute
        ^^^^^^^^^^^^^^^^^^^^^^^^^^^^^^^^^^^^^^^^^^^^^^^
    )
    ^
  File "C:\Users\USER\Desktop\myshop_app\venv\Lib\site-packages\django\db\backends\utils.py", line 92, in _execute_with_wrappers
    return executor(sql, params, many, context)
  File "C:\Users\USER\Desktop\myshop_app\venv\Lib\site-packages\django\db\backends\utils.py", line 100, in _execute
    with self.db.wrap_database_errors:
         ^^^^^^^^^^^^^^^^^^^^^^^^^^^^
  File "C:\Users\USER\Desktop\myshop_app\venv\Lib\site-packages\django\db\utils.py", line 91, in __exit__
    raise dj_exc_value.with_traceback(traceback) from exc_value
  File "C:\Users\USER\Desktop\myshop_app\venv\Lib\site-packages\django\db\backends\utils.py", line 105, in _execute
    return self.cursor.execute(sql, params)
           ~~~~~~~~~~~~~~~~~~~^^^^^^^^^^^^^
  File "C:\Users\USER\Desktop\myshop_app\venv\Lib\site-packages\django\db\backends\sqlite3\base.py", line 360, in execute
    return super().execute(query, params)
           ~~~~~~~~~~~~~~~^^^^^^^^^^^^^^^
django.db.utils.OperationalError: no such column: store_product.category_id
ERROR 2025-12-11 15:07:33,648 basehttp 11280 6652 "GET / HTTP/1.1" 500 171905
WARNING 2025-12-11 15:07:34,182 log 11280 6652 Not Found: /favicon.ico
WARNING 2025-12-11 15:07:34,184 basehttp 11280 6652 "GET /favicon.ico HTTP/1.1" 404 6905
INFO 2025-12-11 15:11:49,621 autoreload 2536 18928 Watching for file changes with StatReloader
INFO 2025-12-11 15:16:49,112 basehttp 11280 14492 "GET / HTTP/1.1" 200 12367
INFO 2025-12-11 15:16:55,805 basehttp 11280 1696 "GET /profile/ HTTP/1.1" 200 1145
INFO 2025-12-11 15:17:02,148 basehttp 11280 1196 "GET /staff/products/ HTTP/1.1" 200 4359
INFO 2025-12-11 15:17:11,526 basehttp 11280 11656 "GET /staff/orders/ HTTP/1.1" 200 423
INFO 2025-12-11 15:17:13,942 basehttp 11280 11656 "GET / HTTP/1.1" 200 12367
INFO 2025-12-11 15:17:21,282 basehttp 11280 19848 "GET /cart/ HTTP/1.1" 200 2459
INFO 2025-12-11 15:17:24,099 basehttp 11280 19848 "GET / HTTP/1.1" 200 12367
INFO 2025-12-11 15:17:27,086 basehttp 11280 19848 "GET /admin/ HTTP/1.1" 200 16028
INFO 2025-12-11 15:17:39,003 basehttp 11280 5464 "GET /admin/store/product/ HTTP/1.1" 200 18513
INFO 2025-12-11 15:17:39,098 basehttp 11280 5464 "GET /admin/jsi18n/ HTTP/1.1" 200 3342
INFO 2025-12-11 15:17:45,826 basehttp 11280 21460 "GET /admin/store/product/add/ HTTP/1.1" 200 16779
INFO 2025-12-11 15:17:45,875 basehttp 11280 21460 "GET /admin/jsi18n/ HTTP/1.1" 200 3342
INFO 2025-12-11 15:17:51,408 basehttp 11280 4028 "GET /admin/store/category/add/?_to_field=id&_popup=1 HTTP/1.1" 200 5879
INFO 2025-12-11 15:17:51,447 basehttp 11280 4028 "GET /admin/jsi18n/ HTTP/1.1" 200 3342
INFO 2025-12-11 15:17:58,120 basehttp 11280 4028 "GET /admin/store/category/add/?_to_field=id&_popup=1 HTTP/1.1" 200 5879
INFO 2025-12-11 15:17:58,160 basehttp 11280 4028 "GET /admin/jsi18n/ HTTP/1.1" 200 3342
INFO 2025-12-11 15:18:06,236 basehttp 11280 16868 "GET /admin/store/product/ HTTP/1.1" 200 18513
INFO 2025-12-11 15:18:06,286 basehttp 11280 16868 "GET /admin/jsi18n/ HTTP/1.1" 200 3342
INFO 2025-12-11 15:18:08,644 basehttp 11280 16868 "GET /admin/store/product/9/change/ HTTP/1.1" 200 18058
INFO 2025-12-11 15:18:08,682 basehttp 11280 16868 "GET /admin/jsi18n/ HTTP/1.1" 200 3342
INFO 2025-12-11 15:18:11,056 basehttp 11280 17748 "GET /admin/store/category/add/?_to_field=id&_popup=1 HTTP/1.1" 200 5879
INFO 2025-12-11 15:18:11,095 basehttp 11280 17748 "GET /admin/jsi18n/ HTTP/1.1" 200 3342
INFO 2025-12-11 15:18:24,559 basehttp 11280 5176 "POST /admin/store/category/add/?_to_field=id&_popup=1 HTTP/1.1" 200 325
INFO 2025-12-11 15:18:24,922 basehttp 11280 5176 "GET /static/admin/js/popup_response.js HTTP/1.1" 200 532
INFO 2025-12-11 15:18:30,959 basehttp 11280 15340 "GET / HTTP/1.1" 200 12367
INFO 2025-12-11 15:18:38,152 basehttp 11280 15340 "GET /?q=books HTTP/1.1" 200 4085
INFO 2025-12-11 15:18:42,058 basehttp 11280 3000 "GET /staff/products/ HTTP/1.1" 200 4359
INFO 2025-12-11 15:18:47,575 basehttp 11280 3000 "GET /staff/products/1/edit/ HTTP/1.1" 200 2040
INFO 2025-12-11 15:18:52,507 basehttp 11280 18180 "GET /staff/products/ HTTP/1.1" 200 4359
INFO 2025-12-11 15:18:54,962 basehttp 11280 18180 "GET / HTTP/1.1" 200 12367
INFO 2025-12-11 15:19:02,307 basehttp 11280 1352 "POST /admin/store/product/9/change/ HTTP/1.1" 302 0
INFO 2025-12-11 15:19:02,375 basehttp 11280 1352 "GET /admin/store/product/ HTTP/1.1" 200 19050
INFO 2025-12-11 15:19:02,417 basehttp 11280 1352 "GET /admin/jsi18n/ HTTP/1.1" 200 3342
INFO 2025-12-11 15:19:12,163 basehttp 11280 20256 "GET /?q=books HTTP/1.1" 200 4085
INFO 2025-12-11 15:19:15,145 basehttp 11280 20256 "GET /staff/products/ HTTP/1.1" 200 4359
INFO 2025-12-11 15:19:22,197 basehttp 11280 5404 "GET / HTTP/1.1" 200 12367
INFO 2025-12-11 15:19:26,106 basehttp 11280 5404 "GET /admin/store/product/ HTTP/1.1" 200 18816
INFO 2025-12-11 15:19:26,141 basehttp 11280 5404 "GET /admin/jsi18n/ HTTP/1.1" 200 3342
INFO 2025-12-11 15:19:33,754 basehttp 11280 20492 "GET /admin/store/product/?q=books HTTP/1.1" 200 14687
INFO 2025-12-11 15:19:33,792 basehttp 11280 20492 "GET /admin/jsi18n/ HTTP/1.1" 200 3342
INFO 2025-12-11 15:19:37,305 basehttp 11280 20492 "GET /admin/store/product/ HTTP/1.1" 200 18816
INFO 2025-12-11 15:19:37,347 basehttp 11280 20492 "GET /admin/jsi18n/ HTTP/1.1" 200 3342
INFO 2025-12-11 15:19:42,097 basehttp 11280 9412 "GET /admin/store/product/?category__id__exact=1 HTTP/1.1" 200 16409
INFO 2025-12-11 15:19:42,139 basehttp 11280 9412 "GET /admin/jsi18n/ HTTP/1.1" 200 3342
INFO 2025-12-11 15:19:44,728 basehttp 11280 9412 "GET /admin/store/product/?category__id__exact=1 HTTP/1.1" 200 16409
INFO 2025-12-11 15:19:44,771 basehttp 11280 9412 "GET /admin/jsi18n/ HTTP/1.1" 200 3342
INFO 2025-12-11 15:20:06,704 basehttp 11280 11680 "GET /admin/store/product/ HTTP/1.1" 200 18816
INFO 2025-12-11 15:20:06,739 basehttp 11280 11680 "GET /admin/jsi18n/ HTTP/1.1" 200 3342
INFO 2025-12-11 15:20:23,038 basehttp 11280 19140 "POST /admin/store/product/ HTTP/1.1" 302 0
INFO 2025-12-11 15:20:23,133 basehttp 11280 19140 "GET /admin/store/product/ HTTP/1.1" 200 18941
INFO 2025-12-11 15:20:23,175 basehttp 11280 19140 "GET /admin/jsi18n/ HTTP/1.1" 200 3342
INFO 2025-12-11 15:20:28,845 basehttp 11280 19140 "GET /admin/store/product/8/change/ HTTP/1.1" 200 17506
INFO 2025-12-11 15:20:28,899 basehttp 11280 19140 "GET /admin/jsi18n/ HTTP/1.1" 200 3342
INFO 2025-12-11 15:20:31,135 basehttp 11280 13700 "GET /admin/store/category/add/?_to_field=id&_popup=1 HTTP/1.1" 200 5879
INFO 2025-12-11 15:20:31,179 basehttp 11280 13700 "GET /admin/jsi18n/ HTTP/1.1" 200 3342
INFO 2025-12-11 15:20:41,656 basehttp 11280 18004 "POST /admin/store/product/8/change/ HTTP/1.1" 302 0
INFO 2025-12-11 15:20:41,734 basehttp 11280 18004 "GET /admin/store/product/ HTTP/1.1" 200 19027
INFO 2025-12-11 15:20:41,782 basehttp 11280 18004 "GET /admin/jsi18n/ HTTP/1.1" 200 3342
INFO 2025-12-11 15:20:44,521 basehttp 11280 18004 "GET /admin/store/product/7/change/ HTTP/1.1" 200 17564
INFO 2025-12-11 15:20:44,577 basehttp 11280 18004 "GET /admin/jsi18n/ HTTP/1.1" 200 3342
INFO 2025-12-11 15:20:48,874 basehttp 11280 18004 "POST /admin/store/product/7/change/ HTTP/1.1" 302 0
INFO 2025-12-11 15:20:48,947 basehttp 11280 18004 "GET /admin/store/product/ HTTP/1.1" 200 19036
INFO 2025-12-11 15:20:48,987 basehttp 11280 18004 "GET /admin/jsi18n/ HTTP/1.1" 200 3342
INFO 2025-12-11 15:20:52,397 basehttp 11280 16500 "GET /admin/store/product/6/change/ HTTP/1.1" 200 17550
INFO 2025-12-11 15:20:52,439 basehttp 11280 16500 "GET /admin/jsi18n/ HTTP/1.1" 200 3342
INFO 2025-12-11 15:20:56,811 basehttp 11280 16500 "POST /admin/store/product/6/change/ HTTP/1.1" 302 0
INFO 2025-12-11 15:20:56,892 basehttp 11280 16500 "GET /admin/store/product/ HTTP/1.1" 200 19044
INFO 2025-12-11 15:20:56,935 basehttp 11280 16500 "GET /admin/jsi18n/ HTTP/1.1" 200 3342
INFO 2025-12-11 15:21:00,091 basehttp 11280 4668 "GET /admin/store/product/4/change/ HTTP/1.1" 200 17552
INFO 2025-12-11 15:21:00,126 basehttp 11280 4668 "GET /admin/jsi18n/ HTTP/1.1" 200 3342
INFO 2025-12-11 15:21:04,490 basehttp 11280 4668 "POST /admin/store/product/4/change/ HTTP/1.1" 302 0
INFO 2025-12-11 15:21:04,583 basehttp 11280 4668 "GET /admin/store/product/ HTTP/1.1" 200 19041
INFO 2025-12-11 15:21:04,625 basehttp 11280 4668 "GET /admin/jsi18n/ HTTP/1.1" 200 3342
INFO 2025-12-11 15:21:06,854 basehttp 11280 4668 "GET /admin/store/product/5/change/ HTTP/1.1" 200 17544
INFO 2025-12-11 15:21:06,898 basehttp 11280 4668 "GET /admin/jsi18n/ HTTP/1.1" 200 3342
INFO 2025-12-11 15:21:10,136 basehttp 11280 20360 "POST /admin/store/product/5/change/ HTTP/1.1" 302 0
INFO 2025-12-11 15:21:10,198 basehttp 11280 20360 "GET /admin/store/product/ HTTP/1.1" 200 19045
INFO 2025-12-11 15:21:10,241 basehttp 11280 20360 "GET /admin/jsi18n/ HTTP/1.1" 200 3342
INFO 2025-12-11 15:21:12,115 basehttp 11280 20360 "GET /admin/store/product/3/change/ HTTP/1.1" 200 18024
INFO 2025-12-11 15:21:12,158 basehttp 11280 20360 "GET /admin/jsi18n/ HTTP/1.1" 200 3342
INFO 2025-12-11 15:21:16,573 basehttp 11280 20360 "POST /admin/store/product/3/change/ HTTP/1.1" 302 0
INFO 2025-12-11 15:21:16,662 basehttp 11280 20360 "GET /admin/store/product/ HTTP/1.1" 200 19058
INFO 2025-12-11 15:21:16,704 basehttp 11280 20360 "GET /admin/jsi18n/ HTTP/1.1" 200 3342
INFO 2025-12-11 15:21:18,851 basehttp 11280 20360 "GET /admin/store/product/1/change/ HTTP/1.1" 200 17912
INFO 2025-12-11 15:21:18,892 basehttp 11280 20360 "GET /admin/jsi18n/ HTTP/1.1" 200 3342
INFO 2025-12-11 15:21:23,182 basehttp 11280 16916 "POST /admin/store/product/1/change/ HTTP/1.1" 302 0
INFO 2025-12-11 15:21:23,266 basehttp 11280 16916 "GET /admin/store/product/ HTTP/1.1" 200 19078
INFO 2025-12-11 15:21:23,305 basehttp 11280 16916 "GET /admin/jsi18n/ HTTP/1.1" 200 3342
INFO 2025-12-11 15:21:26,856 basehttp 11280 16916 "GET /admin/store/product/?category__id__exact=1 HTTP/1.1" 200 19642
INFO 2025-12-11 15:21:26,893 basehttp 11280 16916 "GET /admin/jsi18n/ HTTP/1.1" 200 3342
INFO 2025-12-11 15:21:29,919 basehttp 11280 19908 "GET /admin/store/product/ HTTP/1.1" 200 18844
INFO 2025-12-11 15:21:29,968 basehttp 11280 19908 "GET /admin/jsi18n/ HTTP/1.1" 200 3342
INFO 2025-12-11 15:22:53,814 basehttp 11280 19128 "GET / HTTP/1.1" 200 12367
INFO 2025-12-11 15:23:04,199 basehttp 11280 16452 "GET / HTTP/1.1" 200 12367
INFO 2025-12-11 15:23:06,443 basehttp 11280 16452 "GET /staff/products/ HTTP/1.1" 200 4359
INFO 2025-12-11 15:23:09,001 basehttp 11280 16452 "GET / HTTP/1.1" 200 12367
INFO 2025-12-11 15:23:25,009 basehttp 11280 8592 "GET /?q=books HTTP/1.1" 200 4085
INFO 2025-12-11 15:23:30,578 basehttp 11280 21116 "GET /?q=%27+OR+%271%27%3D%271 HTTP/1.1" 200 4450
INFO 2025-12-11 15:23:38,261 basehttp 11280 21116 "GET /?category=books HTTP/1.1" 200 12826
INFO 2025-12-11 15:23:41,391 basehttp 11280 15312 "GET / HTTP/1.1" 200 12706
INFO 2025-12-11 15:23:42,891 basehttp 11280 15312 "GET /?category=books HTTP/1.1" 200 12826
INFO 2025-12-11 15:23:43,982 basehttp 11280 15312 "GET / HTTP/1.1" 200 12706
INFO 2025-12-11 15:23:45,109 basehttp 11280 15312 "GET /?category=books HTTP/1.1" 200 12826
INFO 2025-12-11 15:23:45,976 basehttp 11280 15312 "GET / HTTP/1.1" 200 12706
INFO 2025-12-11 15:23:47,119 basehttp 11280 15312 "GET /?category=books HTTP/1.1" 200 12826
INFO 2025-12-11 15:23:48,451 basehttp 11280 15312 "GET / HTTP/1.1" 200 12706
INFO 2025-12-11 15:23:49,574 basehttp 11280 15312 "GET /?category=books HTTP/1.1" 200 12826
INFO 2025-12-11 15:23:50,632 basehttp 11280 4924 "GET / HTTP/1.1" 200 12706
INFO 2025-12-11 15:23:51,673 basehttp 11280 4924 "GET /?category=books HTTP/1.1" 200 12826
INFO 2025-12-11 15:24:11,583 basehttp 11280 4148 "GET / HTTP/1.1" 200 12706
INFO 2025-12-11 15:24:13,736 basehttp 11280 4148 "GET /?category=books HTTP/1.1" 200 12826
INFO 2025-12-11 15:24:15,033 basehttp 11280 4148 "GET / HTTP/1.1" 200 12706
INFO 2025-12-11 15:24:15,904 basehttp 11280 4148 "GET /?category=books HTTP/1.1" 200 12826
INFO 2025-12-11 15:24:53,234 basehttp 11280 2592 "GET /?category=books HTTP/1.1" 200 12826
INFO 2025-12-11 15:25:19,074 basehttp 11280 15104 "GET /?category=books HTTP/1.1" 200 12826
INFO 2025-12-11 15:25:25,098 basehttp 11280 17100 "GET /?category=books HTTP/1.1" 200 13781
INFO 2025-12-11 15:25:26,186 basehttp 11280 17100 "GET /?category=books HTTP/1.1" 200 13781
INFO 2025-12-11 15:25:26,415 basehttp 11280 17100 "GET /?category=books HTTP/1.1" 200 13781
INFO 2025-12-11 15:25:39,237 basehttp 11280 9756 "GET /?category=books HTTP/1.1" 200 13781
INFO 2025-12-11 15:25:41,517 basehttp 11280 20432 "GET /?category=books HTTP/1.1" 200 13781
INFO 2025-12-11 15:25:42,883 basehttp 11280 20432 "GET / HTTP/1.1" 200 14788
INFO 2025-12-11 15:25:51,364 basehttp 11280 3520 "GET /?category=books HTTP/1.1" 200 14908
INFO 2025-12-11 15:25:52,925 basehttp 11280 3520 "GET / HTTP/1.1" 200 14788
INFO 2025-12-11 15:25:53,854 basehttp 11280 3520 "GET /?category=books HTTP/1.1" 200 14908
INFO 2025-12-11 15:26:17,738 basehttp 11280 15300 "GET /?category=books HTTP/1.1" 200 14908
INFO 2025-12-11 15:26:41,692 basehttp 11280 13884 "GET /admin/ HTTP/1.1" 200 16029
INFO 2025-12-11 15:26:51,537 basehttp 11280 16836 "GET /staff/orders/ HTTP/1.1" 200 423
INFO 2025-12-11 15:26:55,524 basehttp 11280 16836 "GET / HTTP/1.1" 200 14788
INFO 2025-12-11 15:27:02,259 basehttp 11280 3828 "GET /admin/ HTTP/1.1" 200 16029
INFO 2025-12-11 15:27:04,204 basehttp 11280 3828 "GET /admin/store/product/ HTTP/1.1" 200 18844
INFO 2025-12-11 15:27:04,273 basehttp 11280 3828 "GET /admin/jsi18n/ HTTP/1.1" 200 3342
INFO 2025-12-11 15:27:11,160 basehttp 11280 15720 "GET /admin/store/product/add/ HTTP/1.1" 200 16815
INFO 2025-12-11 15:27:11,210 basehttp 11280 15720 "GET /admin/jsi18n/ HTTP/1.1" 200 3342
INFO 2025-12-11 15:30:50,236 basehttp 11280 15596 "GET /admin/store/category/add/?_to_field=id&_popup=1 HTTP/1.1" 200 5879
INFO 2025-12-11 15:30:50,296 basehttp 11280 15596 "GET /admin/jsi18n/ HTTP/1.1" 200 3342
INFO 2025-12-11 15:31:23,729 basehttp 11280 2592 "POST /admin/store/category/add/?_to_field=id&_popup=1 HTTP/1.1" 200 329
INFO 2025-12-11 15:31:27,560 basehttp 11280 2592 "POST /admin/store/product/add/ HTTP/1.1" 302 0
INFO 2025-12-11 15:31:27,659 basehttp 11280 2592 "GET /admin/store/product/ HTTP/1.1" 200 19801
INFO 2025-12-11 15:31:27,710 basehttp 11280 2592 "GET /admin/jsi18n/ HTTP/1.1" 200 3342
INFO 2025-12-11 15:31:34,003 basehttp 11280 1760 "GET / HTTP/1.1" 200 16197
INFO 2025-12-11 15:31:34,131 basehttp 11280 1760 "GET /media/products/furniture.1.jpg HTTP/1.1" 200 9657
INFO 2025-12-11 15:31:35,917 basehttp 11280 1760 "GET /?category=furniture HTTP/1.1" 200 6790
INFO 2025-12-11 15:31:35,951 basehttp 11280 1760 "GET /media/products/furniture.1.jpg HTTP/1.1" 304 0
INFO 2025-12-11 15:31:45,714 basehttp 11280 10236 "GET /admin/store/product/add/ HTTP/1.1" 200 16855
INFO 2025-12-11 15:31:45,756 basehttp 11280 10236 "GET /admin/jsi18n/ HTTP/1.1" 200 3342
INFO 2025-12-11 15:33:35,410 basehttp 11280 7936 "POST /admin/store/product/add/ HTTP/1.1" 302 0
INFO 2025-12-11 15:33:35,472 basehttp 11280 7936 "GET /admin/store/product/ HTTP/1.1" 200 20411
INFO 2025-12-11 15:33:35,512 basehttp 11280 7936 "GET /admin/jsi18n/ HTTP/1.1" 200 3342
INFO 2025-12-11 15:33:39,318 basehttp 11280 7936 "GET /?category=furniture HTTP/1.1" 200 8156
INFO 2025-12-11 15:33:39,341 basehttp 11280 10048 "GET /media/products/furniture.1.jpg HTTP/1.1" 304 0
INFO 2025-12-11 15:33:39,369 basehttp 11280 7936 "GET /media/products/furniture.2.jpg HTTP/1.1" 200 12555
INFO 2025-12-11 15:33:58,784 basehttp 11280 7936 "GET /admin/store/product/11/change/ HTTP/1.1" 200 17852
INFO 2025-12-11 15:33:58,815 basehttp 11280 7936 "GET /admin/jsi18n/ HTTP/1.1" 200 3342
INFO 2025-12-11 15:34:18,393 basehttp 11280 2104 "POST /admin/store/product/11/change/ HTTP/1.1" 302 0
INFO 2025-12-11 15:34:18,455 basehttp 11280 2104 "GET /admin/store/product/ HTTP/1.1" 200 20200
INFO 2025-12-11 15:34:18,482 basehttp 11280 2104 "GET /admin/jsi18n/ HTTP/1.1" 200 3342
INFO 2025-12-11 15:34:21,252 basehttp 11280 2104 "GET /admin/store/product/10/change/ HTTP/1.1" 200 17937
INFO 2025-12-11 15:34:21,280 basehttp 11280 2104 "GET /admin/jsi18n/ HTTP/1.1" 200 3342
INFO 2025-12-11 15:34:50,158 basehttp 11280 2104 "POST /admin/store/product/10/change/ HTTP/1.1" 302 0
INFO 2025-12-11 15:34:50,219 basehttp 11280 2104 "GET /admin/store/product/ HTTP/1.1" 200 20075
INFO 2025-12-11 15:34:50,250 basehttp 11280 2104 "GET /admin/jsi18n/ HTTP/1.1" 200 3342
INFO 2025-12-11 15:34:54,499 basehttp 11280 2104 "GET /?category=furniture HTTP/1.1" 200 7888
INFO 2025-12-11 15:34:54,530 basehttp 11280 4308 "GET /media/products/furniture.2.jpg HTTP/1.1" 304 0
INFO 2025-12-11 15:34:54,531 basehttp 11280 2104 "GET /media/products/furniture.1.jpg HTTP/1.1" 304 0
INFO 2025-12-11 15:34:58,377 basehttp 11280 2104 "GET /product/10/ HTTP/1.1" 200 3152
INFO 2025-12-11 15:36:26,706 basehttp 11280 9896 "GET /admin/store/product/add/ HTTP/1.1" 200 16855
INFO 2025-12-11 15:36:26,751 basehttp 11280 9896 "GET /admin/jsi18n/ HTTP/1.1" 200 3342
INFO 2025-12-11 15:37:14,701 basehttp 11280 9896 "POST /admin/store/product/add/ HTTP/1.1" 200 18019
INFO 2025-12-11 15:37:14,750 basehttp 11280 9896 "GET /admin/jsi18n/ HTTP/1.1" 200 3342
INFO 2025-12-11 15:38:30,484 basehttp 11280 9896 "POST /admin/store/product/add/ HTTP/1.1" 302 0
INFO 2025-12-11 15:38:30,595 basehttp 11280 9896 "GET /admin/store/product/ HTTP/1.1" 200 20558
INFO 2025-12-11 15:38:30,638 basehttp 11280 9896 "GET /admin/jsi18n/ HTTP/1.1" 200 3342
INFO 2025-12-11 15:38:36,202 basehttp 11280 9896 "GET /?category=furniture HTTP/1.1" 200 9119
INFO 2025-12-11 15:38:36,244 basehttp 11280 5176 "GET /media/products/furniture.2.jpg HTTP/1.1" 304 0
INFO 2025-12-11 15:38:36,248 basehttp 11280 9896 "GET /media/products/furniture.1.jpg HTTP/1.1" 304 0
INFO 2025-12-11 15:38:36,332 basehttp 11280 2388 "GET /media/products/furniture.4.jpg HTTP/1.1" 200 37049
INFO 2025-12-11 15:38:53,495 basehttp 11280 2388 "GET /admin/store/product/12/change/ HTTP/1.1" 200 18389
INFO 2025-12-11 15:38:53,543 basehttp 11280 2388 "GET /admin/jsi18n/ HTTP/1.1" 200 3342
INFO 2025-12-11 15:39:13,185 basehttp 11280 2388 "POST /admin/store/product/12/change/ HTTP/1.1" 302 0
INFO 2025-12-11 15:39:13,271 basehttp 11280 2388 "GET /admin/store/product/ HTTP/1.1" 200 20560
INFO 2025-12-11 15:39:13,317 basehttp 11280 2388 "GET /admin/jsi18n/ HTTP/1.1" 200 3342
INFO 2025-12-11 15:39:16,679 basehttp 11280 2388 "GET /?category=furniture HTTP/1.1" 200 9119
INFO 2025-12-11 15:39:16,713 basehttp 11280 9896 "GET /media/products/furniture.2.jpg HTTP/1.1" 304 0
INFO 2025-12-11 15:39:16,767 basehttp 11280 2388 "GET /media/products/furniture.3.jpg HTTP/1.1" 200 13519
INFO 2025-12-11 15:39:18,058 basehttp 11280 2388 "GET /?category=furniture HTTP/1.1" 200 9119
INFO 2025-12-11 15:39:18,084 basehttp 11280 2388 "GET /media/products/furniture.3.jpg HTTP/1.1" 304 0
INFO 2025-12-11 15:39:20,458 basehttp 11280 2388 "GET /?category=furniture HTTP/1.1" 200 9119
INFO 2025-12-11 15:39:20,503 basehttp 11280 9896 "GET /media/products/furniture.3.jpg HTTP/1.1" 304 0
INFO 2025-12-11 15:39:20,505 basehttp 11280 2388 "GET /media/products/furniture.1.jpg HTTP/1.1" 304 0
INFO 2025-12-11 15:40:02,632 basehttp 11280 15224 "GET /?category=furniture HTTP/1.1" 200 9119
INFO 2025-12-11 15:40:02,666 basehttp 11280 15224 "GET /media/products/furniture.2.jpg HTTP/1.1" 304 0
INFO 2025-12-11 15:40:02,667 basehttp 11280 20952 "GET /media/products/furniture.3.jpg HTTP/1.1" 304 0
INFO 2025-12-11 15:40:56,784 basehttp 11280 3208 "GET /admin/store/product/add/ HTTP/1.1" 200 16855
INFO 2025-12-11 15:40:56,827 basehttp 11280 3208 "GET /admin/jsi18n/ HTTP/1.1" 200 3342
INFO 2025-12-11 15:43:43,521 basehttp 11280 13732 "POST /admin/store/product/add/ HTTP/1.1" 302 0
INFO 2025-12-11 15:43:43,606 basehttp 11280 13732 "GET /admin/store/product/ HTTP/1.1" 200 20990
INFO 2025-12-11 15:43:43,648 basehttp 11280 13732 "GET /admin/jsi18n/ HTTP/1.1" 200 3342
INFO 2025-12-11 15:43:52,537 basehttp 11280 4636 "GET /admin/store/product/13/change/ HTTP/1.1" 200 19671
INFO 2025-12-11 15:43:52,580 basehttp 11280 4636 "GET /admin/jsi18n/ HTTP/1.1" 200 3342
INFO 2025-12-11 15:43:56,668 basehttp 11280 4636 "POST /admin/store/product/13/change/ HTTP/1.1" 302 0
INFO 2025-12-11 15:43:56,770 basehttp 11280 4636 "GET /admin/store/product/ HTTP/1.1" 200 21000
INFO 2025-12-11 15:43:56,809 basehttp 11280 4636 "GET /admin/jsi18n/ HTTP/1.1" 200 3342
INFO 2025-12-11 15:44:07,724 basehttp 11280 3812 "GET /?category=furniture HTTP/1.1" 200 10317
INFO 2025-12-11 15:44:07,760 basehttp 11280 14596 "GET /media/products/furniture.2.jpg HTTP/1.1" 304 0
INFO 2025-12-11 15:44:07,765 basehttp 11280 3812 "GET /media/products/furniture.1.jpg HTTP/1.1" 304 0
INFO 2025-12-11 15:44:07,775 basehttp 11280 12948 "GET /media/products/furniture.3.jpg HTTP/1.1" 304 0
INFO 2025-12-11 15:44:07,873 basehttp 11280 20372 "GET /media/products/furniture.5.jpg HTTP/1.1" 200 44259
INFO 2025-12-11 15:45:23,557 basehttp 11280 17528 "GET /admin/store/product/add/ HTTP/1.1" 200 16855
INFO 2025-12-11 15:45:23,603 basehttp 11280 17528 "GET /admin/jsi18n/ HTTP/1.1" 200 3342
INFO 2025-12-11 15:48:28,441 basehttp 11280 20020 "POST /admin/store/product/add/ HTTP/1.1" 302 0
INFO 2025-12-11 15:48:28,513 basehttp 11280 20020 "GET /admin/store/product/ HTTP/1.1" 200 21440
INFO 2025-12-11 15:48:28,550 basehttp 11280 20020 "GET /admin/jsi18n/ HTTP/1.1" 200 3342
INFO 2025-12-11 15:48:31,972 basehttp 11280 20020 "GET /?category=furniture HTTP/1.1" 200 10317
INFO 2025-12-11 15:48:32,009 basehttp 11280 20020 "GET /media/products/furniture.1.jpg HTTP/1.1" 304 0
INFO 2025-12-11 15:48:32,009 basehttp 11280 12732 "GET /media/products/furniture.2.jpg HTTP/1.1" 304 0
INFO 2025-12-11 15:48:32,029 basehttp 11280 17200 "GET /media/products/furniture.3.jpg HTTP/1.1" 304 0
INFO 2025-12-11 15:48:32,032 basehttp 11280 20020 "GET /media/products/furniture.5.jpg HTTP/1.1" 304 0
INFO 2025-12-11 15:48:42,458 basehttp 11280 20020 "GET /admin/store/product/14/change/ HTTP/1.1" 200 19782
INFO 2025-12-11 15:48:42,497 basehttp 11280 20020 "GET /admin/jsi18n/ HTTP/1.1" 200 3342
INFO 2025-12-11 15:48:51,025 basehttp 11280 20020 "POST /admin/store/product/14/change/ HTTP/1.1" 302 0
INFO 2025-12-11 15:48:51,131 basehttp 11280 20020 "GET /admin/store/product/ HTTP/1.1" 200 21450
INFO 2025-12-11 15:48:51,176 basehttp 11280 20020 "GET /admin/jsi18n/ HTTP/1.1" 200 3342
INFO 2025-12-11 15:48:54,587 basehttp 11280 20020 "GET / HTTP/1.1" 200 20845
INFO 2025-12-11 15:48:54,691 basehttp 11280 20020 "GET /media/products/furniture.6.jpg HTTP/1.1" 200 6025
INFO 2025-12-11 15:49:08,837 basehttp 11280 20020 "GET /?category=books HTTP/1.1" 200 14990
INFO 2025-12-11 15:49:12,764 basehttp 11280 20020 "GET /?category=furniture HTTP/1.1" 200 11514
INFO 2025-12-11 15:49:12,801 basehttp 11280 20020 "GET /media/products/furniture.5.jpg HTTP/1.1" 304 0
INFO 2025-12-11 15:49:12,802 basehttp 11280 17200 "GET /media/products/furniture.6.jpg HTTP/1.1" 304 0
INFO 2025-12-11 15:49:32,399 basehttp 11280 17200 "GET /?category=furniture HTTP/1.1" 200 11514
INFO 2025-12-11 15:49:32,432 basehttp 11280 17200 "GET /media/products/furniture.3.jpg HTTP/1.1" 304 0
INFO 2025-12-11 15:49:32,441 basehttp 11280 20020 "GET /media/products/furniture.6.jpg HTTP/1.1" 304 0
INFO 2025-12-11 15:49:33,578 basehttp 11280 20020 "GET /?category=books HTTP/1.1" 200 14990
INFO 2025-12-11 15:49:34,576 basehttp 11280 20020 "GET /?category=furniture HTTP/1.1" 200 11514
INFO 2025-12-11 15:51:53,205 basehttp 11280 12076 "GET /?category=furniture HTTP/1.1" 200 11514
INFO 2025-12-11 15:51:53,243 basehttp 11280 12076 "GET /media/products/furniture.1.jpg HTTP/1.1" 304 0
INFO 2025-12-11 15:51:53,243 basehttp 11280 9652 "GET /media/products/furniture.2.jpg HTTP/1.1" 304 0
INFO 2025-12-11 15:51:53,266 basehttp 11280 2924 "GET /media/products/furniture.3.jpg HTTP/1.1" 304 0
INFO 2025-12-11 15:51:53,280 basehttp 11280 19452 "GET /media/products/furniture.6.jpg HTTP/1.1" 304 0
INFO 2025-12-11 15:51:53,281 basehttp 11280 6668 "GET /media/products/furniture.5.jpg HTTP/1.1" 304 0
INFO 2025-12-11 15:52:14,665 basehttp 11280 6668 "GET /admin/store/product/add/ HTTP/1.1" 200 16855
INFO 2025-12-11 15:52:14,708 basehttp 11280 6668 "GET /admin/jsi18n/ HTTP/1.1" 200 3342
INFO 2025-12-11 15:56:04,706 basehttp 11280 6668 "POST /admin/store/product/add/ HTTP/1.1" 302 0
INFO 2025-12-11 15:56:04,784 basehttp 11280 6668 "GET /admin/store/product/ HTTP/1.1" 200 21927
INFO 2025-12-11 15:56:04,824 basehttp 11280 6668 "GET /admin/jsi18n/ HTTP/1.1" 200 3342
INFO 2025-12-11 15:56:08,531 basehttp 11280 6668 "GET /admin/store/product/15/change/ HTTP/1.1" 200 18777
INFO 2025-12-11 15:56:08,576 basehttp 11280 6668 "GET /admin/jsi18n/ HTTP/1.1" 200 3342
INFO 2025-12-11 15:56:11,247 basehttp 11280 6668 "GET /admin/store/category/add/?_to_field=id&_popup=1 HTTP/1.1" 200 5879
INFO 2025-12-11 15:56:11,302 basehttp 11280 6668 "GET /admin/jsi18n/ HTTP/1.1" 200 3342
INFO 2025-12-11 15:56:20,032 basehttp 11280 6668 "POST /admin/store/product/15/change/ HTTP/1.1" 302 0
INFO 2025-12-11 15:56:20,120 basehttp 11280 6668 "GET /admin/store/product/ HTTP/1.1" 200 21929
INFO 2025-12-11 15:56:20,164 basehttp 11280 6668 "GET /admin/jsi18n/ HTTP/1.1" 200 3342
INFO 2025-12-11 15:56:24,560 basehttp 11280 6668 "GET /?category=furniture HTTP/1.1" 200 12517
INFO 2025-12-11 15:56:24,592 basehttp 11280 6668 "GET /media/products/furniture.1.jpg HTTP/1.1" 304 0
INFO 2025-12-11 15:56:24,593 basehttp 11280 19452 "GET /media/products/furniture.2.jpg HTTP/1.1" 304 0
INFO 2025-12-11 15:56:24,607 basehttp 11280 2924 "GET /media/products/furniture.5.jpg HTTP/1.1" 304 0
INFO 2025-12-11 15:56:24,611 basehttp 11280 12076 "GET /media/products/furniture.6.jpg HTTP/1.1" 304 0
INFO 2025-12-11 15:56:24,607 basehttp 11280 6668 "GET /media/products/furniture.3.jpg HTTP/1.1" 304 0
INFO 2025-12-11 15:56:33,586 basehttp 11280 12076 "GET /admin/store/product/15/change/ HTTP/1.1" 200 18777
INFO 2025-12-11 15:56:33,636 basehttp 11280 12076 "GET /admin/jsi18n/ HTTP/1.1" 200 3342
INFO 2025-12-11 15:56:46,125 basehttp 11280 12076 "POST /admin/store/product/15/change/ HTTP/1.1" 302 0
INFO 2025-12-11 15:56:46,222 basehttp 11280 12076 "GET /admin/store/product/ HTTP/1.1" 200 21929
INFO 2025-12-11 15:56:46,263 basehttp 11280 12076 "GET /admin/jsi18n/ HTTP/1.1" 200 3342
INFO 2025-12-11 15:56:49,170 basehttp 11280 12076 "GET /?category=furniture HTTP/1.1" 200 12729
INFO 2025-12-11 15:56:49,243 basehttp 11280 12076 "GET /media/products/furniture.7.jpg HTTP/1.1" 200 133686
INFO 2025-12-11 15:58:10,275 basehttp 11280 7904 "GET /admin/store/product/add/ HTTP/1.1" 200 16855
INFO 2025-12-11 15:58:10,326 basehttp 11280 7904 "GET /admin/jsi18n/ HTTP/1.1" 200 3342
INFO 2025-12-11 15:59:00,018 basehttp 11280 7904 "POST /admin/store/product/add/ HTTP/1.1" 302 0
INFO 2025-12-11 15:59:00,144 basehttp 11280 7904 "GET /admin/store/product/ HTTP/1.1" 200 22493
INFO 2025-12-11 15:59:00,187 basehttp 11280 7904 "GET /admin/jsi18n/ HTTP/1.1" 200 3342
INFO 2025-12-11 15:59:03,072 basehttp 11280 7904 "GET /?category=furniture HTTP/1.1" 200 14011
INFO 2025-12-11 15:59:03,115 basehttp 11280 7904 "GET /media/products/furniture.1.jpg HTTP/1.1" 304 0
INFO 2025-12-11 15:59:03,118 basehttp 11280 13960 "GET /media/products/furniture.2.jpg HTTP/1.1" 304 0
INFO 2025-12-11 15:59:03,152 basehttp 11280 12620 "GET /media/products/furniture.3.jpg HTTP/1.1" 304 0
INFO 2025-12-11 15:59:03,169 basehttp 11280 6676 "GET /media/products/furniture.5.jpg HTTP/1.1" 304 0
INFO 2025-12-11 15:59:03,195 basehttp 11280 8880 "GET /media/products/furniture.6.jpg HTTP/1.1" 304 0
INFO 2025-12-11 15:59:03,205 basehttp 11280 7876 "GET /media/products/furniture.7.jpg HTTP/1.1" 304 0
INFO 2025-12-11 15:59:03,248 basehttp 11280 13960 "GET /media/products/furniture.8.jpg HTTP/1.1" 200 79031
INFO 2025-12-11 15:59:20,462 basehttp 11280 13960 "GET /admin/store/product/16/change/ HTTP/1.1" 200 19098
INFO 2025-12-11 15:59:20,516 basehttp 11280 13960 "GET /admin/jsi18n/ HTTP/1.1" 200 3342
INFO 2025-12-11 15:59:40,741 basehttp 11280 13960 "POST /admin/store/product/16/change/ HTTP/1.1" 302 0
INFO 2025-12-11 15:59:40,864 basehttp 11280 13960 "GET /admin/store/product/ HTTP/1.1" 200 22462
INFO 2025-12-11 15:59:40,907 basehttp 11280 13960 "GET /admin/jsi18n/ HTTP/1.1" 200 3342
INFO 2025-12-11 15:59:43,927 basehttp 11280 13960 "GET /?category=furniture HTTP/1.1" 200 13992
INFO 2025-12-11 15:59:43,970 basehttp 11280 13960 "GET /media/products/furniture.7.jpg HTTP/1.1" 304 0
INFO 2025-12-11 15:59:43,970 basehttp 11280 7876 "GET /media/products/furniture.8.jpg HTTP/1.1" 304 0
INFO 2025-12-11 15:59:51,481 basehttp 11280 13960 "GET /product/16/ HTTP/1.1" 200 4450
INFO 2025-12-11 15:59:51,538 basehttp 11280 13960 "GET /media/products/furniture.8.jpg HTTP/1.1" 304 0
INFO 2025-12-11 16:00:14,069 basehttp 11280 13960 "GET /product/16/ HTTP/1.1" 200 4450
INFO 2025-12-11 16:00:14,109 basehttp 11280 13960 "GET /media/products/furniture.8.jpg HTTP/1.1" 304 0
WARNING 2025-12-11 16:00:26,078 log 11280 13960 Not Found: /.well-known/appspecific/com.chrome.devtools.json
WARNING 2025-12-11 16:00:26,085 basehttp 11280 13960 "GET /.well-known/appspecific/com.chrome.devtools.json HTTP/1.1" 404 7016
INFO 2025-12-11 16:00:36,107 basehttp 11280 13960 "GET /product/16/ HTTP/1.1" 200 4450
INFO 2025-12-11 16:00:36,164 basehttp 11280 13960 "GET /media/products/furniture.8.jpg HTTP/1.1" 304 0
WARNING 2025-12-11 16:00:36,231 log 11280 13960 Not Found: /.well-known/appspecific/com.chrome.devtools.json
WARNING 2025-12-11 16:00:36,234 basehttp 11280 13960 "GET /.well-known/appspecific/com.chrome.devtools.json HTTP/1.1" 404 7016
WARNING 2025-12-11 16:01:05,666 log 11280 13960 Not Found: /.well-known/appspecific/com.chrome.devtools.json
WARNING 2025-12-11 16:01:05,669 basehttp 11280 13960 "GET /.well-known/appspecific/com.chrome.devtools.json HTTP/1.1" 404 7016
INFO 2025-12-11 16:03:32,793 basehttp 11280 13960 "GET /product/14/ HTTP/1.1" 200 5198
INFO 2025-12-11 16:03:32,839 basehttp 11280 13960 "GET /media/products/furniture.6.jpg HTTP/1.1" 304 0
INFO 2025-12-11 16:03:37,537 basehttp 11280 13960 "GET /product/16/ HTTP/1.1" 200 4450
INFO 2025-12-11 16:03:37,581 basehttp 11280 13960 "GET /media/products/furniture.8.jpg HTTP/1.1" 304 0
INFO 2025-12-11 16:06:05,201 basehttp 11280 13960 "GET /product/10/ HTTP/1.1" 200 3152
INFO 2025-12-11 16:06:05,238 basehttp 11280 13960 "GET /media/products/furniture.1.jpg HTTP/1.1" 304 0
INFO 2025-12-11 16:06:50,041 basehttp 11280 13960 "GET /product/10/ HTTP/1.1" 200 3152
WARNING 2025-12-11 16:08:23,556 log 11280 1456 Not Found: /.well-known/appspecific/com.chrome.devtools.json
WARNING 2025-12-11 16:08:23,558 basehttp 11280 1456 "GET /.well-known/appspecific/com.chrome.devtools.json HTTP/1.1" 404 7016
INFO 2025-12-11 16:08:27,918 basehttp 11280 1456 "GET /product/10/ HTTP/1.1" 200 3152
WARNING 2025-12-11 16:08:28,113 log 11280 1456 Not Found: /.well-known/appspecific/com.chrome.devtools.json
WARNING 2025-12-11 16:08:28,125 basehttp 11280 1456 "GET /.well-known/appspecific/com.chrome.devtools.json HTTP/1.1" 404 7016
WARNING 2025-12-11 16:08:31,538 log 11280 1148 Not Found: /.well-known/appspecific/com.chrome.devtools.json
WARNING 2025-12-11 16:08:31,540 basehttp 11280 1148 "GET /.well-known/appspecific/com.chrome.devtools.json HTTP/1.1" 404 7016
WARNING 2025-12-11 16:08:31,620 log 11280 1148 Not Found: /.well-known/appspecific/com.chrome.devtools.json
WARNING 2025-12-11 16:08:31,622 basehttp 11280 1148 "GET /.well-known/appspecific/com.chrome.devtools.json HTTP/1.1" 404 7016
INFO 2025-12-11 16:08:45,398 basehttp 11280 20080 "GET /?category=furniture HTTP/1.1" 200 14055
INFO 2025-12-11 16:08:45,453 basehttp 11280 20080 "GET /media/products/furniture.3.jpg HTTP/1.1" 304 0
INFO 2025-12-11 16:08:45,467 basehttp 11280 20080 "GET /media/products/furniture.2.jpg HTTP/1.1" 304 0
INFO 2025-12-11 16:08:45,551 basehttp 11280 18956 "GET /media/products/furniture.6.jpg HTTP/1.1" 304 0
INFO 2025-12-11 16:08:45,553 basehttp 11280 20080 "GET /media/products/furniture.5.jpg HTTP/1.1" 304 0
INFO 2025-12-11 16:08:45,602 basehttp 11280 12000 "GET /media/products/furniture.8.jpg HTTP/1.1" 304 0
INFO 2025-12-11 16:08:45,750 basehttp 11280 3560 "GET /media/products/furniture.7.jpg HTTP/1.1" 304 0
WARNING 2025-12-11 16:08:45,784 log 11280 17504 Not Found: /.well-known/appspecific/com.chrome.devtools.json
WARNING 2025-12-11 16:08:45,805 basehttp 11280 17504 "GET /.well-known/appspecific/com.chrome.devtools.json HTTP/1.1" 404 7016
INFO 2025-12-11 16:08:51,093 basehttp 11280 18792 "GET /product/10/ HTTP/1.1" 200 3152
INFO 2025-12-11 16:09:28,859 basehttp 11280 1224 "GET /?category=furniture HTTP/1.1" 200 14055
INFO 2025-12-11 16:09:30,628 basehttp 11280 1224 "GET /product/10/ HTTP/1.1" 200 3152
INFO 2025-12-11 16:09:34,024 basehttp 11280 1224 "GET /product/10/ HTTP/1.1" 200 3152
INFO 2025-12-11 16:09:34,059 basehttp 11280 1224 "GET /media/products/furniture.1.jpg HTTP/1.1" 304 0
INFO 2025-12-11 16:09:36,920 basehttp 11280 1224 "GET /product/10/ HTTP/1.1" 200 3152
INFO 2025-12-11 16:09:41,377 basehttp 11280 1664 "GET /product/11/ HTTP/1.1" 200 3054
INFO 2025-12-11 16:09:56,347 basehttp 11280 5924 "GET / HTTP/1.1" 200 23420
INFO 2025-12-11 16:09:56,390 basehttp 11280 5924 "GET /media/products/furniture.8.jpg HTTP/1.1" 304 0
INFO 2025-12-11 16:09:58,614 basehttp 11280 14776 "GET /product/11/ HTTP/1.1" 200 3054
INFO 2025-12-11 16:10:02,464 basehttp 11280 14776 "GET /product/5/ HTTP/1.1" 200 2995
INFO 2025-12-11 16:10:05,663 basehttp 11280 14776 "GET /product/1/ HTTP/1.1" 200 3348
INFO 2025-12-11 16:10:11,585 basehttp 11280 3520 "GET /product/4/ HTTP/1.1" 200 3004
INFO 2025-12-11 16:10:16,498 basehttp 11280 3520 "GET /product/3/ HTTP/1.1" 200 3468
INFO 2025-12-11 16:10:24,185 basehttp 11280 14856 "GET /product/14/ HTTP/1.1" 200 5198
INFO 2025-12-11 16:10:30,842 basehttp 11280 14348 "GET /?category=furniture HTTP/1.1" 200 14055
INFO 2025-12-11 16:10:30,874 basehttp 11280 14348 "GET /media/products/furniture.7.jpg HTTP/1.1" 304 0
INFO 2025-12-11 16:10:45,612 basehttp 11280 6668 "GET /product/16/ HTTP/1.1" 200 4450
INFO 2025-12-11 16:11:08,612 basehttp 11280 12996 "GET /admin/store/product/ HTTP/1.1" 200 22208
INFO 2025-12-11 16:11:08,678 basehttp 11280 12996 "GET /admin/jsi18n/ HTTP/1.1" 200 3342
INFO 2025-12-11 16:11:10,603 basehttp 11280 12996 "GET /admin/store/product/16/change/ HTTP/1.1" 200 19064
INFO 2025-12-11 16:11:10,651 basehttp 11280 12996 "GET /admin/jsi18n/ HTTP/1.1" 200 3342
INFO 2025-12-11 16:11:20,413 basehttp 11280 16376 "GET /admin/store/product/16/change/ HTTP/1.1" 200 19064
INFO 2025-12-11 16:11:20,471 basehttp 11280 16376 "GET /admin/jsi18n/ HTTP/1.1" 200 3342
INFO 2025-12-11 16:11:46,108 basehttp 11280 15632 "POST /admin/store/product/16/change/ HTTP/1.1" 302 0
INFO 2025-12-11 16:11:46,222 basehttp 11280 15632 "GET /admin/store/product/ HTTP/1.1" 200 22462
INFO 2025-12-11 16:11:46,261 basehttp 11280 15632 "GET /admin/jsi18n/ HTTP/1.1" 200 3342
INFO 2025-12-11 16:11:49,371 basehttp 11280 13112 "GET /product/16/ HTTP/1.1" 200 4450
INFO 2025-12-11 16:11:49,401 basehttp 11280 13112 "GET /media/products/furniture.8.jpg HTTP/1.1" 304 0
INFO 2025-12-11 16:11:56,615 basehttp 11280 13112 "GET /product/16/ HTTP/1.1" 200 4450
INFO 2025-12-11 16:12:01,379 basehttp 11280 18188 "GET /admin/store/product/16/change/ HTTP/1.1" 200 19064
INFO 2025-12-11 16:12:01,431 basehttp 11280 18188 "GET /admin/jsi18n/ HTTP/1.1" 200 3342
INFO 2025-12-11 16:12:17,661 basehttp 11280 18480 "POST /admin/store/product/16/change/ HTTP/1.1" 302 0
INFO 2025-12-11 16:12:17,776 basehttp 11280 18480 "GET /admin/store/product/ HTTP/1.1" 200 22462
INFO 2025-12-11 16:12:17,820 basehttp 11280 18480 "GET /admin/jsi18n/ HTTP/1.1" 200 3342
INFO 2025-12-11 16:12:20,368 basehttp 11280 18436 "GET /admin/store/product/ HTTP/1.1" 200 22208
INFO 2025-12-11 16:12:20,408 basehttp 11280 18436 "GET /admin/jsi18n/ HTTP/1.1" 200 3342
INFO 2025-12-11 16:12:25,567 basehttp 11280 18436 "GET /?category=furniture HTTP/1.1" 200 14055
INFO 2025-12-11 16:12:25,607 basehttp 11280 18436 "GET /media/products/furniture.2.jpg HTTP/1.1" 304 0
INFO 2025-12-11 16:12:25,608 basehttp 11280 18316 "GET /media/products/furniture.3.jpg HTTP/1.1" 304 0
INFO 2025-12-11 16:12:25,625 basehttp 11280 18436 "GET /media/products/furniture.5.jpg HTTP/1.1" 304 0
INFO 2025-12-11 16:12:25,632 basehttp 11280 8312 "GET /media/products/furniture.6.jpg HTTP/1.1" 304 0
INFO 2025-12-11 16:12:25,637 basehttp 11280 20296 "GET /media/products/furniture.7.jpg HTTP/1.1" 304 0
INFO 2025-12-11 16:12:26,505 basehttp 11280 20296 "GET /?category=furniture HTTP/1.1" 200 14055
INFO 2025-12-11 16:12:26,723 basehttp 11280 20296 "GET /?category=furniture HTTP/1.1" 200 14055
INFO 2025-12-11 16:12:27,815 basehttp 11280 20296 "GET /product/16/ HTTP/1.1" 200 4450
INFO 2025-12-11 16:12:42,305 basehttp 11280 12256 "GET /product/13/ HTTP/1.1" 200 5086
INFO 2025-12-11 16:12:48,881 basehttp 11280 320 "GET /product/10/ HTTP/1.1" 200 3152
INFO 2025-12-11 16:12:53,755 basehttp 11280 320 "GET /product/16/ HTTP/1.1" 200 4450
INFO 2025-12-11 16:12:59,872 basehttp 11280 15540 "GET /product/11/ HTTP/1.1" 200 3054
INFO 2025-12-11 16:15:12,537 basehttp 11280 19136 "GET /admin/store/product/add/ HTTP/1.1" 200 16855
INFO 2025-12-11 16:15:12,589 basehttp 11280 19136 "GET /admin/jsi18n/ HTTP/1.1" 200 3342
INFO 2025-12-11 16:16:21,199 basehttp 11280 11188 "POST /admin/store/product/add/ HTTP/1.1" 302 0
INFO 2025-12-11 16:16:21,328 basehttp 11280 11188 "GET /admin/store/product/ HTTP/1.1" 200 22918
INFO 2025-12-11 16:16:21,375 basehttp 11280 11188 "GET /admin/jsi18n/ HTTP/1.1" 200 3342
INFO 2025-12-11 16:16:24,846 basehttp 11280 11188 "GET /?category=furniture HTTP/1.1" 200 15268
INFO 2025-12-11 16:16:24,887 basehttp 11280 11188 "GET /media/products/furniture.1.jpg HTTP/1.1" 304 0
INFO 2025-12-11 16:16:24,889 basehttp 11280 5740 "GET /media/products/furniture.2.jpg HTTP/1.1" 304 0
INFO 2025-12-11 16:16:24,903 basehttp 11280 11188 "GET /media/products/furniture.3.jpg HTTP/1.1" 304 0
INFO 2025-12-11 16:16:24,936 basehttp 11280 1852 "GET /media/products/furniture.6.jpg HTTP/1.1" 304 0
INFO 2025-12-11 16:16:24,957 basehttp 11280 16868 "GET /media/products/furniture.7.jpg HTTP/1.1" 304 0
INFO 2025-12-11 16:16:24,974 basehttp 11280 5740 "GET /media/products/furniture.5.jpg HTTP/1.1" 304 0
INFO 2025-12-11 16:16:24,975 basehttp 11280 8972 "GET /media/products/furniture.8.jpg HTTP/1.1" 304 0
INFO 2025-12-11 16:16:25,050 basehttp 11280 12336 "GET /media/products/furniture.9.jpg HTTP/1.1" 200 611713
INFO 2025-12-11 16:17:44,442 basehttp 11280 3124 "GET /admin/store/product/add/ HTTP/1.1" 200 16855
INFO 2025-12-11 16:17:44,489 basehttp 11280 3124 "GET /admin/jsi18n/ HTTP/1.1" 200 3342
INFO 2025-12-11 16:18:41,265 basehttp 11280 9440 "POST /admin/store/product/add/ HTTP/1.1" 302 0
INFO 2025-12-11 16:18:41,382 basehttp 11280 9440 "GET /admin/store/product/ HTTP/1.1" 200 23389
INFO 2025-12-11 16:18:41,434 basehttp 11280 9440 "GET /admin/jsi18n/ HTTP/1.1" 200 3342
INFO 2025-12-11 16:18:43,640 basehttp 11280 9440 "GET /admin/store/product/18/change/ HTTP/1.1" 200 17974
INFO 2025-12-11 16:18:43,682 basehttp 11280 9440 "GET /admin/jsi18n/ HTTP/1.1" 200 3342
INFO 2025-12-11 16:18:47,700 basehttp 11280 9440 "POST /admin/store/product/18/change/ HTTP/1.1" 302 0
INFO 2025-12-11 16:18:47,816 basehttp 11280 9440 "GET /admin/store/product/ HTTP/1.1" 200 23399
INFO 2025-12-11 16:18:47,861 basehttp 11280 9440 "GET /admin/jsi18n/ HTTP/1.1" 200 3342
INFO 2025-12-11 16:18:50,867 basehttp 11280 9440 "GET /?category=furniture HTTP/1.1" 200 16494
INFO 2025-12-11 16:18:50,912 basehttp 11280 9440 "GET /media/products/furniture.7.jpg HTTP/1.1" 304 0
INFO 2025-12-11 16:18:50,917 basehttp 11280 18148 "GET /media/products/furniture.8.jpg HTTP/1.1" 304 0
INFO 2025-12-11 16:18:50,933 basehttp 11280 6184 "GET /media/products/furniture.9.jpg HTTP/1.1" 304 0
INFO 2025-12-11 16:18:50,994 basehttp 11280 17924 "GET /media/products/furniture.10.jpg HTTP/1.1" 200 33349
INFO 2025-12-11 16:21:07,183 basehttp 11280 17924 "GET /?category=furniture HTTP/1.1" 200 16494
INFO 2025-12-11 16:21:07,225 basehttp 11280 17924 "GET /media/products/furniture.1.jpg HTTP/1.1" 304 0
INFO 2025-12-11 16:21:07,226 basehttp 11280 6184 "GET /media/products/furniture.2.jpg HTTP/1.1" 304 0
INFO 2025-12-11 16:21:07,245 basehttp 11280 6184 "GET /media/products/furniture.5.jpg HTTP/1.1" 304 0
INFO 2025-12-11 16:21:07,254 basehttp 11280 17924 "GET /media/products/furniture.3.jpg HTTP/1.1" 304 0
INFO 2025-12-11 16:21:07,262 basehttp 11280 18148 "GET /media/products/furniture.6.jpg HTTP/1.1" 304 0
INFO 2025-12-11 16:21:07,257 basehttp 11280 9440 "GET /media/products/furniture.7.jpg HTTP/1.1" 304 0
INFO 2025-12-11 16:21:07,277 basehttp 11280 6184 "GET /media/products/furniture.10.jpg HTTP/1.1" 304 0
INFO 2025-12-11 16:21:07,281 basehttp 11280 3968 "GET /media/products/furniture.8.jpg HTTP/1.1" 304 0
INFO 2025-12-11 16:21:07,290 basehttp 11280 6372 "GET /media/products/furniture.9.jpg HTTP/1.1" 304 0
INFO 2025-12-11 16:21:15,853 basehttp 11280 6372 "GET /admin/store/product/ HTTP/1.1" 200 23162
INFO 2025-12-11 16:21:15,897 basehttp 11280 6372 "GET /admin/jsi18n/ HTTP/1.1" 200 3342
INFO 2025-12-11 16:21:23,009 basehttp 11280 6372 "GET /?category=furniture HTTP/1.1" 200 16494
INFO 2025-12-11 16:21:23,053 basehttp 11280 6372 "GET /media/products/furniture.10.jpg HTTP/1.1" 304 0
INFO 2025-12-11 16:21:25,013 basehttp 11280 6372 "GET /?category=furniture HTTP/1.1" 200 16494
INFO 2025-12-11 16:21:33,643 basehttp 11280 6372 "GET / HTTP/1.1" 200 25821
INFO 2025-12-11 16:21:38,608 basehttp 11280 6372 "GET /?category=books HTTP/1.1" 200 15062
INFO 2025-12-11 16:21:39,513 basehttp 11280 6372 "GET /?category=furniture HTTP/1.1" 200 16494
INFO 2025-12-11 16:21:39,554 basehttp 11280 3968 "GET /media/products/furniture.10.jpg HTTP/1.1" 304 0
INFO 2025-12-11 16:21:39,557 basehttp 11280 6372 "GET /media/products/furniture.9.jpg HTTP/1.1" 304 0
INFO 2025-12-11 20:01:38,919 basehttp 11280 20644 "GET /admin/store/product/ HTTP/1.1" 200 23162
INFO 2025-12-11 20:01:40,896 basehttp 11280 20644 "GET /admin/store/product/16/change/ HTTP/1.1" 200 19064
INFO 2025-12-11 20:01:44,404 basehttp 11280 20644 "GET /?category=furniture HTTP/1.1" 200 16494
INFO 2025-12-11 20:01:44,462 basehttp 11280 3584 "GET /media/products/furniture.2.jpg HTTP/1.1" 304 0
INFO 2025-12-11 20:01:44,468 basehttp 11280 20644 "GET /media/products/furniture.1.jpg HTTP/1.1" 304 0
INFO 2025-12-11 20:01:44,482 basehttp 11280 1892 "GET /media/products/furniture.3.jpg HTTP/1.1" 304 0
INFO 2025-12-11 20:01:44,483 basehttp 11280 21456 "GET /media/products/furniture.5.jpg HTTP/1.1" 304 0
INFO 2025-12-11 20:01:44,503 basehttp 11280 9592 "GET /media/products/furniture.7.jpg HTTP/1.1" 304 0
INFO 2025-12-11 20:01:44,504 basehttp 11280 20644 "GET /media/products/furniture.8.jpg HTTP/1.1" 304 0
INFO 2025-12-11 20:01:44,505 basehttp 11280 9520 "GET /media/products/furniture.6.jpg HTTP/1.1" 304 0
INFO 2025-12-11 20:01:44,506 basehttp 11280 3584 "GET /media/products/furniture.9.jpg HTTP/1.1" 304 0
INFO 2025-12-11 20:01:44,510 basehttp 11280 1892 "GET /media/products/furniture.10.jpg HTTP/1.1" 304 0
INFO 2025-12-11 20:01:49,191 basehttp 11280 1892 "GET / HTTP/1.1" 200 25821
INFO 2025-12-11 20:02:06,979 basehttp 11280 1892 "GET /staff/products/ HTTP/1.1" 200 8478
INFO 2025-12-11 20:02:09,345 basehttp 11280 1892 "GET /staff/products/add/ HTTP/1.1" 200 1296
INFO 2025-12-11 20:02:12,165 basehttp 11280 1892 "GET /staff/products/ HTTP/1.1" 200 8478
INFO 2025-12-11 20:02:14,374 basehttp 11280 1892 "GET /staff/products/add/ HTTP/1.1" 200 1296
INFO 2025-12-11 20:02:19,043 basehttp 11280 1892 "GET /staff/products/ HTTP/1.1" 200 8478
INFO 2025-12-11 20:02:34,039 basehttp 11280 1892 "GET / HTTP/1.1" 200 25821
INFO 2025-12-11 20:02:55,344 basehttp 11280 1892 "POST /admin/store/product/16/change/ HTTP/1.1" 302 0
INFO 2025-12-11 20:02:55,475 basehttp 11280 1892 "GET /admin/store/product/ HTTP/1.1" 200 23416
INFO 2025-12-11 20:02:55,542 basehttp 11280 1892 "GET /admin/jsi18n/ HTTP/1.1" 200 3342
INFO 2025-12-11 20:02:59,304 basehttp 11280 1892 "GET /admin/store/product/add/ HTTP/1.1" 200 16855
INFO 2025-12-11 20:02:59,346 basehttp 11280 1892 "GET /admin/jsi18n/ HTTP/1.1" 200 3342
INFO 2025-12-11 20:03:03,049 basehttp 11280 1892 "GET /admin/store/category/add/?_to_field=id&_popup=1 HTTP/1.1" 200 5879
INFO 2025-12-11 20:03:03,084 basehttp 11280 1892 "GET /admin/jsi18n/ HTTP/1.1" 200 3342
INFO 2025-12-11 20:03:30,930 basehttp 11280 1892 "POST /admin/store/category/add/?_to_field=id&_popup=1 HTTP/1.1" 200 336
INFO 2025-12-11 20:05:26,463 basehttp 11280 1892 "POST /admin/store/product/add/ HTTP/1.1" 302 0
INFO 2025-12-11 20:05:26,588 basehttp 11280 1892 "GET /admin/store/product/ HTTP/1.1" 200 23925
INFO 2025-12-11 20:05:26,631 basehttp 11280 1892 "GET /admin/jsi18n/ HTTP/1.1" 200 3342
INFO 2025-12-11 20:05:29,471 basehttp 11280 1892 "GET / HTTP/1.1" 200 27099
INFO 2025-12-11 20:05:29,604 basehttp 11280 1892 "GET /media/products/elec.1.jpg HTTP/1.1" 200 11602
INFO 2025-12-11 20:05:34,698 basehttp 11280 1892 "GET /?category=electronic-items HTTP/1.1" 200 6748
INFO 2025-12-11 20:05:34,734 basehttp 11280 1892 "GET /media/products/elec.1.jpg HTTP/1.1" 304 0
INFO 2025-12-11 20:05:36,701 basehttp 11280 1892 "GET / HTTP/1.1" 200 27099
INFO 2025-12-11 20:05:36,738 basehttp 11280 1892 "GET /media/products/elec.1.jpg HTTP/1.1" 304 0
INFO 2025-12-12 16:07:57,930 basehttp 11280 14936 "GET / HTTP/1.1" 200 27099
INFO 2025-12-12 16:07:58,456 basehttp 11280 14936 "GET /media/products/71eTwnmHa3L_J2bvn9j._SY466_.jpg HTTP/1.1" 304 0
INFO 2025-12-12 16:07:58,465 basehttp 11280 672 "GET /media/products/61Y8egjgeyL._SY466_.jpg HTTP/1.1" 304 0
INFO 2025-12-12 16:07:58,484 basehttp 11280 14936 "GET /media/products/41NOgOAkpL._SY445_SX342_ML2_.jpg HTTP/1.1" 304 0
INFO 2025-12-12 16:07:58,485 basehttp 11280 672 "GET /media/products/510L6Sk8hL._SY445_SX342_ML2_.jpg HTTP/1.1" 304 0
INFO 2025-12-12 16:07:58,499 basehttp 11280 17420 "GET /media/products/41ObsCYcV1L._SY445_SX342_ML2_.jpg HTTP/1.1" 304 0
INFO 2025-12-12 16:07:58,513 basehttp 11280 9864 "GET /media/products/81S88P1FQwL._SY466_.jpg HTTP/1.1" 304 0
INFO 2025-12-12 16:07:58,572 basehttp 11280 14936 "GET /media/products/furniture.3.jpg HTTP/1.1" 304 0
INFO 2025-12-12 16:07:58,610 basehttp 11280 19412 "GET /media/products/OIP_1.webp HTTP/1.1" 304 0
INFO 2025-12-12 16:07:58,611 basehttp 11280 672 "GET /media/products/furniture.2.jpg HTTP/1.1" 304 0
INFO 2025-12-12 16:07:58,611 basehttp 11280 12144 "GET /media/products/81YyU0v02gL._SY466_.jpg HTTP/1.1" 304 0
INFO 2025-12-12 16:07:58,615 basehttp 11280 17420 "GET /media/products/furniture.1.jpg HTTP/1.1" 304 0
INFO 2025-12-12 16:07:58,617 basehttp 11280 14936 "GET /media/products/furniture.6.jpg HTTP/1.1" 304 0
INFO 2025-12-12 16:07:58,618 basehttp 11280 9864 "GET /media/products/furniture.5.jpg HTTP/1.1" 304 0
INFO 2025-12-12 16:07:58,640 basehttp 11280 14936 "GET /media/products/elec.1.jpg HTTP/1.1" 304 0
INFO 2025-12-12 16:07:58,641 basehttp 11280 672 "GET /media/products/furniture.8.jpg HTTP/1.1" 304 0
INFO 2025-12-12 16:07:58,641 basehttp 11280 19412 "GET /media/products/furniture.9.jpg HTTP/1.1" 304 0
INFO 2025-12-12 16:07:58,648 basehttp 11280 17420 "GET /media/products/furniture.7.jpg HTTP/1.1" 304 0
INFO 2025-12-12 16:07:58,656 basehttp 11280 9864 "GET /media/products/furniture.10.jpg HTTP/1.1" 304 0
INFO 2025-12-12 16:08:20,353 basehttp 11280 25372 "GET /?category=electronic-items HTTP/1.1" 200 6748
INFO 2025-12-12 16:08:22,906 basehttp 11280 25372 "GET / HTTP/1.1" 200 27099
INFO 2025-12-12 16:08:42,759 basehttp 11280 9864 "GET /product/19/ HTTP/1.1" 200 4986
INFO 2025-12-14 23:02:21,021 autoreload 23052 7064 Watching for file changes with StatReloader
INFO 2025-12-14 23:02:26,241 basehttp 23052 19016 "GET / HTTP/1.1" 200 27099
INFO 2025-12-14 23:02:26,737 basehttp 23052 19016 "GET /media/products/61Y8egjgeyL._SY466_.jpg HTTP/1.1" 304 0
INFO 2025-12-14 23:02:26,743 basehttp 23052 18744 "GET /media/products/71eTwnmHa3L_J2bvn9j._SY466_.jpg HTTP/1.1" 304 0
INFO 2025-12-14 23:02:26,758 basehttp 23052 18744 "GET /media/products/41NOgOAkpL._SY445_SX342_ML2_.jpg HTTP/1.1" 304 0
INFO 2025-12-14 23:02:26,783 basehttp 23052 18744 "GET /media/products/41ObsCYcV1L._SY445_SX342_ML2_.jpg HTTP/1.1" 304 0
INFO 2025-12-14 23:02:26,787 basehttp 23052 19016 "GET /media/products/510L6Sk8hL._SY445_SX342_ML2_.jpg HTTP/1.1" 304 0
INFO 2025-12-14 23:02:26,856 basehttp 23052 18744 "GET /media/products/furniture.1.jpg HTTP/1.1" 304 0
INFO 2025-12-14 23:02:26,877 basehttp 23052 19664 "GET /media/products/81S88P1FQwL._SY466_.jpg HTTP/1.1" 304 0
INFO 2025-12-14 23:02:26,887 basehttp 23052 19016 "GET /media/products/furniture.2.jpg HTTP/1.1" 304 0
INFO 2025-12-14 23:02:26,887 basehttp 23052 22344 "GET /media/products/81YyU0v02gL._SY466_.jpg HTTP/1.1" 304 0
INFO 2025-12-14 23:02:26,888 basehttp 23052 19076 "GET /media/products/OIP_1.webp HTTP/1.1" 304 0
INFO 2025-12-14 23:02:26,892 basehttp 23052 14832 "GET /media/products/furniture.3.jpg HTTP/1.1" 304 0
INFO 2025-12-14 23:02:26,894 basehttp 23052 18744 "GET /media/products/furniture.5.jpg HTTP/1.1" 304 0
INFO 2025-12-14 23:02:26,915 basehttp 23052 19016 "GET /media/products/furniture.6.jpg HTTP/1.1" 304 0
INFO 2025-12-14 23:02:26,955 basehttp 23052 19076 "GET /media/products/furniture.7.jpg HTTP/1.1" 304 0
INFO 2025-12-14 23:02:26,963 basehttp 23052 18744 "GET /media/products/furniture.8.jpg HTTP/1.1" 304 0
INFO 2025-12-14 23:02:26,968 basehttp 23052 14832 "GET /media/products/furniture.10.jpg HTTP/1.1" 304 0
INFO 2025-12-14 23:02:26,978 basehttp 23052 19016 "GET /media/products/furniture.9.jpg HTTP/1.1" 304 0
INFO 2025-12-14 23:02:27,041 basehttp 23052 22344 "GET /media/products/elec.1.jpg HTTP/1.1" 304 0
WARNING 2025-12-14 23:02:27,396 log 23052 22344 Not Found: /favicon.ico
WARNING 2025-12-14 23:02:27,397 basehttp 23052 22344 "GET /favicon.ico HTTP/1.1" 404 6905
INFO 2025-12-14 23:02:34,793 basehttp 23052 7116 "GET /?category=electronic-items HTTP/1.1" 200 6748
INFO 2025-12-14 23:02:36,926 basehttp 23052 7116 "GET /?category=furniture HTTP/1.1" 200 16590
INFO 2025-12-14 23:02:42,419 basehttp 23052 12772 "GET / HTTP/1.1" 200 27099
INFO 2025-12-14 23:02:49,139 basehttp 23052 24856 "GET /admin/ HTTP/1.1" 200 16333
INFO 2025-12-14 23:02:50,201 basehttp 23052 12672 "GET /static/admin/css/dashboard.css HTTP/1.1" 200 441
INFO 2025-12-14 23:02:50,234 basehttp 23052 12336 "GET /static/admin/js/theme.js HTTP/1.1" 200 1653
INFO 2025-12-14 23:02:50,336 basehttp 23052 21252 "GET /static/admin/css/nav_sidebar.css HTTP/1.1" 200 2810
INFO 2025-12-14 23:02:50,352 basehttp 23052 16264 "GET /static/admin/css/dark_mode.css HTTP/1.1" 200 2808
INFO 2025-12-14 23:02:50,363 basehttp 23052 6088 "GET /static/admin/css/responsive.css HTTP/1.1" 200 16565
INFO 2025-12-14 23:02:50,438 basehttp 23052 24856 "GET /static/admin/css/base.css HTTP/1.1" 200 22120
INFO 2025-12-14 23:02:50,545 basehttp 23052 6088 "GET /static/admin/js/nav_sidebar.js HTTP/1.1" 200 3063
INFO 2025-12-14 23:02:50,547 basehttp 23052 16264 "GET /static/admin/img/icon-addlink.svg HTTP/1.1" 200 331
INFO 2025-12-14 23:02:50,554 basehttp 23052 24856 "GET /static/admin/img/icon-changelink.svg HTTP/1.1" 200 380
INFO 2025-12-14 23:02:55,243 basehttp 23052 24856 "GET /admin/store/product/ HTTP/1.1" 200 23701
INFO 2025-12-14 23:02:55,404 basehttp 23052 6088 "GET /static/admin/js/jquery.init.js HTTP/1.1" 200 347
INFO 2025-12-14 23:02:55,441 basehttp 23052 12336 "GET /static/admin/css/changelists.css HTTP/1.1" 200 6878
INFO 2025-12-14 23:02:55,454 basehttp 23052 16264 "GET /static/admin/js/urlify.js HTTP/1.1" 200 7887
INFO 2025-12-14 23:02:55,514 basehttp 23052 12672 "GET /static/admin/js/admin/RelatedObjectLookups.js HTTP/1.1" 200 9777
INFO 2025-12-14 23:02:55,571 basehttp 23052 24856 "GET /admin/jsi18n/ HTTP/1.1" 200 3342
INFO 2025-12-14 23:02:55,602 basehttp 23052 21252 "GET /static/admin/js/actions.js HTTP/1.1" 200 8076
INFO 2025-12-14 23:02:55,629 basehttp 23052 6088 "GET /static/admin/js/prepopulate.js HTTP/1.1" 200 1531
INFO 2025-12-14 23:02:55,668 basehttp 23052 24856 "GET /static/admin/img/search.svg HTTP/1.1" 200 458
INFO 2025-12-14 23:02:55,725 basehttp 23052 12672 "GET /static/admin/js/core.js HTTP/1.1" 200 6208
INFO 2025-12-14 23:02:55,858 basehttp 23052 16264 "GET /static/admin/js/vendor/jquery/jquery.js HTTP/1.1" 200 285314
INFO 2025-12-14 23:02:55,960 basehttp 23052 16264 "GET /static/admin/js/filters.js HTTP/1.1" 200 978
INFO 2025-12-14 23:02:56,002 basehttp 23052 12336 "GET /static/admin/js/vendor/xregexp/xregexp.js HTTP/1.1" 200 325171
INFO 2025-12-14 23:02:56,120 basehttp 23052 12336 "GET /static/admin/img/tooltag-add.svg HTTP/1.1" 200 331
INFO 2025-12-14 23:02:56,129 basehttp 23052 16264 "GET /static/admin/img/icon-viewlink.svg HTTP/1.1" 200 581
INFO 2025-12-14 23:03:02,039 basehttp 23052 17984 "GET /admin/store/category/ HTTP/1.1" 200 14888
INFO 2025-12-14 23:03:02,091 basehttp 23052 17984 "GET /admin/jsi18n/ HTTP/1.1" 200 3342
INFO 2025-12-14 23:03:07,623 basehttp 23052 17984 "GET /admin/store/orderitem/ HTTP/1.1" 200 12491
INFO 2025-12-14 23:03:07,679 basehttp 23052 17984 "GET /admin/jsi18n/ HTTP/1.1" 200 3342
INFO 2025-12-14 23:03:09,443 basehttp 23052 23100 "GET /admin/store/product/ HTTP/1.1" 200 23701
INFO 2025-12-14 23:03:09,485 basehttp 23052 23100 "GET /admin/jsi18n/ HTTP/1.1" 200 3342
INFO 2025-12-14 23:03:14,119 basehttp 23052 23100 "GET /admin/store/product/add/ HTTP/1.1" 200 16902
INFO 2025-12-14 23:03:14,172 basehttp 23052 6892 "GET /admin/jsi18n/ HTTP/1.1" 200 3342
INFO 2025-12-14 23:03:14,216 basehttp 23052 23100 "GET /static/admin/css/forms.css HTTP/1.1" 200 8525
INFO 2025-12-14 23:03:14,254 basehttp 23052 836 "GET /static/admin/js/prepopulate_init.js HTTP/1.1" 200 586
INFO 2025-12-14 23:03:14,280 basehttp 23052 6892 "GET /static/admin/css/widgets.css HTTP/1.1" 200 11973
INFO 2025-12-14 23:03:14,288 basehttp 23052 23100 "GET /static/admin/img/icon-deletelink.svg HTTP/1.1" 200 392
INFO 2025-12-14 23:03:14,403 basehttp 23052 6892 "GET /static/admin/js/change_form.js HTTP/1.1" 200 606
INFO 2025-12-14 23:05:30,777 basehttp 23052 18776 "POST /admin/store/product/add/ HTTP/1.1" 302 0
INFO 2025-12-14 23:05:30,952 basehttp 23052 18776 "GET /admin/store/product/ HTTP/1.1" 200 24377
INFO 2025-12-14 23:05:31,016 basehttp 23052 18776 "GET /admin/jsi18n/ HTTP/1.1" 200 3342
INFO 2025-12-14 23:05:31,117 basehttp 23052 18776 "GET /static/admin/img/icon-yes.svg HTTP/1.1" 200 436
INFO 2025-12-14 23:05:33,290 basehttp 23052 18776 "GET /admin/store/product/ HTTP/1.1" 200 24157
INFO 2025-12-14 23:05:33,450 basehttp 23052 18776 "GET /admin/jsi18n/ HTTP/1.1" 200 3342
INFO 2025-12-14 23:05:37,331 basehttp 23052 18776 "GET / HTTP/1.1" 200 28263
INFO 2025-12-14 23:05:37,449 basehttp 23052 18776 "GET /media/products/elec.2.jpg HTTP/1.1" 200 24225
INFO 2025-12-14 23:05:44,616 basehttp 23052 16864 "GET /?category=electronic-items HTTP/1.1" 200 7938
INFO 2025-12-14 23:05:44,670 basehttp 23052 16864 "GET /media/products/elec.2.jpg HTTP/1.1" 304 0
INFO 2025-12-14 23:06:06,652 basehttp 23052 1228 "GET /admin/store/product/add/ HTTP/1.1" 200 16902
INFO 2025-12-14 23:06:07,004 basehttp 23052 1228 "GET /admin/jsi18n/ HTTP/1.1" 200 3342
INFO 2025-12-14 23:07:27,470 basehttp 23052 24044 "POST /admin/store/product/add/ HTTP/1.1" 302 0
INFO 2025-12-14 23:07:27,692 basehttp 23052 24044 "GET /admin/store/product/ HTTP/1.1" 200 24852
INFO 2025-12-14 23:07:27,757 basehttp 23052 24044 "GET /admin/jsi18n/ HTTP/1.1" 200 3342
INFO 2025-12-14 23:07:31,422 basehttp 23052 2532 "GET /?category=electronic-items HTTP/1.1" 200 9146
INFO 2025-12-14 23:07:31,460 basehttp 23052 3872 "GET /media/products/elec.2.jpg HTTP/1.1" 304 0
INFO 2025-12-14 23:07:31,531 basehttp 23052 2532 "GET /media/products/elec.3.jpg HTTP/1.1" 200 26312
INFO 2025-12-14 23:07:35,784 basehttp 23052 2532 "GET /admin/store/product/add/ HTTP/1.1" 200 16902
INFO 2025-12-14 23:07:35,836 basehttp 23052 2532 "GET /admin/jsi18n/ HTTP/1.1" 200 3342
INFO 2025-12-14 23:08:32,630 basehttp 23052 12792 "POST /admin/store/product/add/ HTTP/1.1" 200 17599
INFO 2025-12-14 23:08:32,720 basehttp 23052 12792 "GET /admin/jsi18n/ HTTP/1.1" 200 3342
INFO 2025-12-14 23:08:43,681 basehttp 23052 15840 "POST /admin/store/product/add/ HTTP/1.1" 302 0
INFO 2025-12-14 23:08:43,862 basehttp 23052 15840 "GET /admin/store/product/ HTTP/1.1" 200 25336
INFO 2025-12-14 23:08:43,923 basehttp 23052 15840 "GET /admin/jsi18n/ HTTP/1.1" 200 3342
INFO 2025-12-14 23:08:48,547 basehttp 23052 25044 "GET /?category=electronic-items HTTP/1.1" 200 10229
INFO 2025-12-14 23:08:48,599 basehttp 23052 25044 "GET /media/products/elec.2.jpg HTTP/1.1" 304 0
INFO 2025-12-14 23:08:48,607 basehttp 23052 10672 "GET /media/products/elec.3.jpg HTTP/1.1" 304 0
INFO 2025-12-14 23:08:57,889 basehttp 23052 10672 "GET /admin/store/product/22/change/ HTTP/1.1" 200 17689
INFO 2025-12-14 23:08:57,945 basehttp 23052 10672 "GET /admin/jsi18n/ HTTP/1.1" 200 3342
INFO 2025-12-14 23:09:13,474 basehttp 23052 22376 "POST /admin/store/product/22/change/ HTTP/1.1" 302 0
INFO 2025-12-14 23:09:13,658 basehttp 23052 22376 "GET /admin/store/product/ HTTP/1.1" 200 25338
INFO 2025-12-14 23:09:13,713 basehttp 23052 22376 "GET /admin/jsi18n/ HTTP/1.1" 200 3342
INFO 2025-12-14 23:09:17,473 basehttp 23052 22376 "GET /?category=electronic-items HTTP/1.1" 200 10365
INFO 2025-12-14 23:09:17,519 basehttp 23052 22376 "GET /media/products/elec.2.jpg HTTP/1.1" 304 0
INFO 2025-12-14 23:09:17,523 basehttp 23052 20864 "GET /media/products/elec.3.jpg HTTP/1.1" 304 0
INFO 2025-12-14 23:09:17,609 basehttp 23052 15084 "GET /media/products/elec.4.jpg HTTP/1.1" 200 21960
INFO 2025-12-14 23:10:42,049 basehttp 23052 19540 "GET /admin/store/product/add/ HTTP/1.1" 200 16902
INFO 2025-12-14 23:10:42,101 basehttp 23052 19540 "GET /admin/jsi18n/ HTTP/1.1" 200 3342
INFO 2025-12-14 23:11:39,563 basehttp 23052 19136 "POST /admin/store/product/add/ HTTP/1.1" 302 0
INFO 2025-12-14 23:11:39,736 basehttp 23052 19136 "GET /admin/store/product/ HTTP/1.1" 200 25824
INFO 2025-12-14 23:11:39,797 basehttp 23052 19136 "GET /admin/jsi18n/ HTTP/1.1" 200 3342
INFO 2025-12-14 23:11:42,711 basehttp 23052 19136 "GET /?category=electronic-items HTTP/1.1" 200 11592
INFO 2025-12-14 23:11:42,744 basehttp 23052 19136 "GET /media/products/elec.2.jpg HTTP/1.1" 304 0
INFO 2025-12-14 23:11:42,748 basehttp 23052 5720 "GET /media/products/elec.3.jpg HTTP/1.1" 304 0
INFO 2025-12-14 23:11:42,772 basehttp 23052 4064 "GET /media/products/elec.4.jpg HTTP/1.1" 304 0
INFO 2025-12-14 23:11:42,844 basehttp 23052 18316 "GET /media/products/elec.5.jpg HTTP/1.1" 200 16559
INFO 2025-12-14 23:14:19,107 basehttp 23052 14808 "GET /admin/store/product/add/ HTTP/1.1" 200 16902
INFO 2025-12-14 23:14:19,153 basehttp 23052 14808 "GET /admin/jsi18n/ HTTP/1.1" 200 3342
INFO 2025-12-14 23:15:08,237 basehttp 23052 17460 "POST /admin/store/product/add/ HTTP/1.1" 302 0
INFO 2025-12-14 23:15:08,417 basehttp 23052 17460 "GET /admin/store/product/ HTTP/1.1" 200 26324
INFO 2025-12-14 23:15:08,474 basehttp 23052 17460 "GET /admin/jsi18n/ HTTP/1.1" 200 3342
INFO 2025-12-14 23:15:10,357 basehttp 23052 17460 "GET /admin/store/product/24/change/ HTTP/1.1" 200 19995
INFO 2025-12-14 23:15:10,403 basehttp 23052 17460 "GET /admin/jsi18n/ HTTP/1.1" 200 3342
INFO 2025-12-14 23:15:14,350 basehttp 23052 17460 "POST /admin/store/product/24/change/ HTTP/1.1" 302 0
INFO 2025-12-14 23:15:14,530 basehttp 23052 17460 "GET /admin/store/product/ HTTP/1.1" 200 26341
INFO 2025-12-14 23:15:14,569 basehttp 23052 17460 "GET /admin/jsi18n/ HTTP/1.1" 200 3342
INFO 2025-12-14 23:15:17,150 basehttp 23052 17460 "GET /?category=electronic-items HTTP/1.1" 200 12864
INFO 2025-12-14 23:15:17,197 basehttp 23052 17460 "GET /media/products/elec.2.jpg HTTP/1.1" 304 0
INFO 2025-12-14 23:15:17,198 basehttp 23052 11048 "GET /media/products/elec.3.jpg HTTP/1.1" 304 0
INFO 2025-12-14 23:15:17,243 basehttp 23052 18228 "GET /media/products/elec.4.jpg HTTP/1.1" 304 0
INFO 2025-12-14 23:15:17,252 basehttp 23052 11048 "GET /media/products/elec.5.jpg HTTP/1.1" 304 0
INFO 2025-12-14 23:15:17,336 basehttp 23052 24176 "GET /media/products/elec.6.jpg HTTP/1.1" 200 6030
INFO 2025-12-14 23:16:01,885 basehttp 23052 4804 "GET /admin/store/product/add/ HTTP/1.1" 200 16902
INFO 2025-12-14 23:16:01,944 basehttp 23052 4804 "GET /admin/jsi18n/ HTTP/1.1" 200 3342
INFO 2025-12-14 23:16:34,665 basehttp 23052 4804 "POST /admin/store/product/add/ HTTP/1.1" 302 0
INFO 2025-12-14 23:16:34,851 basehttp 23052 4804 "GET /admin/store/product/ HTTP/1.1" 200 26748
INFO 2025-12-14 23:16:34,906 basehttp 23052 4804 "GET /admin/jsi18n/ HTTP/1.1" 200 3342
INFO 2025-12-14 23:16:37,160 basehttp 23052 4804 "GET /admin/store/product/25/change/ HTTP/1.1" 200 20186
INFO 2025-12-14 23:16:37,214 basehttp 23052 4804 "GET /admin/jsi18n/ HTTP/1.1" 200 3342
INFO 2025-12-14 23:16:41,553 basehttp 23052 4804 "POST /admin/store/product/25/change/ HTTP/1.1" 302 0
INFO 2025-12-14 23:16:41,714 basehttp 23052 4804 "GET /admin/store/product/ HTTP/1.1" 200 26765
INFO 2025-12-14 23:16:41,768 basehttp 23052 4804 "GET /admin/jsi18n/ HTTP/1.1" 200 3342
INFO 2025-12-14 23:16:43,979 basehttp 23052 4804 "GET /?category=electronic-items HTTP/1.1" 200 14069
INFO 2025-12-14 23:16:44,028 basehttp 23052 4804 "GET /media/products/elec.2.jpg HTTP/1.1" 304 0
INFO 2025-12-14 23:16:44,033 basehttp 23052 8468 "GET /media/products/elec.3.jpg HTTP/1.1" 304 0
INFO 2025-12-14 23:16:44,066 basehttp 23052 4804 "GET /media/products/elec.5.jpg HTTP/1.1" 304 0
INFO 2025-12-14 23:16:44,123 basehttp 23052 16228 "GET /media/products/elec.4.jpg HTTP/1.1" 304 0
INFO 2025-12-14 23:16:44,126 basehttp 23052 5740 "GET /media/products/elec.6.jpg HTTP/1.1" 304 0
INFO 2025-12-14 23:16:44,193 basehttp 23052 23232 "GET /media/products/elec.7.jpg HTTP/1.1" 200 11030
INFO 2025-12-14 23:16:49,241 basehttp 23052 23232 "GET / HTTP/1.1" 200 34264
INFO 2025-12-14 23:16:49,343 basehttp 23052 23232 "GET /media/products/elec.7.jpg HTTP/1.1" 304 0
INFO 2025-12-14 23:16:53,640 basehttp 23052 23232 "GET /?category=electronic-items HTTP/1.1" 200 14069
INFO 2025-12-14 23:16:53,689 basehttp 23052 5740 "GET /media/products/elec.7.jpg HTTP/1.1" 304 0
INFO 2025-12-14 23:16:53,694 basehttp 23052 23232 "GET /media/products/elec.6.jpg HTTP/1.1" 304 0
INFO 2025-12-14 23:17:23,800 basehttp 23052 25428 "GET /admin/store/product/add/ HTTP/1.1" 200 16902
INFO 2025-12-14 23:17:23,862 basehttp 23052 25428 "GET /admin/jsi18n/ HTTP/1.1" 200 3342
INFO 2025-12-14 23:18:28,341 basehttp 23052 9560 "POST /admin/store/product/add/ HTTP/1.1" 302 0
INFO 2025-12-14 23:18:28,514 basehttp 23052 9560 "GET /admin/store/product/ HTTP/1.1" 200 27229
INFO 2025-12-14 23:18:28,563 basehttp 23052 9560 "GET /admin/jsi18n/ HTTP/1.1" 200 3342
INFO 2025-12-14 23:18:32,176 basehttp 23052 9560 "GET /?category=electronic-items HTTP/1.1" 200 15263
INFO 2025-12-14 23:18:32,233 basehttp 23052 23032 "GET /media/products/elec.3.jpg HTTP/1.1" 304 0
INFO 2025-12-14 23:18:32,234 basehttp 23052 9560 "GET /media/products/elec.2.jpg HTTP/1.1" 304 0
INFO 2025-12-14 23:18:32,308 basehttp 23052 11800 "GET /media/products/elec.4.jpg HTTP/1.1" 304 0
INFO 2025-12-14 23:18:32,331 basehttp 23052 8532 "GET /media/products/elec.5.jpg HTTP/1.1" 304 0
INFO 2025-12-14 23:18:32,345 basehttp 23052 18680 "GET /media/products/elec.6.jpg HTTP/1.1" 304 0
INFO 2025-12-14 23:18:32,351 basehttp 23052 22336 "GET /media/products/elec.7.jpg HTTP/1.1" 304 0
INFO 2025-12-14 23:18:32,420 basehttp 23052 9560 "GET /media/products/elec.8.jpg HTTP/1.1" 200 42748
INFO 2025-12-14 23:20:03,639 basehttp 23052 2024 "GET /admin/store/product/add/ HTTP/1.1" 200 16902
INFO 2025-12-14 23:20:03,683 basehttp 23052 2024 "GET /admin/jsi18n/ HTTP/1.1" 200 3342
INFO 2025-12-14 23:20:56,412 basehttp 23052 2024 "POST /admin/store/product/add/ HTTP/1.1" 302 0
INFO 2025-12-14 23:20:56,556 basehttp 23052 2024 "GET /admin/store/product/ HTTP/1.1" 200 27723
INFO 2025-12-14 23:20:56,601 basehttp 23052 2024 "GET /admin/jsi18n/ HTTP/1.1" 200 3342
INFO 2025-12-14 23:21:00,663 basehttp 23052 2024 "GET /?category=electronic-items HTTP/1.1" 200 16497
INFO 2025-12-14 23:21:00,706 basehttp 23052 2024 "GET /media/products/elec.2.jpg HTTP/1.1" 304 0
INFO 2025-12-14 23:21:00,708 basehttp 23052 17384 "GET /media/products/elec.3.jpg HTTP/1.1" 304 0
INFO 2025-12-14 23:21:00,763 basehttp 23052 9728 "GET /media/products/elec.5.jpg HTTP/1.1" 304 0
INFO 2025-12-14 23:21:00,763 basehttp 23052 2024 "GET /media/products/elec.8.jpg HTTP/1.1" 304 0
INFO 2025-12-14 23:21:00,771 basehttp 23052 19652 "GET /media/products/elec.4.jpg HTTP/1.1" 304 0
INFO 2025-12-14 23:21:00,788 basehttp 23052 15044 "GET /media/products/elec.6.jpg HTTP/1.1" 304 0
INFO 2025-12-14 23:21:00,799 basehttp 23052 18660 "GET /media/products/elec.7.jpg HTTP/1.1" 304 0
INFO 2025-12-14 23:21:00,843 basehttp 23052 17384 "GET /media/products/elec.9.jpg HTTP/1.1" 200 10197
INFO 2025-12-14 23:21:04,815 basehttp 23052 17384 "GET / HTTP/1.1" 200 36640
INFO 2025-12-14 23:21:04,856 basehttp 23052 17384 "GET /media/products/elec.9.jpg HTTP/1.1" 304 0
INFO 2025-12-14 23:21:11,734 basehttp 23052 17384 "GET /?q=sam HTTP/1.1" 200 7939
INFO 2025-12-14 23:21:11,786 basehttp 23052 17384 "GET /media/products/elec.9.jpg HTTP/1.1" 304 0
INFO 2025-12-14 23:21:16,188 basehttp 23052 17384 "GET /?q=samsung HTTP/1.1" 200 6765
INFO 2025-12-14 23:21:16,226 basehttp 23052 17384 "GET /media/products/elec.9.jpg HTTP/1.1" 304 0
INFO 2025-12-14 23:21:20,992 basehttp 23052 17384 "GET /?q= HTTP/1.1" 200 36718
INFO 2025-12-14 23:21:21,031 basehttp 23052 17384 "GET /media/products/elec.8.jpg HTTP/1.1" 304 0
INFO 2025-12-14 23:21:21,031 basehttp 23052 18660 "GET /media/products/elec.9.jpg HTTP/1.1" 304 0
INFO 2025-12-14 23:21:32,466 basehttp 23052 18660 "GET /?q=%27+OR+%271%27%3D%271 HTTP/1.1" 200 5638
INFO 2025-12-14 23:23:36,032 basehttp 23052 3364 "GET /admin/store/product/add/ HTTP/1.1" 200 16902
INFO 2025-12-14 23:23:36,090 basehttp 23052 3364 "GET /admin/jsi18n/ HTTP/1.1" 200 3342
INFO 2025-12-14 23:23:41,468 basehttp 23052 6444 "POST /admin/store/product/add/ HTTP/1.1" 200 17316
INFO 2025-12-14 23:23:41,523 basehttp 23052 6444 "GET /admin/jsi18n/ HTTP/1.1" 200 3342
INFO 2025-12-14 23:23:55,505 basehttp 23052 15264 "POST /admin/store/product/add/ HTTP/1.1" 200 17188
INFO 2025-12-14 23:23:55,552 basehttp 23052 15264 "GET /admin/jsi18n/ HTTP/1.1" 200 3342
INFO 2025-12-14 23:24:09,176 basehttp 23052 19560 "POST /admin/store/product/add/ HTTP/1.1" 302 0
INFO 2025-12-14 23:24:09,351 basehttp 23052 19560 "GET /admin/store/product/ HTTP/1.1" 200 28074
INFO 2025-12-14 23:24:09,403 basehttp 23052 19560 "GET /admin/jsi18n/ HTTP/1.1" 200 3342
INFO 2025-12-14 23:24:14,843 basehttp 23052 22108 "GET /?q=%3Cscript%3Ealert%28%27XSS%27%29%3C%2Fscript%3E HTTP/1.1" 200 6654
INFO 2025-12-14 23:24:35,918 basehttp 23052 7768 "GET /admin/store/product/ HTTP/1.1" 200 27879
INFO 2025-12-14 23:24:35,970 basehttp 23052 7768 "GET /admin/jsi18n/ HTTP/1.1" 200 3342
INFO 2025-12-14 23:24:43,492 basehttp 23052 16132 "POST /admin/store/product/ HTTP/1.1" 200 12220
INFO 2025-12-14 23:24:43,806 basehttp 23052 16132 "GET /static/admin/js/cancel.js HTTP/1.1" 200 884
INFO 2025-12-14 23:24:45,792 basehttp 23052 16132 "POST /admin/store/product/ HTTP/1.1" 302 0
INFO 2025-12-14 23:24:45,930 basehttp 23052 16132 "GET /admin/store/product/ HTTP/1.1" 200 27627
INFO 2025-12-14 23:24:45,977 basehttp 23052 16132 "GET /admin/jsi18n/ HTTP/1.1" 200 3342
INFO 2025-12-14 23:24:54,501 basehttp 23052 12524 "GET /?q=%3Cscript%3Ealert%28%27XSS%27%29%3C%2Fscript%3E HTTP/1.1" 200 5658
INFO 2025-12-14 23:25:13,203 basehttp 23052 6624 "GET /staff/products/ HTTP/1.1" 200 12571
INFO 2025-12-14 23:25:15,634 basehttp 23052 6624 "GET /staff/products/add/ HTTP/1.1" 200 1296
INFO 2025-12-14 23:25:38,923 basehttp 23052 16712 "POST /staff/products/add/ HTTP/1.1" 200 1968
INFO 2025-12-14 23:25:46,151 basehttp 23052 9680 "POST /staff/products/add/ HTTP/1.1" 200 1797
INFO 2025-12-14 23:25:52,204 basehttp 23052 19892 "POST /staff/products/add/ HTTP/1.1" 200 1797
INFO 2025-12-14 23:25:56,518 basehttp 23052 19892 "GET /admin/store/product/ HTTP/1.1" 200 27490
INFO 2025-12-14 23:25:59,814 basehttp 23052 19892 "GET / HTTP/1.1" 200 36640
INFO 2025-12-14 23:25:59,915 basehttp 23052 19892 "GET /media/products/elec.2.jpg HTTP/1.1" 304 0
INFO 2025-12-14 23:25:59,938 basehttp 23052 19892 "GET /media/products/elec.4.jpg HTTP/1.1" 304 0
INFO 2025-12-14 23:25:59,943 basehttp 23052 15236 "GET /media/products/elec.3.jpg HTTP/1.1" 304 0
INFO 2025-12-14 23:25:59,951 basehttp 23052 10504 "GET /media/products/elec.5.jpg HTTP/1.1" 304 0
INFO 2025-12-14 23:25:59,962 basehttp 23052 10136 "GET /media/products/elec.6.jpg HTTP/1.1" 304 0
INFO 2025-12-14 23:25:59,964 basehttp 23052 19892 "GET /media/products/elec.8.jpg HTTP/1.1" 304 0
INFO 2025-12-14 23:25:59,966 basehttp 23052 15236 "GET /media/products/elec.9.jpg HTTP/1.1" 304 0
INFO 2025-12-14 23:25:59,968 basehttp 23052 23208 "GET /media/products/elec.7.jpg HTTP/1.1" 304 0
INFO 2025-12-14 23:26:04,150 basehttp 23052 412 "GET /?q=%3Cscript%3Ealert%28%27XSS%27%29%3B%3C%2Fscript%3E HTTP/1.1" 200 5659
INFO 2025-12-14 23:32:54,213 basehttp 23052 15292 "GET /?q=%27+OR+%271%27%3D%271 HTTP/1.1" 200 5638
INFO 2025-12-14 23:33:06,317 basehttp 23052 24544 "GET / HTTP/1.1" 200 36640
INFO 2025-12-14 23:33:06,380 basehttp 23052 16572 "GET /media/products/elec.3.jpg HTTP/1.1" 304 0
INFO 2025-12-14 23:33:06,381 basehttp 23052 24544 "GET /media/products/elec.2.jpg HTTP/1.1" 304 0
INFO 2025-12-14 23:33:06,422 basehttp 23052 16572 "GET /media/products/elec.4.jpg HTTP/1.1" 304 0
INFO 2025-12-14 23:33:06,430 basehttp 23052 24544 "GET /media/products/elec.5.jpg HTTP/1.1" 304 0
INFO 2025-12-14 23:33:06,429 basehttp 23052 13212 "GET /media/products/elec.6.jpg HTTP/1.1" 304 0
INFO 2025-12-14 23:33:06,447 basehttp 23052 2780 "GET /media/products/elec.7.jpg HTTP/1.1" 304 0
INFO 2025-12-14 23:33:06,451 basehttp 23052 2752 "GET /media/products/elec.8.jpg HTTP/1.1" 304 0
INFO 2025-12-14 23:33:06,451 basehttp 23052 7068 "GET /media/products/elec.9.jpg HTTP/1.1" 304 0
INFO 2025-12-14 23:33:11,402 basehttp 23052 7068 "GET /?q=%27+OR+%271%27%3D%271 HTTP/1.1" 200 5638
INFO 2025-12-14 23:34:01,657 basehttp 23052 13608 "GET /staff/products/add/ HTTP/1.1" 200 1296
INFO 2025-12-14 23:34:22,974 basehttp 23052 23080 "POST /staff/products/add/ HTTP/1.1" 200 1970
INFO 2025-12-14 23:34:31,557 basehttp 23052 23080 "POST /staff/products/add/ HTTP/1.1" 200 1798
INFO 2025-12-14 23:34:34,387 basehttp 23052 10140 "POST /staff/products/add/ HTTP/1.1" 200 1798
INFO 2025-12-14 23:36:05,808 basehttp 23052 13652 "GET /?q=%27+OR+%271%27%3D%271 HTTP/1.1" 200 5638
INFO 2025-12-14 23:36:07,732 basehttp 23052 13652 "GET /?q=%27+OR+%271%27%3D%271 HTTP/1.1" 200 5638
INFO 2025-12-14 23:38:45,612 autoreload 23052 7064 C:\Users\USER\Desktop\myshop_app\store\forms.py changed, reloading.
INFO 2025-12-14 23:38:51,330 autoreload 4044 2388 Watching for file changes with StatReloader
INFO 2025-12-14 23:39:20,177 autoreload 4044 2388 C:\Users\USER\Desktop\myshop_app\store\views.py changed, reloading.
INFO 2025-12-14 23:39:24,057 autoreload 6080 8792 Watching for file changes with StatReloader
INFO 2025-12-14 23:39:29,958 basehttp 6080 3128 "GET / HTTP/1.1" 200 36640
INFO 2025-12-14 23:39:30,533 basehttp 6080 19308 "GET /media/products/elec.3.jpg HTTP/1.1" 304 0
INFO 2025-12-14 23:39:30,534 basehttp 6080 3128 "GET /media/products/elec.2.jpg HTTP/1.1" 304 0
INFO 2025-12-14 23:39:30,563 basehttp 6080 19308 "GET /media/products/elec.8.jpg HTTP/1.1" 304 0
INFO 2025-12-14 23:39:30,567 basehttp 6080 21372 "GET /media/products/elec.4.jpg HTTP/1.1" 304 0
INFO 2025-12-14 23:39:30,585 basehttp 6080 3128 "GET /media/products/elec.7.jpg HTTP/1.1" 304 0
INFO 2025-12-14 23:39:30,621 basehttp 6080 16848 "GET /media/products/elec.5.jpg HTTP/1.1" 304 0
INFO 2025-12-14 23:39:30,625 basehttp 6080 14660 "GET /media/products/elec.6.jpg HTTP/1.1" 304 0
INFO 2025-12-14 23:39:30,639 basehttp 6080 7548 "GET /media/products/elec.9.jpg HTTP/1.1" 304 0
INFO 2025-12-14 23:39:35,474 basehttp 6080 9796 "GET /?q=%27+OR+%271%27%3D%271 HTTP/1.1" 200 37768
INFO 2025-12-14 23:39:37,590 basehttp 6080 9796 "GET /?q=%27+OR+%271%27%3D%271 HTTP/1.1" 200 37768
INFO 2025-12-14 23:41:02,741 basehttp 6080 20400 "POST /staff/products/add/ HTTP/1.1" 200 1620
INFO 2025-12-14 23:41:20,877 basehttp 6080 20808 "GET /staff/products/ HTTP/1.1" 200 12571
INFO 2025-12-14 23:41:30,435 basehttp 6080 23424 "GET /staff/products/ HTTP/1.1" 200 12571
ERROR 2025-12-14 23:41:37,614 log 6080 23424 Internal Server Error: /
Traceback (most recent call last):
  File "C:\Users\USER\Desktop\myshop_app\venv\Lib\site-packages\django\db\backends\utils.py", line 103, in _execute
    return self.cursor.execute(sql)
           ~~~~~~~~~~~~~~~~~~~^^^^^
  File "C:\Users\USER\Desktop\myshop_app\venv\Lib\site-packages\django\db\backends\sqlite3\base.py", line 356, in execute
    return super().execute(query)
           ~~~~~~~~~~~~~~~^^^^^^^
sqlite3.OperationalError: near "XSS": syntax error

The above exception was the direct cause of the following exception:

Traceback (most recent call last):
  File "C:\Users\USER\Desktop\myshop_app\venv\Lib\site-packages\django\core\handlers\exception.py", line 55, in inner
    response = get_response(request)
  File "C:\Users\USER\Desktop\myshop_app\venv\Lib\site-packages\django\core\handlers\base.py", line 197, in _get_response
    response = wrapped_callback(request, *callback_args, **callback_kwargs)
  File "C:\Users\USER\Desktop\myshop_app\store\views.py", line 265, in home
    cursor.execute(sql)
    ~~~~~~~~~~~~~~^^^^^
  File "C:\Users\USER\Desktop\myshop_app\venv\Lib\site-packages\django\db\backends\utils.py", line 122, in execute
    return super().execute(sql, params)
           ~~~~~~~~~~~~~~~^^^^^^^^^^^^^
  File "C:\Users\USER\Desktop\myshop_app\venv\Lib\site-packages\django\db\backends\utils.py", line 79, in execute
    return self._execute_with_wrappers(
           ~~~~~~~~~~~~~~~~~~~~~~~~~~~^
        sql, params, many=False, executor=self._execute
        ^^^^^^^^^^^^^^^^^^^^^^^^^^^^^^^^^^^^^^^^^^^^^^^
    )
    ^
  File "C:\Users\USER\Desktop\myshop_app\venv\Lib\site-packages\django\db\backends\utils.py", line 92, in _execute_with_wrappers
    return executor(sql, params, many, context)
  File "C:\Users\USER\Desktop\myshop_app\venv\Lib\site-packages\django\db\backends\utils.py", line 100, in _execute
    with self.db.wrap_database_errors:
         ^^^^^^^^^^^^^^^^^^^^^^^^^^^^
  File "C:\Users\USER\Desktop\myshop_app\venv\Lib\site-packages\django\db\utils.py", line 91, in __exit__
    raise dj_exc_value.with_traceback(traceback) from exc_value
  File "C:\Users\USER\Desktop\myshop_app\venv\Lib\site-packages\django\db\backends\utils.py", line 103, in _execute
    return self.cursor.execute(sql)
           ~~~~~~~~~~~~~~~~~~~^^^^^
  File "C:\Users\USER\Desktop\myshop_app\venv\Lib\site-packages\django\db\backends\sqlite3\base.py", line 356, in execute
    return super().execute(query)
           ~~~~~~~~~~~~~~~^^^^^^^
django.db.utils.OperationalError: near "XSS": syntax error
ERROR 2025-12-14 23:41:37,627 basehttp 6080 23424 "GET /?q=%3Cscript%3Ealert%28%27XSS%27%29%3C%2Fscript%3E. HTTP/1.1" 500 115126
INFO 2025-12-14 23:42:19,930 autoreload 11076 24848 Watching for file changes with StatReloader
INFO 2025-12-14 23:42:26,910 basehttp 11076 5528 "GET / HTTP/1.1" 200 36640
INFO 2025-12-14 23:42:27,678 basehttp 11076 5528 "GET /media/products/elec.5.jpg HTTP/1.1" 304 0
INFO 2025-12-14 23:42:27,680 basehttp 11076 14344 "GET /media/products/elec.6.jpg HTTP/1.1" 304 0
INFO 2025-12-14 23:42:27,704 basehttp 11076 15168 "GET /media/products/elec.7.jpg HTTP/1.1" 304 0
INFO 2025-12-14 23:42:27,712 basehttp 11076 2964 "GET /media/products/elec.8.jpg HTTP/1.1" 304 0
INFO 2025-12-14 23:42:27,714 basehttp 11076 19240 "GET /media/products/elec.9.jpg HTTP/1.1" 304 0
INFO 2025-12-14 23:42:36,334 basehttp 11076 18560 "GET /admin/ HTTP/1.1" 200 16104
INFO 2025-12-14 23:42:39,575 basehttp 11076 18124 "GET /admin/store/product/ HTTP/1.1" 200 27490
INFO 2025-12-14 23:42:39,703 basehttp 11076 18124 "GET /admin/jsi18n/ HTTP/1.1" 200 3342
INFO 2025-12-14 23:42:41,984 basehttp 11076 18124 "GET /admin/store/product/add/ HTTP/1.1" 200 16902
INFO 2025-12-14 23:42:42,054 basehttp 11076 18124 "GET /admin/jsi18n/ HTTP/1.1" 200 3342
INFO 2025-12-14 23:42:56,958 basehttp 11076 13820 "POST /admin/store/product/add/ HTTP/1.1" 200 17316
INFO 2025-12-14 23:42:57,010 basehttp 11076 13820 "GET /admin/jsi18n/ HTTP/1.1" 200 3342
INFO 2025-12-14 23:43:06,097 basehttp 11076 20484 "POST /admin/store/product/add/ HTTP/1.1" 200 17237
INFO 2025-12-14 23:43:06,143 basehttp 11076 20484 "GET /admin/jsi18n/ HTTP/1.1" 200 3342
INFO 2025-12-14 23:43:09,624 basehttp 11076 15612 "POST /admin/store/product/add/ HTTP/1.1" 302 0
INFO 2025-12-14 23:43:09,776 basehttp 11076 15612 "GET /admin/store/product/ HTTP/1.1" 200 28224
INFO 2025-12-14 23:43:09,817 basehttp 11076 15612 "GET /admin/jsi18n/ HTTP/1.1" 200 3342
ERROR 2025-12-14 23:43:16,122 log 11076 15612 Internal Server Error: /
Traceback (most recent call last):
  File "C:\Users\USER\Desktop\myshop_app\venv\Lib\site-packages\django\db\backends\utils.py", line 103, in _execute
    return self.cursor.execute(sql)
           ~~~~~~~~~~~~~~~~~~~^^^^^
  File "C:\Users\USER\Desktop\myshop_app\venv\Lib\site-packages\django\db\backends\sqlite3\base.py", line 356, in execute
    return super().execute(query)
           ~~~~~~~~~~~~~~~^^^^^^^
sqlite3.OperationalError: near "XSS": syntax error

The above exception was the direct cause of the following exception:

Traceback (most recent call last):
  File "C:\Users\USER\Desktop\myshop_app\venv\Lib\site-packages\django\core\handlers\exception.py", line 55, in inner
    response = get_response(request)
  File "C:\Users\USER\Desktop\myshop_app\venv\Lib\site-packages\django\core\handlers\base.py", line 197, in _get_response
    response = wrapped_callback(request, *callback_args, **callback_kwargs)
  File "C:\Users\USER\Desktop\myshop_app\store\views.py", line 265, in home
    cursor.execute(sql)
    ~~~~~~~~~~~~~~^^^^^
  File "C:\Users\USER\Desktop\myshop_app\venv\Lib\site-packages\django\db\backends\utils.py", line 122, in execute
    return super().execute(sql, params)
           ~~~~~~~~~~~~~~~^^^^^^^^^^^^^
  File "C:\Users\USER\Desktop\myshop_app\venv\Lib\site-packages\django\db\backends\utils.py", line 79, in execute
    return self._execute_with_wrappers(
           ~~~~~~~~~~~~~~~~~~~~~~~~~~~^
        sql, params, many=False, executor=self._execute
        ^^^^^^^^^^^^^^^^^^^^^^^^^^^^^^^^^^^^^^^^^^^^^^^
    )
    ^
  File "C:\Users\USER\Desktop\myshop_app\venv\Lib\site-packages\django\db\backends\utils.py", line 92, in _execute_with_wrappers
    return executor(sql, params, many, context)
  File "C:\Users\USER\Desktop\myshop_app\venv\Lib\site-packages\django\db\backends\utils.py", line 100, in _execute
    with self.db.wrap_database_errors:
         ^^^^^^^^^^^^^^^^^^^^^^^^^^^^
  File "C:\Users\USER\Desktop\myshop_app\venv\Lib\site-packages\django\db\utils.py", line 91, in __exit__
    raise dj_exc_value.with_traceback(traceback) from exc_value
  File "C:\Users\USER\Desktop\myshop_app\venv\Lib\site-packages\django\db\backends\utils.py", line 103, in _execute
    return self.cursor.execute(sql)
           ~~~~~~~~~~~~~~~~~~~^^^^^
  File "C:\Users\USER\Desktop\myshop_app\venv\Lib\site-packages\django\db\backends\sqlite3\base.py", line 356, in execute
    return super().execute(query)
           ~~~~~~~~~~~~~~~^^^^^^^
django.db.utils.OperationalError: near "XSS": syntax error
ERROR 2025-12-14 23:43:16,135 basehttp 11076 15612 "GET /?q=%3Cscript%3Ealert%28%27XSS%27%29%3C%2Fscript%3E. HTTP/1.1" 500 115126
ERROR 2025-12-14 23:43:22,395 log 11076 9304 Internal Server Error: /
Traceback (most recent call last):
  File "C:\Users\USER\Desktop\myshop_app\venv\Lib\site-packages\django\db\backends\utils.py", line 103, in _execute
    return self.cursor.execute(sql)
           ~~~~~~~~~~~~~~~~~~~^^^^^
  File "C:\Users\USER\Desktop\myshop_app\venv\Lib\site-packages\django\db\backends\sqlite3\base.py", line 356, in execute
    return super().execute(query)
           ~~~~~~~~~~~~~~~^^^^^^^
sqlite3.OperationalError: near "XSS": syntax error

The above exception was the direct cause of the following exception:

Traceback (most recent call last):
  File "C:\Users\USER\Desktop\myshop_app\venv\Lib\site-packages\django\core\handlers\exception.py", line 55, in inner
    response = get_response(request)
  File "C:\Users\USER\Desktop\myshop_app\venv\Lib\site-packages\django\core\handlers\base.py", line 197, in _get_response
    response = wrapped_callback(request, *callback_args, **callback_kwargs)
  File "C:\Users\USER\Desktop\myshop_app\store\views.py", line 265, in home
    cursor.execute(sql)
    ~~~~~~~~~~~~~~^^^^^
  File "C:\Users\USER\Desktop\myshop_app\venv\Lib\site-packages\django\db\backends\utils.py", line 122, in execute
    return super().execute(sql, params)
           ~~~~~~~~~~~~~~~^^^^^^^^^^^^^
  File "C:\Users\USER\Desktop\myshop_app\venv\Lib\site-packages\django\db\backends\utils.py", line 79, in execute
    return self._execute_with_wrappers(
           ~~~~~~~~~~~~~~~~~~~~~~~~~~~^
        sql, params, many=False, executor=self._execute
        ^^^^^^^^^^^^^^^^^^^^^^^^^^^^^^^^^^^^^^^^^^^^^^^
    )
    ^
  File "C:\Users\USER\Desktop\myshop_app\venv\Lib\site-packages\django\db\backends\utils.py", line 92, in _execute_with_wrappers
    return executor(sql, params, many, context)
  File "C:\Users\USER\Desktop\myshop_app\venv\Lib\site-packages\django\db\backends\utils.py", line 100, in _execute
    with self.db.wrap_database_errors:
         ^^^^^^^^^^^^^^^^^^^^^^^^^^^^
  File "C:\Users\USER\Desktop\myshop_app\venv\Lib\site-packages\django\db\utils.py", line 91, in __exit__
    raise dj_exc_value.with_traceback(traceback) from exc_value
  File "C:\Users\USER\Desktop\myshop_app\venv\Lib\site-packages\django\db\backends\utils.py", line 103, in _execute
    return self.cursor.execute(sql)
           ~~~~~~~~~~~~~~~~~~~^^^^^
  File "C:\Users\USER\Desktop\myshop_app\venv\Lib\site-packages\django\db\backends\sqlite3\base.py", line 356, in execute
    return super().execute(query)
           ~~~~~~~~~~~~~~~^^^^^^^
django.db.utils.OperationalError: near "XSS": syntax error
ERROR 2025-12-14 23:43:22,402 basehttp 11076 9304 "GET /?q=%3Cscript%3Ealert%28%27XSS%27%29%3C%2Fscript%3E HTTP/1.1" 500 115100
ERROR 2025-12-14 23:43:27,238 log 11076 9304 Internal Server Error: /
Traceback (most recent call last):
  File "C:\Users\USER\Desktop\myshop_app\venv\Lib\site-packages\django\db\backends\utils.py", line 103, in _execute
    return self.cursor.execute(sql)
           ~~~~~~~~~~~~~~~~~~~^^^^^
  File "C:\Users\USER\Desktop\myshop_app\venv\Lib\site-packages\django\db\backends\sqlite3\base.py", line 356, in execute
    return super().execute(query)
           ~~~~~~~~~~~~~~~^^^^^^^
sqlite3.OperationalError: near "XSS": syntax error

The above exception was the direct cause of the following exception:

Traceback (most recent call last):
  File "C:\Users\USER\Desktop\myshop_app\venv\Lib\site-packages\django\core\handlers\exception.py", line 55, in inner
    response = get_response(request)
  File "C:\Users\USER\Desktop\myshop_app\venv\Lib\site-packages\django\core\handlers\base.py", line 197, in _get_response
    response = wrapped_callback(request, *callback_args, **callback_kwargs)
  File "C:\Users\USER\Desktop\myshop_app\store\views.py", line 265, in home
    cursor.execute(sql)
    ~~~~~~~~~~~~~~^^^^^
  File "C:\Users\USER\Desktop\myshop_app\venv\Lib\site-packages\django\db\backends\utils.py", line 122, in execute
    return super().execute(sql, params)
           ~~~~~~~~~~~~~~~^^^^^^^^^^^^^
  File "C:\Users\USER\Desktop\myshop_app\venv\Lib\site-packages\django\db\backends\utils.py", line 79, in execute
    return self._execute_with_wrappers(
           ~~~~~~~~~~~~~~~~~~~~~~~~~~~^
        sql, params, many=False, executor=self._execute
        ^^^^^^^^^^^^^^^^^^^^^^^^^^^^^^^^^^^^^^^^^^^^^^^
    )
    ^
  File "C:\Users\USER\Desktop\myshop_app\venv\Lib\site-packages\django\db\backends\utils.py", line 92, in _execute_with_wrappers
    return executor(sql, params, many, context)
  File "C:\Users\USER\Desktop\myshop_app\venv\Lib\site-packages\django\db\backends\utils.py", line 100, in _execute
    with self.db.wrap_database_errors:
         ^^^^^^^^^^^^^^^^^^^^^^^^^^^^
  File "C:\Users\USER\Desktop\myshop_app\venv\Lib\site-packages\django\db\utils.py", line 91, in __exit__
    raise dj_exc_value.with_traceback(traceback) from exc_value
  File "C:\Users\USER\Desktop\myshop_app\venv\Lib\site-packages\django\db\backends\utils.py", line 103, in _execute
    return self.cursor.execute(sql)
           ~~~~~~~~~~~~~~~~~~~^^^^^
  File "C:\Users\USER\Desktop\myshop_app\venv\Lib\site-packages\django\db\backends\sqlite3\base.py", line 356, in execute
    return super().execute(query)
           ~~~~~~~~~~~~~~~^^^^^^^
django.db.utils.OperationalError: near "XSS": syntax error
ERROR 2025-12-14 23:43:27,245 basehttp 11076 9304 "GET /?q=%3Cscript%3Ealert%28%27XSS%27%29%3C%2Fscript%3E HTTP/1.1" 500 115100
INFO 2025-12-14 23:43:46,158 basehttp 11076 9440 "GET / HTTP/1.1" 200 37681
INFO 2025-12-14 23:43:46,239 basehttp 11076 9440 "GET /media/products/elec.2.jpg HTTP/1.1" 304 0
INFO 2025-12-14 23:43:46,247 basehttp 11076 9440 "GET /media/products/elec.3.jpg HTTP/1.1" 304 0
INFO 2025-12-14 23:43:46,249 basehttp 11076 21748 "GET /media/products/elec.4.jpg HTTP/1.1" 304 0
INFO 2025-12-14 23:44:04,110 basehttp 11076 20848 "GET /admin/store/product/ HTTP/1.1" 200 27979
INFO 2025-12-14 23:44:04,179 basehttp 11076 20848 "GET /admin/jsi18n/ HTTP/1.1" 200 3342
INFO 2025-12-14 23:44:08,068 basehttp 11076 20848 "GET /admin/store/product/29/change/ HTTP/1.1" 200 17366
INFO 2025-12-14 23:44:08,155 basehttp 11076 8572 "GET /admin/jsi18n/ HTTP/1.1" 200 3342
INFO 2025-12-14 23:44:11,740 basehttp 11076 8572 "GET /admin/store/product/29/delete/ HTTP/1.1" 200 12212
INFO 2025-12-14 23:44:13,112 basehttp 11076 8572 "POST /admin/store/product/29/delete/ HTTP/1.1" 302 0
INFO 2025-12-14 23:44:13,292 basehttp 11076 8572 "GET /admin/store/product/ HTTP/1.1" 200 27691
INFO 2025-12-14 23:44:13,335 basehttp 11076 8572 "GET /admin/jsi18n/ HTTP/1.1" 200 3342
INFO 2025-12-14 23:44:35,537 basehttp 11076 1824 "GET /?q=%27+OR+%271%27%3D%271 HTTP/1.1" 200 37768
INFO 2025-12-14 23:44:40,529 basehttp 11076 13608 "GET /?q=%27+OR+%271%27%3D%271 HTTP/1.1" 200 37768
INFO 2025-12-14 23:44:40,576 basehttp 11076 13608 "GET /media/products/elec.9.jpg HTTP/1.1" 304 0
INFO 2025-12-14 23:44:52,579 basehttp 11076 11108 "GET /?q=%27+OR+%271%27%3D%271 HTTP/1.1" 200 37768
INFO 2025-12-14 23:44:52,618 basehttp 11076 11108 "GET /media/products/elec.8.jpg HTTP/1.1" 304 0
INFO 2025-12-14 23:44:54,327 basehttp 11076 11108 "GET /?q=%27+OR+%271%27%3D%271 HTTP/1.1" 200 37768
INFO 2025-12-14 23:44:58,834 basehttp 11076 11108 "GET /?q= HTTP/1.1" 200 36718
INFO 2025-12-14 23:45:03,022 basehttp 11076 11108 "GET /?q=%27+OR+%271%27%3D%271 HTTP/1.1" 200 37768
INFO 2025-12-14 23:45:03,066 basehttp 11076 11108 "GET /media/products/elec.7.jpg HTTP/1.1" 304 0
INFO 2025-12-14 23:54:49,434 autoreload 11076 24848 C:\Users\USER\Desktop\myshop_app\store\views.py changed, reloading.
INFO 2025-12-14 23:54:54,613 autoreload 9236 13040 Watching for file changes with StatReloader
INFO 2025-12-14 23:55:17,465 basehttp 9236 18392 "GET / HTTP/1.1" 200 36640
INFO 2025-12-14 23:55:18,017 basehttp 9236 18392 "GET /media/products/elec.2.jpg HTTP/1.1" 304 0
INFO 2025-12-14 23:55:18,019 basehttp 9236 23848 "GET /media/products/elec.3.jpg HTTP/1.1" 304 0
INFO 2025-12-14 23:55:18,047 basehttp 9236 21324 "GET /media/products/elec.4.jpg HTTP/1.1" 304 0
INFO 2025-12-14 23:55:18,050 basehttp 9236 19428 "GET /media/products/elec.6.jpg HTTP/1.1" 304 0
INFO 2025-12-14 23:55:18,075 basehttp 9236 10724 "GET /media/products/elec.5.jpg HTTP/1.1" 304 0
INFO 2025-12-14 23:55:18,087 basehttp 9236 23848 "GET /media/products/elec.8.jpg HTTP/1.1" 304 0
INFO 2025-12-14 23:55:18,093 basehttp 9236 19428 "GET /media/products/elec.9.jpg HTTP/1.1" 304 0
INFO 2025-12-14 23:55:18,096 basehttp 9236 21324 "GET /media/products/elec.7.jpg HTTP/1.1" 304 0
INFO 2025-12-14 23:55:27,426 basehttp 9236 15260 "GET /?q=%27+OR+%271%27%3D%271 HTTP/1.1" 200 37768
ERROR 2025-12-14 23:55:36,299 log 9236 17916 Internal Server Error: /
Traceback (most recent call last):
  File "C:\Users\USER\Desktop\myshop_app\venv\Lib\site-packages\django\db\backends\utils.py", line 103, in _execute
    return self.cursor.execute(sql)
           ~~~~~~~~~~~~~~~~~~~^^^^^
  File "C:\Users\USER\Desktop\myshop_app\venv\Lib\site-packages\django\db\backends\sqlite3\base.py", line 356, in execute
    return super().execute(query)
           ~~~~~~~~~~~~~~~^^^^^^^
sqlite3.OperationalError: near "XSS": syntax error

The above exception was the direct cause of the following exception:

Traceback (most recent call last):
  File "C:\Users\USER\Desktop\myshop_app\venv\Lib\site-packages\django\core\handlers\exception.py", line 55, in inner
    response = get_response(request)
  File "C:\Users\USER\Desktop\myshop_app\venv\Lib\site-packages\django\core\handlers\base.py", line 197, in _get_response
    response = wrapped_callback(request, *callback_args, **callback_kwargs)
  File "C:\Users\USER\Desktop\myshop_app\store\views.py", line 260, in home
    cursor.execute(sql)
    ~~~~~~~~~~~~~~^^^^^
  File "C:\Users\USER\Desktop\myshop_app\venv\Lib\site-packages\django\db\backends\utils.py", line 122, in execute
    return super().execute(sql, params)
           ~~~~~~~~~~~~~~~^^^^^^^^^^^^^
  File "C:\Users\USER\Desktop\myshop_app\venv\Lib\site-packages\django\db\backends\utils.py", line 79, in execute
    return self._execute_with_wrappers(
           ~~~~~~~~~~~~~~~~~~~~~~~~~~~^
        sql, params, many=False, executor=self._execute
        ^^^^^^^^^^^^^^^^^^^^^^^^^^^^^^^^^^^^^^^^^^^^^^^
    )
    ^
  File "C:\Users\USER\Desktop\myshop_app\venv\Lib\site-packages\django\db\backends\utils.py", line 92, in _execute_with_wrappers
    return executor(sql, params, many, context)
  File "C:\Users\USER\Desktop\myshop_app\venv\Lib\site-packages\django\db\backends\utils.py", line 100, in _execute
    with self.db.wrap_database_errors:
         ^^^^^^^^^^^^^^^^^^^^^^^^^^^^
  File "C:\Users\USER\Desktop\myshop_app\venv\Lib\site-packages\django\db\utils.py", line 91, in __exit__
    raise dj_exc_value.with_traceback(traceback) from exc_value
  File "C:\Users\USER\Desktop\myshop_app\venv\Lib\site-packages\django\db\backends\utils.py", line 103, in _execute
    return self.cursor.execute(sql)
           ~~~~~~~~~~~~~~~~~~~^^^^^
  File "C:\Users\USER\Desktop\myshop_app\venv\Lib\site-packages\django\db\backends\sqlite3\base.py", line 356, in execute
    return super().execute(query)
           ~~~~~~~~~~~~~~~^^^^^^^
django.db.utils.OperationalError: near "XSS": syntax error
ERROR 2025-12-14 23:55:36,315 basehttp 9236 17916 "GET /?q=%3Cscript%3Ealert%28%27XSS%27%29%3C%2Fscript%3E HTTP/1.1" 500 115100
INFO 2025-12-14 23:55:40,575 basehttp 9236 17916 "GET /?q=%27+OR+%271%27%3D%271 HTTP/1.1" 200 37768
INFO 2025-12-14 23:57:40,128 basehttp 9236 10916 "GET /?q= HTTP/1.1" 200 36718
INFO 2025-12-14 23:59:41,754 basehttp 9236 9540 "GET /staff/products/ HTTP/1.1" 200 12571
INFO 2025-12-14 23:59:44,087 basehttp 9236 21624 "GET /staff/products/add/ HTTP/1.1" 200 1296
INFO 2025-12-14 23:59:58,578 basehttp 9236 16048 "POST /staff/products/add/ HTTP/1.1" 200 1620
INFO 2025-12-15 00:00:03,658 basehttp 9236 9240 "GET /?q=%27+OR+%271%27%3D%271 HTTP/1.1" 200 37768
INFO 2025-12-15 00:00:03,728 basehttp 9236 9240 "GET /media/products/elec.2.jpg HTTP/1.1" 304 0
INFO 2025-12-15 00:00:03,729 basehttp 9236 9980 "GET /media/products/elec.3.jpg HTTP/1.1" 304 0
INFO 2025-12-15 00:00:03,752 basehttp 9236 9980 "GET /media/products/elec.4.jpg HTTP/1.1" 304 0
INFO 2025-12-15 00:00:03,753 basehttp 9236 9240 "GET /media/products/elec.5.jpg HTTP/1.1" 304 0
INFO 2025-12-15 00:00:03,796 basehttp 9236 13652 "GET /media/products/elec.8.jpg HTTP/1.1" 304 0
INFO 2025-12-15 00:00:03,803 basehttp 9236 4268 "GET /media/products/elec.6.jpg HTTP/1.1" 304 0
INFO 2025-12-15 00:00:03,826 basehttp 9236 7288 "GET /media/products/elec.7.jpg HTTP/1.1" 304 0
INFO 2025-12-15 00:00:03,831 basehttp 9236 13204 "GET /media/products/elec.9.jpg HTTP/1.1" 304 0
INFO 2025-12-15 00:00:52,772 basehttp 9236 23120 "GET /?q=%27+OR+%271%27%3D%271 HTTP/1.1" 200 37768
INFO 2025-12-15 00:00:58,361 basehttp 9236 21796 "GET /admin/store/product/29/change/ HTTP/1.1" 302 0
INFO 2025-12-15 00:00:58,472 basehttp 9236 21796 "GET /admin/ HTTP/1.1" 200 16254
INFO 2025-12-15 00:00:59,073 basehttp 9236 21796 "GET /static/admin/img/icon-alert.svg HTTP/1.1" 200 504
INFO 2025-12-15 00:01:04,105 basehttp 9236 24172 "GET /admin/store/product/ HTTP/1.1" 200 27490
INFO 2025-12-15 00:01:04,175 basehttp 9236 24172 "GET /admin/jsi18n/ HTTP/1.1" 200 3342
INFO 2025-12-15 00:01:12,142 basehttp 9236 24172 "GET /admin/store/product/add/ HTTP/1.1" 200 16902
INFO 2025-12-15 00:01:12,200 basehttp 9236 24172 "GET /admin/jsi18n/ HTTP/1.1" 200 3342
INFO 2025-12-15 00:01:21,865 basehttp 9236 19600 "POST /admin/store/product/add/ HTTP/1.1" 302 0
INFO 2025-12-15 00:01:22,043 basehttp 9236 19600 "GET /admin/store/product/ HTTP/1.1" 200 28224
INFO 2025-12-15 00:01:22,087 basehttp 9236 19600 "GET /admin/jsi18n/ HTTP/1.1" 200 3342
INFO 2025-12-15 00:01:25,326 basehttp 9236 9320 "GET /?q=%27+OR+%271%27%3D%271 HTTP/1.1" 200 38854
INFO 2025-12-15 00:01:33,469 basehttp 9236 13708 "GET /staff/products/ HTTP/1.1" 200 13040
INFO 2025-12-15 00:01:37,408 basehttp 9236 13708 "GET / HTTP/1.1" 200 37681
INFO 2025-12-15 00:01:51,476 basehttp 9236 11752 "GET / HTTP/1.1" 200 37681
INFO 2025-12-15 00:02:29,694 basehttp 9236 23736 "GET /?q=%27+OR+%271%27%3D%271 HTTP/1.1" 200 38854
INFO 2025-12-15 00:02:48,587 basehttp 9236 25164 "POST /admin/store/product/ HTTP/1.1" 200 12270
INFO 2025-12-15 00:02:50,434 basehttp 9236 25164 "POST /admin/store/product/ HTTP/1.1" 302 0
INFO 2025-12-15 00:02:50,602 basehttp 9236 25164 "GET /admin/store/product/ HTTP/1.1" 200 27627
INFO 2025-12-15 00:02:50,646 basehttp 9236 25164 "GET /admin/jsi18n/ HTTP/1.1" 200 3342
INFO 2025-12-15 00:02:53,313 basehttp 9236 25164 "GET /?q=%27+OR+%271%27%3D%271 HTTP/1.1" 200 37768
INFO 2025-12-15 00:02:55,686 basehttp 9236 14332 "GET /?q=%27+OR+%271%27%3D%271 HTTP/1.1" 200 37768
INFO 2025-12-15 00:03:01,311 basehttp 9236 14332 "GET /?q=%27+OR+%271%27%3D%271%27+OR+%271%27%3D%271 HTTP/1.1" 200 38345
ERROR 2025-12-15 00:03:06,790 log 9236 12024 Internal Server Error: /
Traceback (most recent call last):
  File "C:\Users\USER\Desktop\myshop_app\venv\Lib\site-packages\django\db\backends\utils.py", line 103, in _execute
    return self.cursor.execute(sql)
           ~~~~~~~~~~~~~~~~~~~^^^^^
  File "C:\Users\USER\Desktop\myshop_app\venv\Lib\site-packages\django\db\backends\sqlite3\base.py", line 356, in execute
    return super().execute(query)
           ~~~~~~~~~~~~~~~^^^^^^^
sqlite3.OperationalError: near "1": syntax error

The above exception was the direct cause of the following exception:

Traceback (most recent call last):
  File "C:\Users\USER\Desktop\myshop_app\venv\Lib\site-packages\django\core\handlers\exception.py", line 55, in inner
    response = get_response(request)
  File "C:\Users\USER\Desktop\myshop_app\venv\Lib\site-packages\django\core\handlers\base.py", line 197, in _get_response
    response = wrapped_callback(request, *callback_args, **callback_kwargs)
  File "C:\Users\USER\Desktop\myshop_app\store\views.py", line 260, in home
    cursor.execute(sql)
    ~~~~~~~~~~~~~~^^^^^
  File "C:\Users\USER\Desktop\myshop_app\venv\Lib\site-packages\django\db\backends\utils.py", line 122, in execute
    return super().execute(sql, params)
           ~~~~~~~~~~~~~~~^^^^^^^^^^^^^
  File "C:\Users\USER\Desktop\myshop_app\venv\Lib\site-packages\django\db\backends\utils.py", line 79, in execute
    return self._execute_with_wrappers(
           ~~~~~~~~~~~~~~~~~~~~~~~~~~~^
        sql, params, many=False, executor=self._execute
        ^^^^^^^^^^^^^^^^^^^^^^^^^^^^^^^^^^^^^^^^^^^^^^^
    )
    ^
  File "C:\Users\USER\Desktop\myshop_app\venv\Lib\site-packages\django\db\backends\utils.py", line 92, in _execute_with_wrappers
    return executor(sql, params, many, context)
  File "C:\Users\USER\Desktop\myshop_app\venv\Lib\site-packages\django\db\backends\utils.py", line 100, in _execute
    with self.db.wrap_database_errors:
         ^^^^^^^^^^^^^^^^^^^^^^^^^^^^
  File "C:\Users\USER\Desktop\myshop_app\venv\Lib\site-packages\django\db\utils.py", line 91, in __exit__
    raise dj_exc_value.with_traceback(traceback) from exc_value
  File "C:\Users\USER\Desktop\myshop_app\venv\Lib\site-packages\django\db\backends\utils.py", line 103, in _execute
    return self.cursor.execute(sql)
           ~~~~~~~~~~~~~~~~~~~^^^^^
  File "C:\Users\USER\Desktop\myshop_app\venv\Lib\site-packages\django\db\backends\sqlite3\base.py", line 356, in execute
    return super().execute(query)
           ~~~~~~~~~~~~~~~^^^^^^^
django.db.utils.OperationalError: near "1": syntax error
ERROR 2025-12-15 00:03:06,797 basehttp 9236 12024 "GET /?q=%27+OR+%271%27%3D%271%27+ HTTP/1.1" 500 114587
ERROR 2025-12-15 00:03:13,955 log 9236 2276 Internal Server Error: /
Traceback (most recent call last):
  File "C:\Users\USER\Desktop\myshop_app\venv\Lib\site-packages\django\db\backends\utils.py", line 103, in _execute
    return self.cursor.execute(sql)
           ~~~~~~~~~~~~~~~~~~~^^^^^
  File "C:\Users\USER\Desktop\myshop_app\venv\Lib\site-packages\django\db\backends\sqlite3\base.py", line 356, in execute
    return super().execute(query)
           ~~~~~~~~~~~~~~~^^^^^^^
sqlite3.OperationalError: near "1": syntax error

The above exception was the direct cause of the following exception:

Traceback (most recent call last):
  File "C:\Users\USER\Desktop\myshop_app\venv\Lib\site-packages\django\core\handlers\exception.py", line 55, in inner
    response = get_response(request)
  File "C:\Users\USER\Desktop\myshop_app\venv\Lib\site-packages\django\core\handlers\base.py", line 197, in _get_response
    response = wrapped_callback(request, *callback_args, **callback_kwargs)
  File "C:\Users\USER\Desktop\myshop_app\store\views.py", line 260, in home
    cursor.execute(sql)
    ~~~~~~~~~~~~~~^^^^^
  File "C:\Users\USER\Desktop\myshop_app\venv\Lib\site-packages\django\db\backends\utils.py", line 122, in execute
    return super().execute(sql, params)
           ~~~~~~~~~~~~~~~^^^^^^^^^^^^^
  File "C:\Users\USER\Desktop\myshop_app\venv\Lib\site-packages\django\db\backends\utils.py", line 79, in execute
    return self._execute_with_wrappers(
           ~~~~~~~~~~~~~~~~~~~~~~~~~~~^
        sql, params, many=False, executor=self._execute
        ^^^^^^^^^^^^^^^^^^^^^^^^^^^^^^^^^^^^^^^^^^^^^^^
    )
    ^
  File "C:\Users\USER\Desktop\myshop_app\venv\Lib\site-packages\django\db\backends\utils.py", line 92, in _execute_with_wrappers
    return executor(sql, params, many, context)
  File "C:\Users\USER\Desktop\myshop_app\venv\Lib\site-packages\django\db\backends\utils.py", line 100, in _execute
    with self.db.wrap_database_errors:
         ^^^^^^^^^^^^^^^^^^^^^^^^^^^^
  File "C:\Users\USER\Desktop\myshop_app\venv\Lib\site-packages\django\db\utils.py", line 91, in __exit__
    raise dj_exc_value.with_traceback(traceback) from exc_value
  File "C:\Users\USER\Desktop\myshop_app\venv\Lib\site-packages\django\db\backends\utils.py", line 103, in _execute
    return self.cursor.execute(sql)
           ~~~~~~~~~~~~~~~~~~~^^^^^
  File "C:\Users\USER\Desktop\myshop_app\venv\Lib\site-packages\django\db\backends\sqlite3\base.py", line 356, in execute
    return super().execute(query)
           ~~~~~~~~~~~~~~~^^^^^^^
django.db.utils.OperationalError: near "1": syntax error
ERROR 2025-12-15 00:03:13,965 basehttp 9236 2276 "GET /?q=%27+OR+%271%27%3D%271%27 HTTP/1.1" 500 114561
INFO 2025-12-15 00:03:39,195 basehttp 9236 24872 "GET /?q=%27+OR+%271%27%3D%271 HTTP/1.1" 200 37768
INFO 2025-12-15 00:03:40,426 basehttp 9236 24872 "GET /?q=%27+OR+%271%27%3D%271 HTTP/1.1" 200 37768
INFO 2025-12-15 00:04:37,445 views 9236 15836 User logged out: admin
INFO 2025-12-15 00:04:37,451 basehttp 9236 15836 "GET /logout/ HTTP/1.1" 302 0
INFO 2025-12-15 00:04:37,504 basehttp 9236 15836 "GET / HTTP/1.1" 200 36439
INFO 2025-12-15 00:04:37,546 basehttp 9236 15836 "GET /media/products/elec.6.jpg HTTP/1.1" 304 0
INFO 2025-12-15 00:04:37,548 basehttp 9236 8720 "GET /media/products/elec.7.jpg HTTP/1.1" 304 0
INFO 2025-12-15 00:04:37,562 basehttp 9236 15836 "GET /media/products/elec.9.jpg HTTP/1.1" 304 0
INFO 2025-12-15 00:04:37,562 basehttp 9236 8720 "GET /media/products/elec.8.jpg HTTP/1.1" 304 0
INFO 2025-12-15 00:04:41,628 basehttp 9236 8720 "GET /login/ HTTP/1.1" 200 1312
INFO 2025-12-15 00:04:48,324 basehttp 9236 8172 "GET / HTTP/1.1" 200 36439
INFO 2025-12-15 00:04:51,890 basehttp 9236 8172 "GET /login/ HTTP/1.1" 200 1186
INFO 2025-12-15 00:04:58,708 views 9236 3504 User logged in: User
INFO 2025-12-15 00:04:58,728 basehttp 9236 3504 "POST /login/ HTTP/1.1" 302 0
INFO 2025-12-15 00:04:58,784 basehttp 9236 3504 "GET / HTTP/1.1" 200 36499
INFO 2025-12-15 00:04:58,836 basehttp 9236 3504 "GET /media/products/elec.5.jpg HTTP/1.1" 304 0
INFO 2025-12-15 00:05:06,349 basehttp 9236 23848 "GET /admin/ HTTP/1.1" 302 0
INFO 2025-12-15 00:05:06,641 basehttp 9236 23848 "GET /admin/login/?next=/admin/ HTTP/1.1" 200 3806
INFO 2025-12-15 00:05:06,742 basehttp 9236 23848 "GET /static/admin/css/login.css HTTP/1.1" 200 951
INFO 2025-12-15 00:05:25,026 basehttp 9236 17600 "GET /profile/ HTTP/1.1" 200 1143
INFO 2025-12-15 00:06:01,121 basehttp 9236 22196 "GET /product/1/ HTTP/1.1" 200 3348
INFO 2025-12-15 00:06:07,168 basehttp 9236 1280 "GET /profile/ HTTP/1.1" 200 1143
INFO 2025-12-15 00:06:09,819 basehttp 9236 1280 "GET / HTTP/1.1" 200 36499
INFO 2025-12-15 00:06:09,856 basehttp 9236 1280 "GET /media/products/elec.2.jpg HTTP/1.1" 304 0
INFO 2025-12-15 00:06:09,859 basehttp 9236 9716 "GET /media/products/elec.3.jpg HTTP/1.1" 304 0
INFO 2025-12-15 00:06:09,866 basehttp 9236 1280 "GET /media/products/elec.4.jpg HTTP/1.1" 304 0
INFO 2025-12-15 00:06:13,608 basehttp 9236 1280 "GET /admin/ HTTP/1.1" 302 0
INFO 2025-12-15 00:06:13,680 basehttp 9236 1280 "GET /admin/login/?next=/admin/ HTTP/1.1" 200 3686
INFO 2025-12-15 00:06:18,369 basehttp 9236 1280 "POST /admin/login/?next=/admin/ HTTP/1.1" 200 3853
INFO 2025-12-15 00:06:22,704 basehttp 9236 1280 "GET /admin/login/?next=/admin/ HTTP/1.1" 200 3686
WARNING 2025-12-15 00:07:37,362 log 9236 24768 Not Found: /staff/products/manage/
WARNING 2025-12-15 00:07:37,365 basehttp 9236 24768 "GET /staff/products/manage/ HTTP/1.1" 404 6938
INFO 2025-12-15 00:07:47,158 basehttp 9236 23360 "GET /staff/products/add/ HTTP/1.1" 200 1296
INFO 2025-12-15 00:07:52,065 basehttp 9236 23360 "GET /staff/products/ HTTP/1.1" 200 12571
INFO 2025-12-15 00:07:57,187 basehttp 9236 14768 "GET / HTTP/1.1" 200 36499
INFO 2025-12-15 00:08:06,609 basehttp 9236 17072 "GET /cart/ HTTP/1.1" 200 497
INFO 2025-12-15 00:08:08,991 basehttp 9236 17072 "GET / HTTP/1.1" 200 36499
WARNING 2025-12-15 00:11:50,224 log 9236 8036 Not Found: /staff/products/manage/
WARNING 2025-12-15 00:11:50,226 basehttp 9236 8036 "GET /staff/products/manage/ HTTP/1.1" 404 6938
INFO 2025-12-15 00:11:58,715 basehttp 9236 2340 "GET /staff/products/add/ HTTP/1.1" 200 1296
INFO 2025-12-15 00:12:02,115 basehttp 9236 2340 "GET /staff/products/ HTTP/1.1" 200 12571
INFO 2025-12-15 00:12:06,796 basehttp 9236 4868 "GET / HTTP/1.1" 200 36499
INFO 2025-12-15 00:12:06,885 basehttp 9236 4868 "GET /media/products/elec.3.jpg HTTP/1.1" 304 0
INFO 2025-12-15 00:12:06,885 basehttp 9236 25076 "GET /media/products/elec.4.jpg HTTP/1.1" 304 0
INFO 2025-12-15 00:12:06,908 basehttp 9236 9372 "GET /media/products/elec.5.jpg HTTP/1.1" 304 0
INFO 2025-12-15 00:12:06,917 basehttp 9236 25076 "GET /media/products/elec.7.jpg HTTP/1.1" 304 0
INFO 2025-12-15 00:12:06,919 basehttp 9236 4868 "GET /media/products/elec.6.jpg HTTP/1.1" 304 0
INFO 2025-12-15 00:12:06,925 basehttp 9236 23616 "GET /media/products/elec.8.jpg HTTP/1.1" 304 0
INFO 2025-12-15 00:12:06,926 basehttp 9236 21216 "GET /media/products/elec.9.jpg HTTP/1.1" 304 0
WARNING 2025-12-15 00:12:14,909 log 9236 15160 Not Found: /staff/products/edit/1/
WARNING 2025-12-15 00:12:14,912 basehttp 9236 15160 "GET /staff/products/edit/1/ HTTP/1.1" 404 6938
INFO 2025-12-15 00:12:31,619 basehttp 9236 18320 "GET /staff/orders/ HTTP/1.1" 200 423
INFO 2025-12-15 00:12:34,164 basehttp 9236 18320 "GET / HTTP/1.1" 200 36499
INFO 2025-12-15 00:12:34,264 basehttp 9236 18320 "GET /media/products/elec.2.jpg HTTP/1.1" 304 0
WARNING 2025-12-15 00:13:12,459 log 9236 15464 Not Found: /staff/products/manage/
WARNING 2025-12-15 00:13:12,460 basehttp 9236 15464 "GET /staff/products/manage/ HTTP/1.1" 404 6938
INFO 2025-12-15 00:14:14,536 basehttp 9236 23288 "GET / HTTP/1.1" 200 36499
INFO 2025-12-15 00:14:14,599 basehttp 9236 23288 "GET /media/products/elec.2.jpg HTTP/1.1" 304 0
INFO 2025-12-15 00:17:03,542 basehttp 9236 16948 "GET / HTTP/1.1" 200 36499
INFO 2025-12-15 00:17:06,116 views 9236 9272 User logged out: User
INFO 2025-12-15 00:17:06,125 basehttp 9236 9272 "GET /logout/ HTTP/1.1" 302 0
INFO 2025-12-15 00:17:06,203 basehttp 9236 9272 "GET / HTTP/1.1" 200 36439
INFO 2025-12-15 00:17:08,807 basehttp 9236 9272 "GET /login/ HTTP/1.1" 200 1312
INFO 2025-12-15 00:17:13,490 views 9236 9272 User logged in: User
INFO 2025-12-15 00:17:13,520 basehttp 9236 9272 "POST /login/ HTTP/1.1" 302 0
INFO 2025-12-15 00:17:13,578 basehttp 9236 9272 "GET / HTTP/1.1" 200 36499
INFO 2025-12-15 00:17:13,620 basehttp 9236 9272 "GET /media/products/elec.9.jpg HTTP/1.1" 304 0
INFO 2025-12-15 00:17:21,755 views 9236 18292 User logged out: User
INFO 2025-12-15 00:17:21,760 basehttp 9236 18292 "GET /logout/ HTTP/1.1" 302 0
INFO 2025-12-15 00:17:21,814 basehttp 9236 18292 "GET / HTTP/1.1" 200 36439
INFO 2025-12-15 00:17:23,477 basehttp 9236 18292 "GET /login/ HTTP/1.1" 200 1363
INFO 2025-12-15 00:17:29,676 views 9236 18340 User logged in: admin
INFO 2025-12-15 00:17:29,706 basehttp 9236 18340 "POST /login/ HTTP/1.1" 302 0
INFO 2025-12-15 00:17:29,760 basehttp 9236 18340 "GET / HTTP/1.1" 200 36640
INFO 2025-12-15 00:17:29,802 basehttp 9236 18340 "GET /media/products/elec.8.jpg HTTP/1.1" 304 0
INFO 2025-12-15 00:17:40,095 views 9236 24700 User logged out: admin
INFO 2025-12-15 00:17:40,102 basehttp 9236 24700 "GET /logout/ HTTP/1.1" 302 0
INFO 2025-12-15 00:17:40,163 basehttp 9236 24700 "GET / HTTP/1.1" 200 36439
INFO 2025-12-15 00:17:40,211 basehttp 9236 24700 "GET /media/products/elec.7.jpg HTTP/1.1" 304 0
INFO 2025-12-15 00:17:41,614 basehttp 9236 24700 "GET /login/ HTTP/1.1" 200 1364
INFO 2025-12-15 00:17:47,074 views 9236 16164 User logged in: User
INFO 2025-12-15 00:17:47,099 basehttp 9236 16164 "POST /login/ HTTP/1.1" 302 0
INFO 2025-12-15 00:17:47,159 basehttp 9236 16164 "GET / HTTP/1.1" 200 36499
INFO 2025-12-15 00:19:39,949 basehttp 9236 13460 "GET /login/ HTTP/1.1" 302 0
INFO 2025-12-15 00:19:40,153 basehttp 9236 13460 "GET / HTTP/1.1" 200 36499
INFO 2025-12-15 00:19:40,532 basehttp 9236 21856 "GET /media/products/elec.4.jpg HTTP/1.1" 304 0
INFO 2025-12-15 00:19:40,535 basehttp 9236 13460 "GET /media/products/elec.3.jpg HTTP/1.1" 304 0
INFO 2025-12-15 00:19:40,547 basehttp 9236 25080 "GET /media/products/elec.5.jpg HTTP/1.1" 304 0
INFO 2025-12-15 00:19:40,565 basehttp 9236 22896 "GET /media/products/elec.6.jpg HTTP/1.1" 304 0
WARNING 2025-12-15 00:20:01,812 log 9236 8012 Not Found: /staff/products/manage/
WARNING 2025-12-15 00:20:01,814 basehttp 9236 8012 "GET /staff/products/manage/ HTTP/1.1" 404 6938
WARNING 2025-12-15 00:20:24,588 log 9236 16324 Not Found: /userproducts/manage/
WARNING 2025-12-15 00:20:24,590 basehttp 9236 16324 "GET /userproducts/manage/ HTTP/1.1" 404 6932
WARNING 2025-12-15 00:20:26,469 log 9236 25396 Not Found: /userproducts/manage/
WARNING 2025-12-15 00:20:26,471 basehttp 9236 25396 "GET /userproducts/manage/ HTTP/1.1" 404 6932
INFO 2025-12-15 00:20:44,733 basehttp 9236 22676 "GET /admin/ HTTP/1.1" 302 0
INFO 2025-12-15 00:20:44,791 basehttp 9236 22676 "GET /admin/login/?next=/admin/ HTTP/1.1" 200 3806
INFO 2025-12-15 00:20:51,115 basehttp 9236 9892 "POST /admin/login/?next=/admin/ HTTP/1.1" 302 0
INFO 2025-12-15 00:20:51,188 basehttp 9236 9892 "GET /admin/ HTTP/1.1" 200 16039
INFO 2025-12-15 00:20:57,707 basehttp 9236 12048 "GET /admin/store/product/ HTTP/1.1" 200 27490
INFO 2025-12-15 00:20:57,789 basehttp 9236 12048 "GET /admin/jsi18n/ HTTP/1.1" 200 3342
INFO 2025-12-15 00:21:05,502 basehttp 9236 14644 "GET / HTTP/1.1" 200 36640
INFO 2025-12-15 00:21:05,544 basehttp 9236 14644 "GET /media/products/elec.2.jpg HTTP/1.1" 304 0
INFO 2025-12-15 00:21:05,548 basehttp 9236 24424 "GET /media/products/elec.3.jpg HTTP/1.1" 304 0
INFO 2025-12-15 00:21:05,582 basehttp 9236 14644 "GET /media/products/elec.4.jpg HTTP/1.1" 304 0
INFO 2025-12-15 00:21:05,588 basehttp 9236 24424 "GET /media/products/elec.5.jpg HTTP/1.1" 304 0
INFO 2025-12-15 00:21:05,596 basehttp 9236 13200 "GET /media/products/elec.8.jpg HTTP/1.1" 304 0
INFO 2025-12-15 00:21:05,597 basehttp 9236 15240 "GET /media/products/elec.9.jpg HTTP/1.1" 304 0
INFO 2025-12-15 00:21:05,603 basehttp 9236 11704 "GET /media/products/elec.7.jpg HTTP/1.1" 304 0
INFO 2025-12-15 00:21:05,613 basehttp 9236 7892 "GET /media/products/elec.6.jpg HTTP/1.1" 304 0
INFO 2025-12-15 00:21:07,181 basehttp 9236 7892 "GET /staff/products/ HTTP/1.1" 200 12571
INFO 2025-12-15 00:21:28,592 basehttp 9236 13904 "GET /staff/products/ HTTP/1.1" 200 12571
INFO 2025-12-15 00:24:44,235 basehttp 9236 7116 "GET /admin/ HTTP/1.1" 200 16039
INFO 2025-12-15 00:24:48,038 basehttp 9236 23492 "POST /admin/logout/ HTTP/1.1" 200 3568
INFO 2025-12-15 00:24:52,836 basehttp 9236 23492 "POST /admin/logout/ HTTP/1.1" 302 0
INFO 2025-12-15 00:24:52,849 basehttp 9236 23492 "GET /admin/ HTTP/1.1" 302 0
INFO 2025-12-15 00:24:52,899 basehttp 9236 23492 "GET /admin/login/?next=/admin/ HTTP/1.1" 200 4173
INFO 2025-12-15 00:24:57,955 basehttp 9236 8112 "POST /admin/login/?next=/admin/ HTTP/1.1" 200 4340
INFO 2025-12-15 00:25:05,051 basehttp 9236 8112 "POST /admin/login/?next=/admin/ HTTP/1.1" 200 4340
INFO 2025-12-15 00:25:10,804 basehttp 9236 11464 "POST /admin/login/?next=/admin/ HTTP/1.1" 200 4340
INFO 2025-12-15 00:25:20,246 basehttp 9236 18228 "GET /admin/ HTTP/1.1" 302 0
INFO 2025-12-15 00:25:20,291 basehttp 9236 18228 "GET /admin/login/?next=/admin/ HTTP/1.1" 200 4173
INFO 2025-12-15 00:25:23,630 basehttp 9236 18228 "POST /admin/login/?next=/admin/ HTTP/1.1" 200 4340
INFO 2025-12-15 00:29:30,928 views 9236 20144 User logged out: anonymous
INFO 2025-12-15 00:29:30,940 basehttp 9236 20144 "GET /logout/ HTTP/1.1" 302 0
INFO 2025-12-15 00:29:31,035 basehttp 9236 20144 "GET / HTTP/1.1" 200 36439
INFO 2025-12-15 00:29:31,082 basehttp 9236 20144 "GET /media/products/elec.2.jpg HTTP/1.1" 304 0
INFO 2025-12-15 00:29:31,084 basehttp 9236 5480 "GET /media/products/elec.3.jpg HTTP/1.1" 304 0
INFO 2025-12-15 00:29:31,111 basehttp 9236 25508 "GET /media/products/elec.7.jpg HTTP/1.1" 304 0
INFO 2025-12-15 00:29:31,115 basehttp 9236 5480 "GET /media/products/elec.4.jpg HTTP/1.1" 304 0
INFO 2025-12-15 00:29:31,116 basehttp 9236 9704 "GET /media/products/elec.6.jpg HTTP/1.1" 304 0
INFO 2025-12-15 00:29:31,169 basehttp 9236 20144 "GET /media/products/elec.5.jpg HTTP/1.1" 304 0
INFO 2025-12-15 00:29:31,178 basehttp 9236 12584 "GET /media/products/elec.8.jpg HTTP/1.1" 304 0
INFO 2025-12-15 00:29:31,187 basehttp 9236 19308 "GET /media/products/elec.9.jpg HTTP/1.1" 304 0
INFO 2025-12-15 00:29:32,896 basehttp 9236 19308 "GET /login/ HTTP/1.1" 200 1312
INFO 2025-12-15 00:29:37,183 views 9236 19308 User logged in: User
INFO 2025-12-15 00:29:37,212 basehttp 9236 19308 "POST /login/ HTTP/1.1" 302 0
INFO 2025-12-15 00:29:37,301 basehttp 9236 19308 "GET / HTTP/1.1" 200 36499
INFO 2025-12-15 00:29:43,268 basehttp 9236 19308 "GET /admin/ HTTP/1.1" 302 0
INFO 2025-12-15 00:29:43,317 basehttp 9236 19308 "GET /admin/login/?next=/admin/ HTTP/1.1" 200 3806
INFO 2025-12-15 00:30:03,445 basehttp 9236 24860 "GET /admin/store/product/ HTTP/1.1" 302 0
INFO 2025-12-15 00:30:03,517 basehttp 9236 24860 "GET /admin/login/?next=/admin/store/product/ HTTP/1.1" 200 3714
INFO 2025-12-15 00:30:15,322 basehttp 9236 11576 "GET /admin/login/?next=/user/store/product/ HTTP/1.1" 200 3712
INFO 2025-12-15 00:30:18,888 basehttp 9236 12532 "POST /admin/login/?next=/user/store/product/ HTTP/1.1" 200 3879
INFO 2025-12-15 00:31:26,894 basehttp 9236 19948 "POST /admin/login/?next=/user/store/product/ HTTP/1.1" 200 3879
INFO 2025-12-15 12:32:56,414 basehttp 9236 21800 "GET /admin/ HTTP/1.1" 302 0
INFO 2025-12-15 12:32:56,607 basehttp 9236 21800 "GET /admin/login/?next=/admin/ HTTP/1.1" 200 3686
INFO 2025-12-15 12:33:02,703 basehttp 9236 21800 "POST /admin/login/?next=/admin/ HTTP/1.1" 200 3853
INFO 2025-12-15 12:33:33,872 basehttp 9236 540 "GET /staff/products/ HTTP/1.1" 200 12571
INFO 2025-12-15 12:33:38,425 basehttp 9236 11152 "GET / HTTP/1.1" 200 36499
INFO 2025-12-15 12:33:38,534 basehttp 9236 11152 "GET /media/products/furniture.1.jpg HTTP/1.1" 304 0
INFO 2025-12-15 12:33:38,541 basehttp 9236 7344 "GET /media/products/furniture.2.jpg HTTP/1.1" 304 0
INFO 2025-12-15 12:33:38,549 basehttp 9236 19256 "GET /media/products/furniture.3.jpg HTTP/1.1" 304 0
INFO 2025-12-15 12:33:38,566 basehttp 9236 23032 "GET /media/products/furniture.6.jpg HTTP/1.1" 304 0
INFO 2025-12-15 12:33:38,569 basehttp 9236 11552 "GET /media/products/furniture.5.jpg HTTP/1.1" 304 0
INFO 2025-12-15 12:33:38,574 basehttp 9236 11152 "GET /media/products/furniture.8.jpg HTTP/1.1" 304 0
INFO 2025-12-15 12:33:38,576 basehttp 9236 7344 "GET /media/products/furniture.10.jpg HTTP/1.1" 304 0
INFO 2025-12-15 12:33:38,579 basehttp 9236 19256 "GET /media/products/furniture.9.jpg HTTP/1.1" 304 0
INFO 2025-12-15 12:33:38,586 basehttp 9236 11552 "GET /media/products/elec.1.jpg HTTP/1.1" 304 0
INFO 2025-12-15 12:33:38,604 basehttp 9236 20240 "GET /media/products/furniture.7.jpg HTTP/1.1" 304 0
INFO 2025-12-15 12:33:38,668 basehttp 9236 19256 "GET /media/products/elec.3.jpg HTTP/1.1" 304 0
INFO 2025-12-15 12:33:38,669 basehttp 9236 11552 "GET /media/products/elec.2.jpg HTTP/1.1" 304 0
INFO 2025-12-15 12:33:38,675 basehttp 9236 20240 "GET /media/products/elec.4.jpg HTTP/1.1" 304 0
INFO 2025-12-15 12:33:38,674 basehttp 9236 7344 "GET /media/products/elec.5.jpg HTTP/1.1" 304 0
INFO 2025-12-15 12:33:38,676 basehttp 9236 11152 "GET /media/products/elec.6.jpg HTTP/1.1" 304 0
INFO 2025-12-15 12:33:38,692 basehttp 9236 11552 "GET /media/products/elec.7.jpg HTTP/1.1" 304 0
INFO 2025-12-15 12:33:38,717 basehttp 9236 11552 "GET /media/products/elec.9.jpg HTTP/1.1" 304 0
INFO 2025-12-15 12:33:38,719 basehttp 9236 11152 "GET /media/products/elec.8.jpg HTTP/1.1" 304 0
INFO 2025-12-15 12:34:09,669 basehttp 9236 13200 "GET /staff/orders/ HTTP/1.1" 200 423
INFO 2025-12-15 12:34:12,151 basehttp 9236 13200 "GET / HTTP/1.1" 200 36499
INFO 2025-12-15 12:34:15,667 basehttp 9236 13200 "GET /cart/ HTTP/1.1" 200 497
INFO 2025-12-15 12:34:17,819 basehttp 9236 13200 "GET / HTTP/1.1" 200 36499
WARNING 2025-12-15 12:34:50,117 log 9236 13860 Not Found: /orders/manage/
WARNING 2025-12-15 12:34:50,120 basehttp 9236 13860 "GET /orders/manage/ HTTP/1.1" 404 6914
INFO 2025-12-15 12:37:14,417 basehttp 9236 9048 "GET / HTTP/1.1" 200 36499
INFO 2025-12-15 12:37:16,687 views 9236 9048 User logged out: User
INFO 2025-12-15 12:37:16,698 basehttp 9236 9048 "GET /logout/ HTTP/1.1" 302 0
INFO 2025-12-15 12:37:16,744 basehttp 9236 9048 "GET / HTTP/1.1" 200 36439
INFO 2025-12-15 12:37:20,445 basehttp 9236 23708 "GET /login/ HTTP/1.1" 200 1312
WARNING 2025-12-15 12:37:37,214 views 9236 22164 Failed login attempt for username: testuser
INFO 2025-12-15 12:37:37,217 basehttp 9236 22164 "POST /login/ HTTP/1.1" 200 1324
WARNING 2025-12-15 12:40:58,249 views 9236 12816 Failed login attempt for username: testuser
INFO 2025-12-15 12:40:58,261 basehttp 9236 12816 "POST /login/ HTTP/1.1" 200 1329
WARNING 2025-12-15 12:41:18,171 views 9236 12984 Failed login attempt for username: testuser
INFO 2025-12-15 12:41:18,174 basehttp 9236 12984 "POST /login/ HTTP/1.1" 200 1324
INFO 2025-12-15 12:41:45,001 views 9236 16712 User logged in: User
INFO 2025-12-15 12:41:45,025 basehttp 9236 16712 "POST /login/ HTTP/1.1" 302 0
INFO 2025-12-15 12:41:45,078 basehttp 9236 16712 "GET / HTTP/1.1" 200 36499
WARNING 2025-12-15 12:41:57,803 log 9236 22588 Not Found: /.well-known/appspecific/com.chrome.devtools.json
WARNING 2025-12-15 12:41:57,805 basehttp 9236 22588 "GET /.well-known/appspecific/com.chrome.devtools.json HTTP/1.1" 404 7016
INFO 2025-12-15 12:42:19,093 views 9236 19140 User logged out: User
INFO 2025-12-15 12:42:19,097 basehttp 9236 19140 "GET /logout/ HTTP/1.1" 302 0
INFO 2025-12-15 12:42:19,147 basehttp 9236 19140 "GET / HTTP/1.1" 200 36439
WARNING 2025-12-15 12:42:19,208 log 9236 19140 Not Found: /.well-known/appspecific/com.chrome.devtools.json
WARNING 2025-12-15 12:42:19,211 basehttp 9236 19140 "GET /.well-known/appspecific/com.chrome.devtools.json HTTP/1.1" 404 7016
INFO 2025-12-15 12:42:20,668 basehttp 9236 19140 "GET /cart/ HTTP/1.1" 200 497
WARNING 2025-12-15 12:42:20,722 log 9236 19140 Not Found: /.well-known/appspecific/com.chrome.devtools.json
WARNING 2025-12-15 12:42:20,723 basehttp 9236 19140 "GET /.well-known/appspecific/com.chrome.devtools.json HTTP/1.1" 404 7016
INFO 2025-12-15 12:42:23,747 basehttp 9236 19140 "GET / HTTP/1.1" 200 36439
WARNING 2025-12-15 12:42:23,800 log 9236 19140 Not Found: /.well-known/appspecific/com.chrome.devtools.json
WARNING 2025-12-15 12:42:23,802 basehttp 9236 19140 "GET /.well-known/appspecific/com.chrome.devtools.json HTTP/1.1" 404 7016
WARNING 2025-12-15 12:42:28,676 log 9236 1004 Not Found: /.well-known/appspecific/com.chrome.devtools.json
WARNING 2025-12-15 12:42:28,677 basehttp 9236 1004 "GET /.well-known/appspecific/com.chrome.devtools.json HTTP/1.1" 404 7016
WARNING 2025-12-15 12:42:28,715 log 9236 1004 Not Found: /.well-known/appspecific/com.chrome.devtools.json
WARNING 2025-12-15 12:42:28,716 basehttp 9236 1004 "GET /.well-known/appspecific/com.chrome.devtools.json HTTP/1.1" 404 7016
INFO 2025-12-15 12:42:30,615 basehttp 9236 1004 "GET / HTTP/1.1" 200 36439
WARNING 2025-12-15 12:42:30,674 log 9236 1004 Not Found: /.well-known/appspecific/com.chrome.devtools.json
WARNING 2025-12-15 12:42:30,679 basehttp 9236 1004 "GET /.well-known/appspecific/com.chrome.devtools.json HTTP/1.1" 404 7016
INFO 2025-12-15 12:42:33,714 basehttp 9236 1004 "GET /login/ HTTP/1.1" 200 1363
WARNING 2025-12-15 12:42:33,767 log 9236 1004 Not Found: /.well-known/appspecific/com.chrome.devtools.json
WARNING 2025-12-15 12:42:33,769 basehttp 9236 1004 "GET /.well-known/appspecific/com.chrome.devtools.json HTTP/1.1" 404 7016
INFO 2025-12-15 12:42:36,592 views 9236 1004 User logged in: User
INFO 2025-12-15 12:42:36,606 basehttp 9236 1004 "POST /login/ HTTP/1.1" 302 0
INFO 2025-12-15 12:42:36,637 basehttp 9236 1004 "GET / HTTP/1.1" 200 36499
WARNING 2025-12-15 12:42:36,703 log 9236 1004 Not Found: /.well-known/appspecific/com.chrome.devtools.json
WARNING 2025-12-15 12:42:36,704 basehttp 9236 1004 "GET /.well-known/appspecific/com.chrome.devtools.json HTTP/1.1" 404 7016
INFO 2025-12-15 13:33:59,217 autoreload 16084 17676 Watching for file changes with StatReloader
INFO 2025-12-15 13:34:04,568 basehttp 16084 18088 "GET / HTTP/1.1" 200 36499
INFO 2025-12-15 13:34:15,480 basehttp 16084 22948 "GET /admin/ HTTP/1.1" 302 0
INFO 2025-12-15 13:34:15,829 basehttp 16084 22948 "GET /admin/login/?next=/admin/ HTTP/1.1" 200 3806
INFO 2025-12-15 13:34:19,516 basehttp 16084 22948 "POST /admin/login/?next=/admin/ HTTP/1.1" 200 3853
INFO 2025-12-15 13:42:13,458 basehttp 16084 20716 "GET / HTTP/1.1" 200 36499
INFO 2025-12-15 13:42:20,395 basehttp 16084 22332 "GET /?category=books HTTP/1.1" 200 15017
INFO 2025-12-15 13:42:22,866 views 16084 22332 User logged out: User
INFO 2025-12-15 13:42:22,878 basehttp 16084 22332 "GET /logout/ HTTP/1.1" 302 0
INFO 2025-12-15 13:42:22,917 basehttp 16084 22332 "GET / HTTP/1.1" 200 36439
INFO 2025-12-15 13:42:24,740 basehttp 16084 22332 "GET /login/ HTTP/1.1" 200 1312
INFO 2025-12-15 13:42:30,586 views 16084 1884 User logged in: admin
INFO 2025-12-15 13:42:30,599 basehttp 16084 1884 "POST /login/ HTTP/1.1" 302 0
INFO 2025-12-15 13:42:30,652 basehttp 16084 1884 "GET / HTTP/1.1" 200 36640
INFO 2025-12-15 13:42:34,834 basehttp 16084 1884 "GET /admin/ HTTP/1.1" 200 16160
INFO 2025-12-15 13:42:39,019 basehttp 16084 24000 "GET /admin/auth/user/ HTTP/1.1" 200 16520
INFO 2025-12-15 13:42:39,358 basehttp 16084 24000 "GET /admin/jsi18n/ HTTP/1.1" 200 3342
INFO 2025-12-15 13:42:39,372 basehttp 16084 7848 "GET /static/admin/img/icon-no.svg HTTP/1.1" 200 560
INFO 2025-12-15 13:42:39,426 basehttp 16084 7848 "GET /static/admin/img/sorting-icons.svg HTTP/1.1" 200 1097
INFO 2025-12-15 13:42:54,424 basehttp 16084 17696 "GET /admin/store/customerprofile/ HTTP/1.1" 200 14587
INFO 2025-12-15 13:42:54,447 basehttp 16084 17696 "GET /admin/jsi18n/ HTTP/1.1" 200 3342
INFO 2025-12-15 13:42:57,602 basehttp 16084 10484 "GET /admin/auth/user/ HTTP/1.1" 200 16520
INFO 2025-12-15 13:42:57,624 basehttp 16084 10484 "GET /admin/jsi18n/ HTTP/1.1" 200 3342
WARNING 2025-12-15 13:44:30,693 log 16084 2368 Not Found: /store/manage_products/
WARNING 2025-12-15 13:44:30,696 basehttp 16084 2368 "GET /store/manage_products/ HTTP/1.1" 404 6938
WARNING 2025-12-15 13:44:58,417 log 16084 13268 Not Found: /store/manage_products/
WARNING 2025-12-15 13:44:58,418 basehttp 16084 13268 "GET /store/manage_products/ HTTP/1.1" 404 6938
WARNING 2025-12-15 13:45:15,505 log 16084 15556 Not Found: /store/manage_orders/
WARNING 2025-12-15 13:45:15,506 basehttp 16084 15556 "GET /store/manage_orders/ HTTP/1.1" 404 6932
INFO 2025-12-15 13:45:36,188 basehttp 16084 10748 "GET /admin/store/product/ HTTP/1.1" 200 27490
INFO 2025-12-15 13:45:38,686 basehttp 16084 20172 "GET / HTTP/1.1" 200 36640
INFO 2025-12-15 13:45:44,909 basehttp 16084 20172 "GET /staff/products/ HTTP/1.1" 200 12571
INFO 2025-12-15 13:45:49,013 basehttp 16084 8440 "GET /staff/products/1/edit/ HTTP/1.1" 200 2040
INFO 2025-12-15 13:45:52,296 basehttp 16084 8440 "GET /staff/products/ HTTP/1.1" 200 12571
INFO 2025-12-15 13:46:40,718 basehttp 16084 7028 "GET /staff/products/ HTTP/1.1" 200 12571
INFO 2025-12-15 13:46:44,575 basehttp 16084 7028 "GET / HTTP/1.1" 200 36640
INFO 2025-12-15 13:46:46,507 views 16084 7028 User logged out: admin
INFO 2025-12-15 13:46:46,509 basehttp 16084 7028 "GET /logout/ HTTP/1.1" 302 0
INFO 2025-12-15 13:46:46,537 basehttp 16084 7028 "GET / HTTP/1.1" 200 36439
INFO 2025-12-15 13:46:50,378 basehttp 16084 16752 "GET /register/ HTTP/1.1" 200 2083
INFO 2025-12-15 13:47:33,725 basehttp 16084 24300 "POST /register/ HTTP/1.1" 200 2555
INFO 2025-12-15 13:47:53,181 basehttp 16084 1464 "POST /register/ HTTP/1.1" 200 2395
INFO 2025-12-15 13:48:18,384 basehttp 16084 9260 "POST /register/ HTTP/1.1" 200 2405
INFO 2025-12-15 13:48:39,696 basehttp 16084 2708 "POST /register/ HTTP/1.1" 200 2423
INFO 2025-12-15 13:48:50,740 basehttp 16084 13660 "POST /register/ HTTP/1.1" 200 2405
INFO 2025-12-15 13:49:00,398 basehttp 16084 20956 "POST /register/ HTTP/1.1" 200 2523
INFO 2025-12-15 13:49:13,299 basehttp 16084 18364 "POST /register/ HTTP/1.1" 200 2523
INFO 2025-12-15 13:49:28,330 basehttp 16084 16072 "POST /register/ HTTP/1.1" 200 2373
INFO 2025-12-15 13:49:49,764 views 16084 18028 New user registered: User1
INFO 2025-12-15 13:49:49,773 basehttp 16084 18028 "POST /register/ HTTP/1.1" 302 0
INFO 2025-12-15 13:49:49,783 basehttp 16084 18028 "GET /login/ HTTP/1.1" 200 1326
INFO 2025-12-15 13:50:03,175 views 16084 17028 User logged out: anonymous
INFO 2025-12-15 13:50:03,177 basehttp 16084 17028 "GET /logout/ HTTP/1.1" 302 0
INFO 2025-12-15 13:50:03,212 basehttp 16084 17028 "GET / HTTP/1.1" 200 36439
INFO 2025-12-15 13:50:04,787 basehttp 16084 17028 "GET /login/ HTTP/1.1" 200 1312
WARNING 2025-12-15 13:50:18,666 views 16084 18248 Failed login attempt for username: user1
INFO 2025-12-15 13:50:18,669 basehttp 16084 18248 "POST /login/ HTTP/1.1" 200 1321
WARNING 2025-12-15 13:50:29,385 views 16084 19528 Failed login attempt for username: user1
INFO 2025-12-15 13:50:29,388 basehttp 16084 19528 "POST /login/ HTTP/1.1" 200 1321
WARNING 2025-12-15 13:50:33,334 views 16084 19528 Failed login attempt for username: user1
INFO 2025-12-15 13:50:33,335 basehttp 16084 19528 "POST /login/ HTTP/1.1" 200 1321
WARNING 2025-12-15 13:50:41,616 views 16084 23620 Failed login attempt for username: user1
INFO 2025-12-15 13:50:41,618 basehttp 16084 23620 "POST /login/ HTTP/1.1" 200 1321
INFO 2025-12-15 13:50:50,693 basehttp 16084 13600 "GET /admin/auth/user/ HTTP/1.1" 302 0
INFO 2025-12-15 13:50:50,720 basehttp 16084 13600 "GET /admin/login/?next=/admin/auth/user/ HTTP/1.1" 200 4193
INFO 2025-12-15 13:50:53,822 basehttp 16084 13600 "POST /admin/login/?next=/admin/auth/user/ HTTP/1.1" 302 0
INFO 2025-12-15 13:50:53,864 basehttp 16084 13600 "GET /admin/auth/user/ HTTP/1.1" 200 16978
INFO 2025-12-15 13:50:53,897 basehttp 16084 13600 "GET /admin/jsi18n/ HTTP/1.1" 200 3342
INFO 2025-12-15 13:50:56,699 basehttp 16084 13600 "GET /admin/auth/user/1/change/ HTTP/1.1" 200 29028
INFO 2025-12-15 13:50:56,744 basehttp 16084 13600 "GET /admin/jsi18n/ HTTP/1.1" 200 3342
INFO 2025-12-15 13:50:56,961 basehttp 16084 25572 "GET /static/admin/js/SelectBox.js HTTP/1.1" 200 4530
INFO 2025-12-15 13:50:56,961 basehttp 16084 21292 "GET /static/admin/js/admin/DateTimeShortcuts.js HTTP/1.1" 200 19319
INFO 2025-12-15 13:50:56,961 basehttp 16084 6340 "GET /static/admin/js/calendar.js HTTP/1.1" 200 9141
INFO 2025-12-15 13:50:56,962 basehttp 16084 22232 "GET /static/admin/js/SelectFilter2.js HTTP/1.1" 200 15845
INFO 2025-12-15 13:50:57,072 basehttp 16084 6340 "GET /static/admin/img/icon-calendar.svg HTTP/1.1" 200 1086
INFO 2025-12-15 13:50:57,072 basehttp 16084 25572 "GET /static/admin/img/icon-clock.svg HTTP/1.1" 200 677
INFO 2025-12-15 13:50:57,078 basehttp 16084 22232 "GET /static/admin/img/selector-icons.svg HTTP/1.1" 200 3291
INFO 2025-12-15 13:51:16,262 basehttp 16084 22232 "GET /admin/auth/user/1/password/ HTTP/1.1" 200 13629
INFO 2025-12-15 13:51:16,323 basehttp 16084 22232 "GET /static/admin/css/unusable_password_field.css HTTP/1.1" 200 663
INFO 2025-12-15 13:51:16,341 basehttp 16084 6340 "GET /static/admin/js/unusable_password_field.js HTTP/1.1" 200 1480
INFO 2025-12-15 13:51:33,548 basehttp 16084 6340 "POST /admin/auth/user/1/password/ HTTP/1.1" 200 13910
INFO 2025-12-15 13:51:53,990 basehttp 16084 6340 "POST /admin/auth/user/1/password/ HTTP/1.1" 302 0
INFO 2025-12-15 13:51:54,069 basehttp 16084 6340 "GET /admin/auth/user/1/change/ HTTP/1.1" 200 29164
INFO 2025-12-15 13:51:54,090 basehttp 16084 6340 "GET /admin/jsi18n/ HTTP/1.1" 200 3342
WARNING 2025-12-15 13:52:02,085 log 16084 6340 Forbidden (CSRF token from POST incorrect.): /login/
WARNING 2025-12-15 13:52:02,086 basehttp 16084 6340 "POST /login/ HTTP/1.1" 403 2503
WARNING 2025-12-15 13:52:24,656 log 16084 6340 Forbidden (CSRF token from POST incorrect.): /login/
WARNING 2025-12-15 13:52:24,658 basehttp 16084 6340 "POST /login/ HTTP/1.1" 403 2503
WARNING 2025-12-15 13:52:29,315 log 16084 6340 Forbidden (CSRF token from POST incorrect.): /login/
WARNING 2025-12-15 13:52:29,316 basehttp 16084 6340 "POST /login/ HTTP/1.1" 403 2503
INFO 2025-12-15 13:53:39,496 basehttp 16084 6340 "GET /admin/auth/user/ HTTP/1.1" 200 16978
INFO 2025-12-15 13:53:39,521 basehttp 16084 6340 "GET /admin/jsi18n/ HTTP/1.1" 200 3342
INFO 2025-12-15 13:53:42,253 basehttp 16084 6340 "GET /admin/auth/user/3/change/ HTTP/1.1" 200 28990
INFO 2025-12-15 13:53:42,276 basehttp 16084 6340 "GET /admin/jsi18n/ HTTP/1.1" 200 3342
WARNING 2025-12-15 14:03:10,274 log 16084 13668 Forbidden (CSRF token from POST incorrect.): /login/
WARNING 2025-12-15 14:03:10,278 basehttp 16084 13668 "POST /login/ HTTP/1.1" 403 2503
WARNING 2025-12-15 14:03:15,509 log 16084 13668 Forbidden (CSRF token from POST incorrect.): /login/
WARNING 2025-12-15 14:03:15,510 basehttp 16084 13668 "POST /login/ HTTP/1.1" 403 2503
INFO 2025-12-15 14:04:13,082 basehttp 16084 19556 "POST /admin/auth/user/3/change/ HTTP/1.1" 302 0
INFO 2025-12-15 14:04:13,118 basehttp 16084 19556 "GET /admin/auth/user/ HTTP/1.1" 200 17171
INFO 2025-12-15 14:04:13,204 basehttp 16084 19556 "GET /admin/jsi18n/ HTTP/1.1" 200 3342
WARNING 2025-12-15 14:04:18,483 log 16084 19556 Forbidden (CSRF token from POST incorrect.): /login/
WARNING 2025-12-15 14:04:18,484 basehttp 16084 19556 "POST /login/ HTTP/1.1" 403 2503
INFO 2025-12-15 14:04:30,106 basehttp 16084 15600 "GET / HTTP/1.1" 200 36640
INFO 2025-12-15 14:04:30,202 basehttp 16084 15600 "GET /media/products/elec.2.jpg HTTP/1.1" 304 0
INFO 2025-12-15 14:04:30,207 basehttp 16084 16164 "GET /media/products/elec.3.jpg HTTP/1.1" 304 0
INFO 2025-12-15 14:04:30,213 basehttp 16084 4452 "GET /media/products/elec.4.jpg HTTP/1.1" 304 0
INFO 2025-12-15 14:04:30,214 basehttp 16084 15600 "GET /media/products/elec.7.jpg HTTP/1.1" 304 0
INFO 2025-12-15 14:04:30,216 basehttp 16084 25236 "GET /media/products/elec.5.jpg HTTP/1.1" 304 0
INFO 2025-12-15 14:04:30,220 basehttp 16084 16164 "GET /media/products/elec.8.jpg HTTP/1.1" 304 0
INFO 2025-12-15 14:04:30,220 basehttp 16084 12272 "GET /media/products/elec.6.jpg HTTP/1.1" 304 0
INFO 2025-12-15 14:04:30,222 basehttp 16084 11592 "GET /media/products/elec.9.jpg HTTP/1.1" 304 0
INFO 2025-12-15 14:04:32,195 views 16084 11592 User logged out: admin
INFO 2025-12-15 14:04:32,197 basehttp 16084 11592 "GET /logout/ HTTP/1.1" 302 0
INFO 2025-12-15 14:04:32,224 basehttp 16084 11592 "GET / HTTP/1.1" 200 36439
INFO 2025-12-15 14:04:34,063 basehttp 16084 11592 "GET /login/ HTTP/1.1" 200 1312
INFO 2025-12-15 14:04:37,000 views 16084 11592 User logged in: User
INFO 2025-12-15 14:04:37,014 basehttp 16084 11592 "POST /login/ HTTP/1.1" 302 0
INFO 2025-12-15 14:04:37,051 basehttp 16084 11592 "GET / HTTP/1.1" 200 36499
INFO 2025-12-15 14:04:39,257 views 16084 17172 User logged out: User
INFO 2025-12-15 14:04:39,260 basehttp 16084 17172 "GET /logout/ HTTP/1.1" 302 0
INFO 2025-12-15 14:04:39,286 basehttp 16084 17172 "GET / HTTP/1.1" 200 36439
INFO 2025-12-15 14:04:40,565 basehttp 16084 17172 "GET /login/ HTTP/1.1" 200 1363
WARNING 2025-12-15 14:04:50,549 views 16084 12596 Failed login attempt for username: User1
INFO 2025-12-15 14:04:50,551 basehttp 16084 12596 "POST /login/ HTTP/1.1" 200 1321
WARNING 2025-12-15 14:04:56,712 views 16084 12596 Failed login attempt for username: User1
INFO 2025-12-15 14:04:56,715 basehttp 16084 12596 "POST /login/ HTTP/1.1" 200 1321
WARNING 2025-12-15 14:05:08,374 views 16084 2248 Failed login attempt for username: User1
INFO 2025-12-15 14:05:08,376 basehttp 16084 2248 "POST /login/ HTTP/1.1" 200 1321
WARNING 2025-12-15 14:05:13,895 log 16084 2760 Forbidden (CSRF token from POST incorrect.): /login/
WARNING 2025-12-15 14:05:13,896 basehttp 16084 2760 "POST /login/ HTTP/1.1" 403 2503
WARNING 2025-12-15 14:05:27,055 log 16084 1936 Forbidden (CSRF token from POST incorrect.): /admin/login/
WARNING 2025-12-15 14:05:27,056 basehttp 16084 1936 "POST /admin/login/?next=/admin/ HTTP/1.1" 403 2503
INFO 2025-12-15 14:05:29,758 basehttp 16084 340 "GET /admin/login/?next=/admin/ HTTP/1.1" 200 4173
INFO 2025-12-15 14:05:30,897 basehttp 16084 340 "GET / HTTP/1.1" 200 36439
INFO 2025-12-15 14:05:36,321 basehttp 16084 340 "GET / HTTP/1.1" 200 36439
INFO 2025-12-15 14:05:42,432 basehttp 16084 1468 "GET /admin/ HTTP/1.1" 302 0
INFO 2025-12-15 14:05:42,450 basehttp 16084 1468 "GET /admin/login/?next=/admin/ HTTP/1.1" 200 4173
INFO 2025-12-15 14:05:45,197 basehttp 16084 1468 "POST /admin/login/?next=/admin/ HTTP/1.1" 200 4341
INFO 2025-12-15 14:05:47,773 basehttp 16084 1468 "GET /admin/login/?next=/admin/ HTTP/1.1" 200 4173
INFO 2025-12-15 14:05:59,628 basehttp 16084 204 "GET /login/ HTTP/1.1" 200 1186
WARNING 2025-12-15 14:06:05,754 views 16084 204 Failed login attempt for username: admin
INFO 2025-12-15 14:06:05,756 basehttp 16084 204 "POST /login/ HTTP/1.1" 200 1321
WARNING 2025-12-15 14:06:22,073 log 16084 204 Forbidden (CSRF token from POST incorrect.): /admin/auth/user/
WARNING 2025-12-15 14:06:22,074 basehttp 16084 204 "POST /admin/auth/user/ HTTP/1.1" 403 2503
INFO 2025-12-15 14:06:26,018 basehttp 16084 204 "GET /admin/auth/user/ HTTP/1.1" 302 0
INFO 2025-12-15 14:06:26,032 basehttp 16084 204 "GET /admin/login/?next=/admin/auth/user/ HTTP/1.1" 200 4193
INFO 2025-12-15 14:06:28,605 basehttp 16084 204 "POST /admin/login/?next=/admin/auth/user/ HTTP/1.1" 200 4361
INFO 2025-12-15 14:06:34,396 basehttp 16084 204 "POST /admin/login/?next=/admin/auth/user/ HTTP/1.1" 200 4361
INFO 2025-12-15 14:06:35,982 basehttp 16084 204 "POST /admin/login/?next=/admin/auth/user/ HTTP/1.1" 200 4361
INFO 2025-12-15 14:06:37,906 basehttp 16084 204 "POST /admin/login/?next=/admin/auth/user/ HTTP/1.1" 200 4361
INFO 2025-12-15 14:06:41,461 basehttp 16084 204 "POST /admin/login/?next=/admin/auth/user/ HTTP/1.1" 200 4361
INFO 2025-12-15 14:07:03,085 autoreload 14600 8856 Watching for file changes with StatReloader
INFO 2025-12-15 14:07:07,426 basehttp 14600 7280 "GET / HTTP/1.1" 200 36439
WARNING 2025-12-15 14:07:07,801 log 14600 7280 Not Found: /favicon.ico
WARNING 2025-12-15 14:07:07,807 basehttp 14600 7280 "GET /favicon.ico HTTP/1.1" 404 6905
INFO 2025-12-15 14:07:11,387 basehttp 14600 7280 "GET /login/ HTTP/1.1" 200 1186
WARNING 2025-12-15 14:07:13,932 views 14600 17788 Failed login attempt for username: admin
INFO 2025-12-15 14:07:13,934 basehttp 14600 17788 "POST /login/ HTTP/1.1" 200 1321
WARNING 2025-12-15 14:07:20,756 views 14600 17788 Failed login attempt for username: admin
INFO 2025-12-15 14:07:20,758 basehttp 14600 17788 "POST /login/ HTTP/1.1" 200 1321
WARNING 2025-12-15 14:08:22,562 views 14600 23268 Failed login attempt for username: admin
INFO 2025-12-15 14:08:22,565 basehttp 14600 23268 "POST /login/ HTTP/1.1" 200 1321
INFO 2025-12-15 14:08:27,286 views 14600 23268 User logged in: User
INFO 2025-12-15 14:08:27,325 basehttp 14600 23268 "POST /login/ HTTP/1.1" 302 0
INFO 2025-12-15 14:08:27,358 basehttp 14600 23268 "GET / HTTP/1.1" 200 36499
INFO 2025-12-15 14:08:31,612 basehttp 14600 10824 "GET /admin/ HTTP/1.1" 302 0
INFO 2025-12-15 14:08:31,725 basehttp 14600 10824 "GET /admin/login/?next=/admin/ HTTP/1.1" 200 3806
INFO 2025-12-15 14:08:34,283 basehttp 14600 10824 "POST /admin/login/?next=/admin/ HTTP/1.1" 200 3853
INFO 2025-12-15 14:08:38,818 basehttp 14600 5020 "POST /admin/login/?next=/admin/ HTTP/1.1" 200 3854
INFO 2025-12-15 14:09:03,660 basehttp 14600 13188 "POST /admin/login/?next=/admin/ HTTP/1.1" 200 3854
INFO 2025-12-15 14:09:07,492 basehttp 14600 13188 "POST /admin/login/?next=/admin/ HTTP/1.1" 200 3854
INFO 2025-12-15 14:09:12,300 basehttp 14600 18144 "POST /admin/login/?next=/admin/ HTTP/1.1" 200 3854
INFO 2025-12-15 14:09:26,816 basehttp 14600 22184 "GET / HTTP/1.1" 200 36499
INFO 2025-12-15 14:09:29,406 views 14600 24808 User logged out: User
INFO 2025-12-15 14:09:29,408 basehttp 14600 24808 "GET /logout/ HTTP/1.1" 302 0
INFO 2025-12-15 14:09:29,430 basehttp 14600 24808 "GET / HTTP/1.1" 200 36439
INFO 2025-12-15 14:09:31,270 basehttp 14600 24808 "GET /login/ HTTP/1.1" 200 1312
WARNING 2025-12-15 14:09:34,428 views 14600 24808 Failed login attempt for username: admin
INFO 2025-12-15 14:09:34,431 basehttp 14600 24808 "POST /login/ HTTP/1.1" 200 1321
WARNING 2025-12-15 14:10:01,998 views 14600 6976 Failed login attempt for username: admin
INFO 2025-12-15 14:10:02,000 basehttp 14600 6976 "POST /login/ HTTP/1.1" 200 1321
INFO 2025-12-15 14:10:04,170 basehttp 14600 6976 "GET /register/ HTTP/1.1" 200 1957
INFO 2025-12-15 14:10:50,676 basehttp 14600 19448 "POST /register/ HTTP/1.1" 200 2746
INFO 2025-12-15 14:11:09,975 basehttp 14600 13724 "GET /login/ HTTP/1.1" 200 1186
WARNING 2025-12-15 14:11:12,250 views 14600 13724 Failed login attempt for username: admin
INFO 2025-12-15 14:11:12,252 basehttp 14600 13724 "POST /login/ HTTP/1.1" 200 1321
WARNING 2025-12-15 14:11:16,835 views 14600 13724 Failed login attempt for username: admin
INFO 2025-12-15 14:11:16,837 basehttp 14600 13724 "POST /login/ HTTP/1.1" 200 1321
INFO 2025-12-15 14:11:33,039 basehttp 14600 13724 "GET /register/ HTTP/1.1" 200 1957
INFO 2025-12-15 14:12:11,849 basehttp 14600 13724 "POST /register/ HTTP/1.1" 200 2732
INFO 2025-12-15 14:12:39,718 basehttp 14600 13724 "POST /register/ HTTP/1.1" 200 2746
INFO 2025-12-15 14:13:35,043 basehttp 14600 21584 "GET /admin/store/product/ HTTP/1.1" 302 0
INFO 2025-12-15 14:13:35,074 basehttp 14600 21584 "GET /admin/login/?next=/admin/store/product/ HTTP/1.1" 200 4201
INFO 2025-12-15 14:13:37,732 basehttp 14600 20680 "POST /admin/login/?next=/admin/store/product/ HTTP/1.1" 200 4369
INFO 2025-12-15 14:13:46,796 basehttp 14600 6952 "POST /admin/login/?next=/admin/store/product/ HTTP/1.1" 200 4369
INFO 2025-12-15 14:15:32,330 basehttp 14600 16104 "POST /admin/login/?next=/admin/store/product/ HTTP/1.1" 200 4369
INFO 2025-12-15 14:16:46,108 basehttp 14600 20392 "POST /admin/login/?next=/admin/store/product/ HTTP/1.1" 200 4369
INFO 2025-12-15 14:20:01,675 basehttp 14600 21616 "POST /admin/login/?next=/admin/store/product/ HTTP/1.1" 200 4369
INFO 2025-12-15 14:21:31,230 basehttp 14600 23232 "POST /admin/login/?next=/admin/store/product/ HTTP/1.1" 200 4369
INFO 2025-12-15 14:21:59,255 basehttp 14600 18488 "GET / HTTP/1.1" 200 36439
INFO 2025-12-15 14:22:03,525 basehttp 14600 18488 "GET /login/ HTTP/1.1" 200 1186
WARNING 2025-12-15 14:22:07,654 views 14600 12256 Failed login attempt for username: admin
INFO 2025-12-15 14:22:07,662 basehttp 14600 12256 "POST /login/ HTTP/1.1" 200 1321
INFO 2025-12-15 14:22:12,329 views 14600 12256 User logged in: User
INFO 2025-12-15 14:22:12,387 basehttp 14600 12256 "POST /login/ HTTP/1.1" 302 0
INFO 2025-12-15 14:22:12,424 basehttp 14600 12256 "GET / HTTP/1.1" 200 36499
INFO 2025-12-15 14:22:18,333 autoreload 14600 8856 C:\Users\USER\Desktop\myshop_app\store\views.py changed, reloading.
INFO 2025-12-15 14:22:50,173 autoreload 16824 14992 Watching for file changes with StatReloader
WARNING 2025-12-15 14:23:47,437 log 16824 2716 Forbidden (CSRF token from POST incorrect.): /admin/login/
WARNING 2025-12-15 14:23:47,472 basehttp 16824 2716 "POST /admin/login/?next=/admin/store/product/ HTTP/1.1" 403 2503
WARNING 2025-12-15 14:24:13,778 log 16824 6700 Forbidden (CSRF token from POST incorrect.): /admin/login/
WARNING 2025-12-15 14:24:13,780 basehttp 16824 6700 "POST /admin/login/?next=/admin/store/product/ HTTP/1.1" 403 2503
WARNING 2025-12-15 14:28:13,628 log 16824 6552 Forbidden (CSRF token from POST incorrect.): /admin/login/
WARNING 2025-12-15 14:28:13,632 basehttp 16824 6552 "POST /admin/login/?next=/admin/store/product/ HTTP/1.1" 403 2503
INFO 2025-12-15 14:28:23,017 basehttp 16824 5820 "GET / HTTP/1.1" 200 36499
INFO 2025-12-15 14:28:25,089 views 16824 5820 User logged out: User
INFO 2025-12-15 14:28:25,093 basehttp 16824 5820 "GET /logout/ HTTP/1.1" 302 0
INFO 2025-12-15 14:28:25,132 basehttp 16824 5820 "GET / HTTP/1.1" 200 36439
INFO 2025-12-15 14:28:26,650 basehttp 16824 5820 "GET /login/ HTTP/1.1" 200 1363
WARNING 2025-12-15 14:28:30,334 views 16824 23852 Failed login attempt for username: admin
INFO 2025-12-15 14:28:30,337 basehttp 16824 23852 "POST /login/ HTTP/1.1" 200 1321
INFO 2025-12-15 14:28:49,556 autoreload 16824 14992 C:\Users\USER\Desktop\myshop_app\store\views.py changed, reloading.
INFO 2025-12-15 14:28:52,003 autoreload 13480 7400 Watching for file changes with StatReloader
INFO 2025-12-15 14:28:57,024 basehttp 13480 3020 "GET / HTTP/1.1" 200 36439
INFO 2025-12-15 14:28:59,368 basehttp 13480 16176 "GET /login/ HTTP/1.1" 200 1186
WARNING 2025-12-15 14:29:02,715 views 13480 16176 Failed login attempt for username: admin
INFO 2025-12-15 14:29:02,718 basehttp 13480 16176 "POST /login/ HTTP/1.1" 200 1321
INFO 2025-12-15 14:29:07,088 views 13480 16176 User logged in: User
INFO 2025-12-15 14:29:07,104 basehttp 13480 16176 "POST /login/ HTTP/1.1" 302 0
INFO 2025-12-15 14:29:07,140 basehttp 13480 16176 "GET / HTTP/1.1" 200 36499
INFO 2025-12-15 14:29:10,540 basehttp 13480 11472 "GET /admin/ HTTP/1.1" 302 0
INFO 2025-12-15 14:29:10,620 basehttp 13480 11472 "GET /admin/login/?next=/admin/ HTTP/1.1" 200 3806
INFO 2025-12-15 14:29:16,330 basehttp 13480 11472 "POST /admin/login/?next=/admin/ HTTP/1.1" 200 3854
INFO 2025-12-15 14:29:20,639 basehttp 13480 16556 "POST /admin/login/?next=/admin/ HTTP/1.1" 200 3854
WARNING 2025-12-15 14:29:23,393 log 13480 16556 Not Found: /.well-known/appspecific/com.chrome.devtools.json
WARNING 2025-12-15 14:29:23,394 basehttp 13480 16556 "GET /.well-known/appspecific/com.chrome.devtools.json HTTP/1.1" 404 7016
INFO 2025-12-15 14:32:13,000 basehttp 13480 11104 "POST /admin/login/?next=/admin/ HTTP/1.1" 200 3854
INFO 2025-12-15 14:32:18,797 basehttp 13480 11104 "POST /admin/login/?next=/admin/ HTTP/1.1" 200 3854
INFO 2025-12-15 14:32:21,727 basehttp 13480 11104 "POST /admin/login/?next=/admin/ HTTP/1.1" 200 3854
WARNING 2025-12-15 14:32:25,493 log 13480 11104 Forbidden (CSRF token from POST incorrect.): /login/
WARNING 2025-12-15 14:32:25,494 basehttp 13480 11104 "POST /login/ HTTP/1.1" 403 2503
WARNING 2025-12-15 14:34:46,491 log 13480 21432 Forbidden (CSRF token from POST incorrect.): /login/
WARNING 2025-12-15 14:34:46,493 basehttp 13480 21432 "POST /login/ HTTP/1.1" 403 2503
INFO 2025-12-15 14:34:54,342 basehttp 13480 21432 "GET / HTTP/1.1" 200 36499
INFO 2025-12-15 14:35:00,783 basehttp 13480 4832 "GET /admin/ HTTP/1.1" 302 0
INFO 2025-12-15 14:35:00,819 basehttp 13480 4832 "GET /admin/login/?next=/admin/ HTTP/1.1" 200 3686
INFO 2025-12-15 14:35:05,592 basehttp 13480 4832 "POST /admin/login/?next=/admin/ HTTP/1.1" 200 3854
INFO 2025-12-15 14:35:11,179 basehttp 13480 10204 "POST /admin/login/?next=/admin/ HTTP/1.1" 200 3853
INFO 2025-12-15 14:36:49,195 basehttp 13480 18768 "POST /admin/login/?next=/admin/ HTTP/1.1" 200 3854
WARNING 2025-12-15 14:37:09,179 log 13480 17056 Forbidden (CSRF token from POST incorrect.): /admin/login/
WARNING 2025-12-15 14:37:09,180 basehttp 13480 17056 "POST /admin/login/?next=/admin/store/product/ HTTP/1.1" 403 2503
INFO 2025-12-15 14:38:21,019 basehttp 13480 13100 "POST /admin/login/?next=/admin/ HTTP/1.1" 200 3854
INFO 2025-12-15 14:38:22,603 basehttp 13480 13100 "POST /admin/login/?next=/admin/ HTTP/1.1" 200 3854
INFO 2025-12-15 14:38:27,488 basehttp 13480 13100 "POST /admin/login/?next=/admin/ HTTP/1.1" 200 3853
INFO 2025-12-15 14:38:30,389 basehttp 13480 13100 "POST /admin/login/?next=/admin/ HTTP/1.1" 200 3854
INFO 2025-12-15 14:38:35,808 basehttp 13480 13100 "GET /admin/ HTTP/1.1" 302 0
INFO 2025-12-15 14:38:35,835 basehttp 13480 13100 "GET /admin/login/?next=/admin/ HTTP/1.1" 200 3686
INFO 2025-12-15 14:38:45,374 basehttp 13480 10980 "GET / HTTP/1.1" 200 36499
INFO 2025-12-15 14:38:47,627 views 13480 22700 User logged out: User
INFO 2025-12-15 14:38:47,639 basehttp 13480 22700 "GET /logout/ HTTP/1.1" 302 0
INFO 2025-12-15 14:38:47,667 basehttp 13480 22700 "GET / HTTP/1.1" 200 36439
INFO 2025-12-15 14:38:49,826 basehttp 13480 22700 "GET /login/ HTTP/1.1" 200 1312
WARNING 2025-12-15 14:38:52,333 views 13480 22700 Failed login attempt for username: admin
INFO 2025-12-15 14:38:52,335 basehttp 13480 22700 "POST /login/ HTTP/1.1" 200 1321
INFO 2025-12-15 14:39:00,236 views 13480 15544 User logged in: User
INFO 2025-12-15 14:39:00,257 basehttp 13480 15544 "POST /login/ HTTP/1.1" 302 0
INFO 2025-12-15 14:39:00,287 basehttp 13480 15544 "GET / HTTP/1.1" 200 36499
INFO 2025-12-15 14:40:16,238 basehttp 13480 7300 "GET /admin/ HTTP/1.1" 302 0
INFO 2025-12-15 14:40:16,291 basehttp 13480 7300 "GET /admin/login/?next=/admin/ HTTP/1.1" 200 3806
INFO 2025-12-15 14:40:21,408 basehttp 13480 7856 "POST /admin/login/?next=/admin/ HTTP/1.1" 200 3853
INFO 2025-12-15 14:40:26,489 basehttp 13480 7856 "POST /admin/login/?next=/admin/ HTTP/1.1" 200 3853
INFO 2025-12-15 14:40:28,243 basehttp 13480 7856 "POST /admin/login/?next=/admin/ HTTP/1.1" 200 3853
INFO 2025-12-15 14:40:41,273 basehttp 13480 21236 "POST /admin/login/?next=/admin/ HTTP/1.1" 200 3854
INFO 2025-12-15 14:40:43,977 basehttp 13480 2420 "POST /admin/login/?next=/admin/ HTTP/1.1" 200 3854
INFO 2025-12-15 14:40:51,414 basehttp 13480 2420 "POST /admin/login/?next=/admin/ HTTP/1.1" 200 3854
INFO 2025-12-15 14:40:59,836 basehttp 13480 1100 "POST /admin/login/?next=/admin/ HTTP/1.1" 200 3854
INFO 2025-12-15 14:41:03,778 basehttp 13480 1100 "POST /admin/login/?next=/admin/ HTTP/1.1" 200 3854
INFO 2025-12-15 14:47:59,956 basehttp 13480 11408 "POST /admin/login/?next=/admin/ HTTP/1.1" 302 0
INFO 2025-12-15 14:48:00,141 basehttp 13480 11408 "GET /admin/ HTTP/1.1" 200 15992
INFO 2025-12-15 14:48:16,791 basehttp 13480 22204 "GET /admin/auth/user/ HTTP/1.1" 200 16978
INFO 2025-12-15 14:48:16,858 basehttp 13480 22204 "GET /admin/jsi18n/ HTTP/1.1" 200 3342
INFO 2025-12-15 14:48:20,633 basehttp 13480 22204 "GET /admin/auth/user/3/change/ HTTP/1.1" 200 28982
INFO 2025-12-15 14:48:20,660 basehttp 13480 22204 "GET /admin/jsi18n/ HTTP/1.1" 200 3342
INFO 2025-12-15 14:48:29,739 basehttp 13480 22204 "GET /admin/auth/user/3/delete/ HTTP/1.1" 200 12221
INFO 2025-12-15 14:48:31,949 basehttp 13480 22204 "POST /admin/auth/user/3/delete/ HTTP/1.1" 302 0
INFO 2025-12-15 14:48:31,981 basehttp 13480 22204 "GET /admin/auth/user/ HTTP/1.1" 200 16672
INFO 2025-12-15 14:48:32,001 basehttp 13480 22204 "GET /admin/jsi18n/ HTTP/1.1" 200 3342
WARNING 2025-12-15 14:48:38,450 log 13480 22204 Forbidden (CSRF token from POST incorrect.): /admin/login/
WARNING 2025-12-15 14:48:38,451 basehttp 13480 22204 "POST /admin/login/?next=/admin/store/product/ HTTP/1.1" 403 2503
INFO 2025-12-15 14:48:54,356 basehttp 13480 22204 "GET / HTTP/1.1" 200 36640
INFO 2025-12-15 14:48:56,976 views 13480 22204 User logged out: admin
INFO 2025-12-15 14:48:56,978 basehttp 13480 22204 "GET /logout/ HTTP/1.1" 302 0
INFO 2025-12-15 14:48:57,014 basehttp 13480 22204 "GET / HTTP/1.1" 200 36439
INFO 2025-12-15 14:48:58,704 basehttp 13480 22204 "GET /login/ HTTP/1.1" 200 1312
INFO 2025-12-15 14:49:01,318 views 13480 22204 User logged in: admin
INFO 2025-12-15 14:49:01,336 basehttp 13480 22204 "POST /login/ HTTP/1.1" 302 0
INFO 2025-12-15 14:49:01,371 basehttp 13480 22204 "GET / HTTP/1.1" 200 36640
INFO 2025-12-15 14:49:07,154 basehttp 13480 7228 "GET /admin/ HTTP/1.1" 200 16046
INFO 2025-12-15 14:49:14,801 basehttp 13480 7228 "GET /admin/ HTTP/1.1" 200 15925
INFO 2025-12-15 14:49:17,613 basehttp 13480 7228 "POST /admin/logout/ HTTP/1.1" 200 3568
INFO 2025-12-15 14:49:25,284 basehttp 13480 8456 "GET / HTTP/1.1" 200 36439
INFO 2025-12-15 14:49:30,034 basehttp 13480 14696 "GET /admin/ HTTP/1.1" 302 0
INFO 2025-12-15 14:49:30,055 basehttp 13480 14696 "GET /admin/login/?next=/admin/ HTTP/1.1" 200 4173
INFO 2025-12-15 14:49:35,151 basehttp 13480 14696 "GET /login/ HTTP/1.1" 200 1186
INFO 2025-12-15 14:49:37,698 views 13480 14696 User logged in: admin
INFO 2025-12-15 14:49:37,713 basehttp 13480 14696 "POST /login/ HTTP/1.1" 302 0
INFO 2025-12-15 14:49:37,737 basehttp 13480 14696 "GET / HTTP/1.1" 200 36640
INFO 2025-12-15 14:49:42,885 basehttp 13480 9516 "GET /admin/ HTTP/1.1" 200 16046
INFO 2025-12-15 14:49:53,683 basehttp 13480 16596 "GET /admin/ HTTP/1.1" 200 15925
INFO 2025-12-15 14:49:55,996 basehttp 13480 16596 "POST /admin/logout/ HTTP/1.1" 200 3568
INFO 2025-12-15 14:49:57,925 basehttp 13480 16596 "GET /admin/ HTTP/1.1" 302 0
INFO 2025-12-15 14:49:57,939 basehttp 13480 16596 "GET /admin/login/?next=/admin/ HTTP/1.1" 200 4173
INFO 2025-12-15 14:50:00,835 basehttp 13480 1552 "POST /admin/login/?next=/admin/ HTTP/1.1" 302 0
INFO 2025-12-15 14:50:00,865 basehttp 13480 1552 "GET /admin/ HTTP/1.1" 200 15925
INFO 2025-12-15 14:50:03,517 basehttp 13480 1552 "POST /admin/logout/ HTTP/1.1" 200 3568
INFO 2025-12-15 14:50:05,309 basehttp 13480 1552 "GET /admin/ HTTP/1.1" 302 0
INFO 2025-12-15 14:50:05,324 basehttp 13480 1552 "GET /admin/login/?next=/admin/ HTTP/1.1" 200 4173
INFO 2025-12-15 14:50:09,670 basehttp 13480 15088 "POST /admin/login/?next=/admin/ HTTP/1.1" 200 4340
INFO 2025-12-15 14:50:16,396 basehttp 13480 15088 "GET / HTTP/1.1" 200 36439
INFO 2025-12-15 14:50:19,444 basehttp 13480 11988 "GET /login/ HTTP/1.1" 200 1186
INFO 2025-12-15 14:50:24,268 views 13480 11988 User logged in: admin
INFO 2025-12-15 14:50:24,285 basehttp 13480 11988 "POST /login/ HTTP/1.1" 302 0
INFO 2025-12-15 14:50:24,311 basehttp 13480 11988 "GET / HTTP/1.1" 200 36640
INFO 2025-12-15 14:50:27,693 basehttp 13480 11988 "GET /admin/ HTTP/1.1" 200 16046
INFO 2025-12-15 14:50:42,031 basehttp 13480 3032 "GET /admin/auth/user/ HTTP/1.1" 200 16520
INFO 2025-12-15 14:50:42,053 basehttp 13480 3032 "GET /admin/jsi18n/ HTTP/1.1" 200 3342
INFO 2025-12-15 14:50:45,192 basehttp 13480 3032 "GET /admin/ HTTP/1.1" 200 15925
INFO 2025-12-15 14:50:47,320 basehttp 13480 3032 "GET / HTTP/1.1" 200 36640
INFO 2025-12-15 14:50:51,574 basehttp 13480 22320 "GET /admin/ HTTP/1.1" 200 15925
INFO 2025-12-15 14:51:01,070 views 13480 22320 User logged out: admin
INFO 2025-12-15 14:51:01,072 basehttp 13480 22320 "GET /logout/ HTTP/1.1" 302 0
INFO 2025-12-15 14:51:01,103 basehttp 13480 22320 "GET / HTTP/1.1" 200 36439
INFO 2025-12-15 14:51:03,104 basehttp 13480 22320 "GET /login/ HTTP/1.1" 200 1312
INFO 2025-12-15 14:51:15,150 views 13480 22320 User logged in: User
INFO 2025-12-15 14:51:15,220 basehttp 13480 22320 "POST /login/ HTTP/1.1" 302 0
INFO 2025-12-15 14:51:15,245 basehttp 13480 22320 "GET / HTTP/1.1" 200 36499
INFO 2025-12-15 14:51:15,650 basehttp 13480 22320 "GET /product/1/ HTTP/1.1" 200 3348
INFO 2025-12-15 14:51:21,221 basehttp 13480 22320 "GET /admin/ HTTP/1.1" 302 0
INFO 2025-12-15 14:51:21,240 basehttp 13480 22320 "GET /admin/login/?next=/admin/ HTTP/1.1" 200 3806
INFO 2025-12-15 14:51:27,951 basehttp 13480 22320 "POST /admin/login/?next=/admin/ HTTP/1.1" 302 0
INFO 2025-12-15 14:51:27,976 basehttp 13480 22320 "GET /admin/ HTTP/1.1" 200 15925
INFO 2025-12-15 14:51:33,698 basehttp 13480 22320 "GET /admin/login/?next=/admin/ HTTP/1.1" 302 0
INFO 2025-12-15 14:51:33,722 basehttp 13480 22320 "GET /admin/ HTTP/1.1" 200 15925
WARNING 2025-12-15 14:53:12,096 views 19552 2668 Failed login attempt for username: testuser
INFO 2025-12-15 14:53:16,331 views 19552 2668 Product added to cart: Test Product (qty: 1)
INFO 2025-12-15 14:53:16,340 views 19552 2668 Order created: 1 by testuser
INFO 2025-12-15 14:53:18,519 views 19552 2668 Product added to cart: Test Product (qty: 2)
INFO 2025-12-15 14:53:20,050 views 19552 2668 New user registered: newuser
WARNING 2025-12-15 14:53:59,451 views 4736 9400 Failed login attempt for username: testuser
INFO 2025-12-15 14:54:03,247 views 4736 9400 Product added to cart: Test Product (qty: 1)
INFO 2025-12-15 14:54:03,256 views 4736 9400 Order created: 1 by testuser
INFO 2025-12-15 14:54:05,566 views 4736 9400 Product added to cart: Test Product (qty: 2)
INFO 2025-12-15 14:54:07,564 views 4736 9400 New user registered: newuser
WARNING 2025-12-15 14:57:09,574 views 20996 14092 Failed login attempt for username: testuser
INFO 2025-12-15 15:17:44,471 basehttp 13480 7184 "GET /profile/ HTTP/1.1" 200 1145
WARNING 2025-12-15 15:17:53,157 log 13480 14572 Forbidden (CSRF token from POST incorrect.): /admin/login/
WARNING 2025-12-15 15:17:53,160 basehttp 13480 14572 "POST /admin/login/?next=/admin/ HTTP/1.1" 403 2503
INFO 2025-12-15 15:18:05,439 basehttp 13480 25268 "GET / HTTP/1.1" 200 36640
INFO 2025-12-15 15:18:07,965 basehttp 13480 25268 "GET /admin/ HTTP/1.1" 200 15925
INFO 2025-12-15 15:18:10,588 basehttp 13480 25268 "GET / HTTP/1.1" 200 36640
INFO 2025-12-15 15:18:20,904 basehttp 13480 14476 "GET /admin/ HTTP/1.1" 200 15925
INFO 2025-12-15 15:18:23,418 basehttp 13480 1724 "POST /admin/logout/ HTTP/1.1" 200 3568
INFO 2025-12-15 15:18:25,218 basehttp 13480 1724 "GET /admin/ HTTP/1.1" 302 0
INFO 2025-12-15 15:18:25,275 basehttp 13480 1724 "GET /admin/login/?next=/admin/ HTTP/1.1" 200 4173
INFO 2025-12-15 15:18:30,906 basehttp 13480 1724 "POST /admin/login/?next=/admin/ HTTP/1.1" 200 4341
INFO 2025-12-15 15:18:37,106 basehttp 13480 6932 "POST /admin/login/?next=/admin/ HTTP/1.1" 200 4341
INFO 2025-12-15 15:18:43,301 basehttp 13480 16536 "POST /admin/login/?next=/admin/ HTTP/1.1" 200 4340
INFO 2025-12-15 15:18:46,590 basehttp 13480 16536 "POST /admin/login/?next=/admin/ HTTP/1.1" 200 4340
INFO 2025-12-15 15:18:54,489 basehttp 13480 17600 "POST /admin/login/?next=/admin/ HTTP/1.1" 302 0
INFO 2025-12-15 15:18:54,514 basehttp 13480 17600 "GET /admin/ HTTP/1.1" 200 15925
INFO 2025-12-15 15:23:12,790 basehttp 13480 11548 "POST /admin/logout/ HTTP/1.1" 200 3568
INFO 2025-12-15 15:23:14,946 basehttp 13480 11548 "GET /admin/ HTTP/1.1" 302 0
INFO 2025-12-15 15:23:14,984 basehttp 13480 11548 "GET /admin/login/?next=/admin/ HTTP/1.1" 200 4173
INFO 2025-12-15 15:23:20,378 basehttp 13480 11548 "POST /admin/login/?next=/admin/ HTTP/1.1" 200 4341
INFO 2025-12-15 15:23:26,793 basehttp 13480 22952 "POST /admin/login/?next=/admin/ HTTP/1.1" 200 4341
INFO 2025-12-15 15:23:30,604 basehttp 13480 22952 "POST /admin/login/?next=/admin/ HTTP/1.1" 200 4341
INFO 2025-12-15 15:23:35,262 basehttp 13480 8424 "POST /admin/login/?next=/admin/ HTTP/1.1" 200 4341
INFO 2025-12-15 15:23:37,342 basehttp 13480 8424 - Broken pipe from ('127.0.0.1', 61118)
INFO 2025-12-15 15:23:37,584 basehttp 13480 7644 "POST /admin/login/?next=/admin/ HTTP/1.1" 302 0
INFO 2025-12-15 15:23:37,620 basehttp 13480 7644 "GET /admin/ HTTP/1.1" 200 15925
INFO 2025-12-15 15:28:23,710 basehttp 13480 9192 "GET / HTTP/1.1" 200 36640
WARNING 2025-12-15 15:28:50,605 log 13480 10068 Not Found: /.well-known/appspecific/com.chrome.devtools.json
WARNING 2025-12-15 15:28:50,606 basehttp 13480 10068 "GET /.well-known/appspecific/com.chrome.devtools.json HTTP/1.1" 404 7016
INFO 2025-12-15 15:32:18,025 basehttp 13480 19624 "GET /profile/ HTTP/1.1" 200 1145
WARNING 2025-12-15 15:32:34,105 log 13480 19624 Not Found: /.well-known/appspecific/com.chrome.devtools.json
WARNING 2025-12-15 15:32:34,106 basehttp 13480 19624 "GET /.well-known/appspecific/com.chrome.devtools.json HTTP/1.1" 404 7016
WARNING 2025-12-15 15:35:23,224 log 13480 25004 Not Found: /.well-known/appspecific/com.chrome.devtools.json
WARNING 2025-12-15 15:35:23,226 basehttp 13480 25004 "GET /.well-known/appspecific/com.chrome.devtools.json HTTP/1.1" 404 7016
INFO 2025-12-15 15:35:27,197 basehttp 13480 25004 "GET /profile/ HTTP/1.1" 200 1145
WARNING 2025-12-15 15:35:27,259 log 13480 25004 Not Found: /.well-known/appspecific/com.chrome.devtools.json
WARNING 2025-12-15 15:35:27,261 basehttp 13480 25004 "GET /.well-known/appspecific/com.chrome.devtools.json HTTP/1.1" 404 7016
INFO 2025-12-15 16:48:39,869 autoreload 13480 7400 C:\Users\USER\Desktop\myshop_app\store\views.py changed, reloading.
INFO 2025-12-15 16:48:51,698 autoreload 10072 8840 Watching for file changes with StatReloader
INFO 2025-12-15 17:31:48,722 basehttp 10072 5888 "GET / HTTP/1.1" 200 36640
INFO 2025-12-15 17:31:48,990 basehttp 10072 5888 "GET /media/products/elec.2.jpg HTTP/1.1" 304 0
INFO 2025-12-15 17:31:48,992 basehttp 10072 18000 "GET /media/products/elec.3.jpg HTTP/1.1" 304 0
INFO 2025-12-15 17:31:48,996 basehttp 10072 7196 "GET /media/products/elec.4.jpg HTTP/1.1" 304 0
INFO 2025-12-15 17:31:48,998 basehttp 10072 22344 "GET /media/products/elec.5.jpg HTTP/1.1" 304 0
INFO 2025-12-15 17:31:49,001 basehttp 10072 18000 "GET /media/products/elec.7.jpg HTTP/1.1" 304 0
INFO 2025-12-15 17:31:48,999 basehttp 10072 10808 "GET /media/products/elec.6.jpg HTTP/1.1" 304 0
INFO 2025-12-15 17:31:49,006 basehttp 10072 22344 "GET /media/products/elec.8.jpg HTTP/1.1" 304 0
INFO 2025-12-15 17:31:49,008 basehttp 10072 10808 "GET /media/products/elec.9.jpg HTTP/1.1" 304 0
INFO 2025-12-15 17:31:58,029 views 10072 14612 Product added to cart: The Long Shoe Hardcover – 9 Oct. 2025 (qty: 1)
INFO 2025-12-15 17:31:58,036 basehttp 10072 14612 "POST /add-to-cart/ HTTP/1.1" 302 0
INFO 2025-12-15 17:31:58,075 basehttp 10072 14612 "GET / HTTP/1.1" 200 36640
INFO 2025-12-15 17:32:00,094 basehttp 10072 14612 "GET /cart/ HTTP/1.1" 200 2459
INFO 2025-12-15 17:32:05,710 basehttp 10072 11684 "POST /cart/update/ HTTP/1.1" 302 0
INFO 2025-12-15 17:32:05,726 basehttp 10072 11684 "GET /cart/ HTTP/1.1" 200 2459
INFO 2025-12-15 17:32:09,144 basehttp 10072 11684 "GET /checkout/ HTTP/1.1" 200 850
INFO 2025-12-15 17:32:20,035 views 10072 1628 Order created: 3 by admin
INFO 2025-12-15 17:32:20,037 basehttp 10072 1628 "POST /checkout/ HTTP/1.1" 302 0
INFO 2025-12-15 17:32:20,048 basehttp 10072 1628 "GET /checkout/success/ HTTP/1.1" 200 322
INFO 2025-12-15 17:32:22,579 basehttp 10072 4956 "GET / HTTP/1.1" 200 36640
INFO 2025-12-15 17:32:30,866 basehttp 10072 4956 "GET /admin/ HTTP/1.1" 200 16233
INFO 2025-12-15 17:32:36,547 basehttp 10072 10872 "GET /admin/orders/order/ HTTP/1.1" 200 14495
INFO 2025-12-15 17:32:36,599 basehttp 10072 10872 "GET /admin/jsi18n/ HTTP/1.1" 200 3342
INFO 2025-12-15 17:32:40,522 basehttp 10072 10872 "GET /admin/store/category/ HTTP/1.1" 200 14888
INFO 2025-12-15 17:32:40,601 basehttp 10072 10872 "GET /admin/jsi18n/ HTTP/1.1" 200 3342
INFO 2025-12-15 17:32:43,723 basehttp 10072 19636 "GET /admin/store/customerprofile/ HTTP/1.1" 200 14587
INFO 2025-12-15 17:32:43,744 basehttp 10072 19636 "GET /admin/jsi18n/ HTTP/1.1" 200 3342
INFO 2025-12-15 17:32:45,877 basehttp 10072 19636 "GET /admin/store/orderitem/ HTTP/1.1" 200 14398
INFO 2025-12-15 17:32:45,897 basehttp 10072 19636 "GET /admin/jsi18n/ HTTP/1.1" 200 3342
INFO 2025-12-15 17:32:50,335 basehttp 10072 19636 "GET /admin/store/orderitem/5/change/ HTTP/1.1" 200 19249
INFO 2025-12-15 17:32:50,358 basehttp 10072 19636 "GET /admin/jsi18n/ HTTP/1.1" 200 3342
INFO 2025-12-15 17:32:57,774 basehttp 10072 24252 "GET /admin/store/order/add/?_to_field=id&_popup=1 HTTP/1.1" 200 5592
INFO 2025-12-15 17:32:57,800 basehttp 10072 24252 "GET /admin/jsi18n/ HTTP/1.1" 200 3342
INFO 2025-12-15 17:33:11,338 basehttp 10072 22292 "GET /admin/store/product/add/?_to_field=id&_popup=1 HTTP/1.1" 200 8368
INFO 2025-12-15 17:33:11,355 basehttp 10072 22292 "GET /admin/jsi18n/ HTTP/1.1" 200 3342
INFO 2025-12-15 17:33:16,038 basehttp 10072 9380 "GET /admin/store/order/3/change/?_to_field=id HTTP/1.1" 200 14429
INFO 2025-12-15 17:33:16,060 basehttp 10072 9380 "GET /admin/jsi18n/ HTTP/1.1" 200 3342
INFO 2025-12-15 17:33:24,552 basehttp 10072 8272 "GET /admin/store/order/ HTTP/1.1" 200 15560
INFO 2025-12-15 17:33:24,571 basehttp 10072 8272 "GET /admin/jsi18n/ HTTP/1.1" 200 3342
INFO 2025-12-15 17:33:27,933 basehttp 10072 8272 "GET /admin/store/order/3/change/ HTTP/1.1" 200 14380
INFO 2025-12-15 17:33:27,952 basehttp 10072 8272 "GET /admin/jsi18n/ HTTP/1.1" 200 3342
INFO 2025-12-15 17:33:36,305 basehttp 10072 18628 "GET /admin/store/order/ HTTP/1.1" 200 15560
INFO 2025-12-15 17:33:36,326 basehttp 10072 18628 "GET /admin/jsi18n/ HTTP/1.1" 200 3342
INFO 2025-12-15 17:33:38,891 basehttp 10072 18628 "GET /admin/store/ HTTP/1.1" 200 9052
INFO 2025-12-15 17:33:45,257 basehttp 10072 20708 "GET /admin/store/product/ HTTP/1.1" 200 27490
INFO 2025-12-15 17:33:45,279 basehttp 10072 20708 "GET /admin/jsi18n/ HTTP/1.1" 200 3342
INFO 2025-12-15 17:33:47,478 basehttp 10072 20708 "GET /admin/store/orderitem/ HTTP/1.1" 200 14398
INFO 2025-12-15 17:33:47,504 basehttp 10072 20708 "GET /admin/jsi18n/ HTTP/1.1" 200 3342
INFO 2025-12-15 17:33:49,609 basehttp 10072 20708 "GET /admin/store/orderitem/5/change/ HTTP/1.1" 200 19249
INFO 2025-12-15 17:33:49,633 basehttp 10072 20708 "GET /admin/jsi18n/ HTTP/1.1" 200 3342
INFO 2025-12-15 17:34:00,054 basehttp 10072 11268 "GET /admin/store/order/3/change/?_to_field=id&_popup=1 HTTP/1.1" 200 5615
INFO 2025-12-15 17:34:00,076 basehttp 10072 11268 "GET /admin/jsi18n/ HTTP/1.1" 200 3342
INFO 2025-12-15 17:34:03,464 basehttp 10072 14420 "GET /admin/store/order/add/?_to_field=id&_popup=1 HTTP/1.1" 200 5592
INFO 2025-12-15 17:34:03,491 basehttp 10072 14420 "GET /admin/jsi18n/ HTTP/1.1" 200 3342
INFO 2025-12-15 17:34:10,516 basehttp 10072 14420 "GET /admin/store/order/3/change/?_to_field=id&_popup=1 HTTP/1.1" 200 5615
INFO 2025-12-15 17:34:10,551 basehttp 10072 14420 "GET /admin/jsi18n/ HTTP/1.1" 200 3342
INFO 2025-12-15 17:34:19,870 basehttp 10072 7364 "GET /admin/store/order/3/change/?_to_field=id HTTP/1.1" 200 14429
INFO 2025-12-15 17:34:19,889 basehttp 10072 7364 "GET /admin/jsi18n/ HTTP/1.1" 200 3342
INFO 2025-12-15 17:34:26,688 basehttp 10072 19392 "POST /admin/logout/ HTTP/1.1" 200 3568
INFO 2025-12-15 17:34:28,492 basehttp 10072 19392 "GET /admin/ HTTP/1.1" 302 0
INFO 2025-12-15 17:34:28,518 basehttp 10072 19392 "GET /admin/login/?next=/admin/ HTTP/1.1" 200 4173
INFO 2025-12-15 17:34:33,425 basehttp 10072 12324 "POST /admin/login/?next=/admin/ HTTP/1.1" 200 4340
INFO 2025-12-15 17:34:36,092 basehttp 10072 12324 "GET /admin/ HTTP/1.1" 302 0
INFO 2025-12-15 17:34:36,127 basehttp 10072 12324 "GET /admin/login/?next=/admin/ HTTP/1.1" 200 4173
INFO 2025-12-15 18:55:06,550 autoreload 8256 3680 Watching for file changes with StatReloader
INFO 2025-12-15 18:56:07,051 basehttp 8256 10144 "GET / HTTP/1.1" 200 36439
WARNING 2025-12-15 18:56:08,606 log 8256 10144 Not Found: /favicon.ico
WARNING 2025-12-15 18:56:08,610 basehttp 8256 10144 "GET /favicon.ico HTTP/1.1" 404 6905
INFO 2025-12-15 19:08:35,757 autoreload 14720 14724 Watching for file changes with StatReloader
INFO 2025-12-15 19:10:10,431 autoreload 14476 7900 Watching for file changes with StatReloader
INFO 2025-12-15 19:15:37,913 autoreload 7548 14708 Watching for file changes with StatReloader
INFO 2025-12-15 19:16:30,983 basehttp 14476 8636 "GET / HTTP/1.1" 200 36439
INFO 2025-12-15 19:16:32,773 basehttp 14476 8636 "GET /product/1/ HTTP/1.1" 200 3348
INFO 2025-12-15 19:16:43,701 basehttp 14476 8636 "GET /?category=electronic-items HTTP/1.1" 200 16296
INFO 2025-12-15 19:23:49,460 basehttp 14476 2736 "GET / HTTP/1.1" 200 36439
INFO 2025-12-15 19:23:50,661 basehttp 14476 12580 "GET /media/products/elec.3.jpg HTTP/1.1" 304 0
INFO 2025-12-15 19:23:50,664 basehttp 14476 2736 "GET /media/products/elec.2.jpg HTTP/1.1" 304 0
INFO 2025-12-15 19:23:50,695 basehttp 14476 12580 "GET /media/products/elec.8.jpg HTTP/1.1" 304 0
INFO 2025-12-15 19:23:50,698 basehttp 14476 2736 "GET /media/products/elec.7.jpg HTTP/1.1" 304 0
INFO 2025-12-15 19:23:50,699 basehttp 14476 8040 "GET /media/products/elec.4.jpg HTTP/1.1" 304 0
INFO 2025-12-15 19:23:50,702 basehttp 14476 14424 "GET /media/products/elec.6.jpg HTTP/1.1" 304 0
INFO 2025-12-15 19:23:50,730 basehttp 14476 3360 "GET /media/products/elec.5.jpg HTTP/1.1" 304 0
INFO 2025-12-15 19:23:50,754 basehttp 14476 1580 "GET /media/products/elec.9.jpg HTTP/1.1" 304 0
INFO 2025-12-15 19:25:49,154 basehttp 14476 6428 "GET / HTTP/1.1" 200 36439
WARNING 2025-12-15 19:25:50,594 log 14476 6428 Not Found: /favicon.ico
WARNING 2025-12-15 19:25:50,596 basehttp 14476 6428 "GET /favicon.ico HTTP/1.1" 404 6905
INFO 2025-12-15 19:26:43,899 basehttp 14476 4244 "GET /login/ HTTP/1.1" 200 1186
INFO 2025-12-15 19:32:37,005 basehttp 14476 8800 "GET / HTTP/1.1" 200 36439
INFO 2025-12-15 19:32:47,640 basehttp 14476 10604 "GET /?category=books HTTP/1.1" 200 14957
INFO 2025-12-15 19:32:51,402 basehttp 14476 10604 "GET /?category=furniture HTTP/1.1" 200 16389
INFO 2025-12-15 19:32:55,303 basehttp 14476 12052 "GET /?category=electronic-items HTTP/1.1" 200 16296
INFO 2025-12-15 19:33:04,314 basehttp 14476 11224 "GET /register/ HTTP/1.1" 200 1957
INFO 2025-12-15 19:33:28,725 basehttp 14476 10328 "POST /register/ HTTP/1.1" 200 2421
INFO 2025-12-15 19:34:14,104 basehttp 14476 3528 "POST /register/ HTTP/1.1" 200 2533
INFO 2025-12-15 19:34:54,343 basehttp 14476 5392 "GET /register/ HTTP/1.1" 200 1957
INFO 2025-12-15 19:36:10,207 autoreload 15100 8684 Watching for file changes with StatReloader
INFO 2025-12-15 19:37:24,783 basehttp 14476 8268 "GET / HTTP/1.1" 200 36439
WARNING 2025-12-15 19:37:26,105 log 14476 8268 Not Found: /favicon.ico
WARNING 2025-12-15 19:37:26,165 basehttp 14476 8268 "GET /favicon.ico HTTP/1.1" 404 6905
INFO 2025-12-15 19:39:34,204 basehttp 14476 6964 "GET /?category=books HTTP/1.1" 200 14957
INFO 2025-12-15 19:39:35,527 basehttp 14476 6964 "GET / HTTP/1.1" 200 36439
INFO 2025-12-15 19:39:41,494 basehttp 14476 3228 "GET /?category=books HTTP/1.1" 200 14957
INFO 2025-12-15 19:39:44,772 basehttp 14476 3228 "GET /?category=furniture HTTP/1.1" 200 16389
INFO 2025-12-15 19:39:48,388 basehttp 14476 3228 "GET /?category=electronic-items HTTP/1.1" 200 16296
INFO 2025-12-15 19:39:54,353 basehttp 14476 16236 "GET /register/ HTTP/1.1" 200 1957
INFO 2025-12-15 19:40:17,617 basehttp 14476 8056 "POST /register/ HTTP/1.1" 200 2411
INFO 2025-12-15 19:41:17,878 basehttp 14476 14168 "POST /register/ HTTP/1.1" 200 2419
INFO 2025-12-15 19:43:55,807 basehttp 14476 15384 "POST /register/ HTTP/1.1" 200 2537
INFO 2025-12-15 19:47:07,356 basehttp 14476 14152 "GET /register/ HTTP/1.1" 200 1957
INFO 2025-12-15 19:48:19,612 basehttp 14476 10908 "GET /?category=furniture HTTP/1.1" 200 16389
INFO 2025-12-15 19:48:20,437 basehttp 14476 10908 "GET /?category=books HTTP/1.1" 200 14957
INFO 2025-12-15 19:48:21,427 basehttp 14476 10908 "GET / HTTP/1.1" 200 36439
INFO 2025-12-15 19:48:58,223 basehttp 14476 12628 "GET /login/ HTTP/1.1" 200 1186
INFO 2025-12-15 19:49:01,776 views 14476 12628 User logged in: User
INFO 2025-12-15 19:49:01,809 basehttp 14476 12628 "POST /login/ HTTP/1.1" 302 0
INFO 2025-12-15 19:49:01,884 basehttp 14476 12628 "GET / HTTP/1.1" 200 36499
INFO 2025-12-15 19:49:05,203 basehttp 14476 12628 "GET / HTTP/1.1" 200 36499
INFO 2025-12-15 19:49:10,011 basehttp 14476 13252 "GET /?category=books HTTP/1.1" 200 15017
INFO 2025-12-15 19:49:12,667 basehttp 14476 13252 "GET /?category=furniture HTTP/1.1" 200 16449
INFO 2025-12-15 19:49:15,427 basehttp 14476 13252 "GET /?category=electronic-items HTTP/1.1" 200 16356
INFO 2025-12-15 19:49:27,580 basehttp 14476 5788 "GET /product/19/ HTTP/1.1" 200 4986
INFO 2025-12-15 19:49:30,662 views 14476 5788 Product added to cart: Alienware X16 R2 Gaming Laptop (qty: 1)
INFO 2025-12-15 19:49:30,667 basehttp 14476 5788 "POST /add-to-cart/ HTTP/1.1" 302 0
INFO 2025-12-15 19:49:30,710 basehttp 14476 5788 "GET /product/19/ HTTP/1.1" 200 4986
INFO 2025-12-15 19:49:45,710 basehttp 14476 2732 "GET /cart/ HTTP/1.1" 200 2458
INFO 2025-12-15 19:49:50,650 basehttp 14476 14292 "POST /cart/update/ HTTP/1.1" 302 0
INFO 2025-12-15 19:49:50,712 basehttp 14476 14292 "GET /cart/ HTTP/1.1" 200 2460
INFO 2025-12-15 19:49:54,331 basehttp 14476 14292 "GET /checkout/ HTTP/1.1" 200 853
INFO 2025-12-15 19:50:05,009 views 14476 7268 Order created: 4 by User
INFO 2025-12-15 19:50:05,014 basehttp 14476 7268 "POST /checkout/ HTTP/1.1" 302 0
INFO 2025-12-15 19:50:05,112 basehttp 14476 7268 "GET /checkout/success/ HTTP/1.1" 200 322
INFO 2025-12-15 19:50:09,061 basehttp 14476 11948 "GET / HTTP/1.1" 200 36499
INFO 2025-12-15 19:50:14,983 basehttp 14476 11948 "GET /profile/ HTTP/1.1" 200 1456
INFO 2025-12-15 19:50:22,173 basehttp 14476 9204 "GET / HTTP/1.1" 200 36499
INFO 2025-12-15 19:50:42,223 basehttp 14476 848 "GET /admin/ HTTP/1.1" 302 0
INFO 2025-12-15 19:50:42,732 basehttp 14476 848 "GET /admin/login/?next=/admin/ HTTP/1.1" 200 3686
INFO 2025-12-15 19:50:47,993 basehttp 14476 3644 "POST /admin/login/?next=/admin/ HTTP/1.1" 200 3853
INFO 2025-12-15 19:50:52,972 basehttp 14476 3644 "GET /admin/login/?next=/admin/ HTTP/1.1" 200 3686
INFO 2025-12-15 19:51:10,314 basehttp 14476 11576 "GET /product/1/ HTTP/1.1" 200 3348
INFO 2025-12-15 19:51:16,972 basehttp 14476 7540 "GET /cart/ HTTP/1.1" 200 497
INFO 2025-12-15 19:51:19,280 basehttp 14476 7540 "GET / HTTP/1.1" 200 36499
INFO 2025-12-15 19:51:21,399 views 14476 7540 Product added to cart: The Long Shoe Hardcover – 9 Oct. 2025 (qty: 1)
INFO 2025-12-15 19:51:21,404 basehttp 14476 7540 "POST /add-to-cart/ HTTP/1.1" 302 0
INFO 2025-12-15 19:51:21,479 basehttp 14476 7540 "GET / HTTP/1.1" 200 36499
INFO 2025-12-15 19:51:23,688 basehttp 14476 7540 "GET /cart/ HTTP/1.1" 200 2459
INFO 2025-12-15 19:51:32,538 basehttp 14476 6608 "POST /cart/remove/ HTTP/1.1" 302 0
INFO 2025-12-15 19:51:32,572 basehttp 14476 6608 "GET /cart/ HTTP/1.1" 200 497
INFO 2025-12-15 19:51:34,539 basehttp 14476 6608 "GET / HTTP/1.1" 200 36499
INFO 2025-12-15 19:51:38,347 views 14476 11240 Product added to cart: The Long Shoe Hardcover – 9 Oct. 2025 (qty: 1)
INFO 2025-12-15 19:51:38,352 basehttp 14476 11240 "POST /add-to-cart/ HTTP/1.1" 302 0
INFO 2025-12-15 19:51:38,431 basehttp 14476 11240 "GET / HTTP/1.1" 200 36499
INFO 2025-12-15 19:51:39,835 views 14476 11240 Product added to cart: The Impossible Fortune: (qty: 1)
INFO 2025-12-15 19:51:39,842 basehttp 14476 11240 "POST /add-to-cart/ HTTP/1.1" 302 0
INFO 2025-12-15 19:51:39,936 basehttp 14476 11240 "GET / HTTP/1.1" 200 36499
INFO 2025-12-15 19:51:41,142 views 14476 11240 Product added to cart: The Housemaid: (qty: 1)
INFO 2025-12-15 19:51:41,147 basehttp 14476 11240 "POST /add-to-cart/ HTTP/1.1" 302 0
INFO 2025-12-15 19:51:41,225 basehttp 14476 11240 "GET / HTTP/1.1" 200 36499
INFO 2025-12-15 19:51:43,126 basehttp 14476 11240 "GET /cart/ HTTP/1.1" 200 5256
INFO 2025-12-15 19:51:44,942 basehttp 14476 11240 "POST /cart/remove/ HTTP/1.1" 302 0
INFO 2025-12-15 19:51:44,991 basehttp 14476 11240 "GET /cart/ HTTP/1.1" 200 3837
INFO 2025-12-15 19:51:46,408 basehttp 14476 11240 "POST /cart/remove/ HTTP/1.1" 302 0
INFO 2025-12-15 19:51:46,451 basehttp 14476 11240 "GET /cart/ HTTP/1.1" 200 2434
INFO 2025-12-15 19:51:47,711 basehttp 14476 7064 "POST /cart/remove/ HTTP/1.1" 302 0
INFO 2025-12-15 19:51:47,763 basehttp 14476 7064 "GET /cart/ HTTP/1.1" 200 497
INFO 2025-12-15 19:51:52,053 basehttp 14476 7064 "GET / HTTP/1.1" 200 36499
INFO 2025-12-15 19:52:02,403 views 14476 15524 User logged out: User
INFO 2025-12-15 19:52:02,411 basehttp 14476 15524 "GET /logout/ HTTP/1.1" 302 0
INFO 2025-12-15 19:52:02,475 basehttp 14476 15524 "GET / HTTP/1.1" 200 36439
INFO 2025-12-15 19:52:05,963 basehttp 14476 15524 "GET /register/ HTTP/1.1" 200 2606
INFO 2025-12-15 19:52:11,441 basehttp 14476 2876 "GET /login/ HTTP/1.1" 200 1186
INFO 2025-12-15 19:52:16,931 views 14476 2876 User logged in: admin
INFO 2025-12-15 19:52:16,967 basehttp 14476 2876 "POST /login/ HTTP/1.1" 302 0
INFO 2025-12-15 19:52:17,028 basehttp 14476 2876 "GET / HTTP/1.1" 200 36640
INFO 2025-12-15 19:52:19,839 basehttp 14476 2876 "GET /staff/products/ HTTP/1.1" 200 12571
INFO 2025-12-15 19:52:25,625 basehttp 14476 2876 "GET /staff/products/add/ HTTP/1.1" 200 1296
INFO 2025-12-15 19:52:45,070 views 14476 8752 Product created: The Impossible Fortune: by admin
INFO 2025-12-15 19:52:45,082 basehttp 14476 8752 "POST /staff/products/add/ HTTP/1.1" 302 0
INFO 2025-12-15 19:52:45,148 basehttp 14476 8752 "GET /staff/products/ HTTP/1.1" 200 13013
INFO 2025-12-15 19:52:47,741 basehttp 14476 15668 "GET /staff/products/add/ HTTP/1.1" 200 1296
INFO 2025-12-15 19:52:56,584 basehttp 14476 15668 "GET / HTTP/1.1" 200 37780
INFO 2025-12-15 19:52:57,057 basehttp 14476 15668 "GET /media/products/41ObsCYcV1L_ScTASl0._SY445_SX342_ML2_.jpg HTTP/1.1" 200 22370
INFO 2025-12-15 19:53:00,955 basehttp 14476 15668 "GET /?category=books HTTP/1.1" 200 15158
INFO 2025-12-15 19:53:05,692 basehttp 14476 15668 "GET / HTTP/1.1" 200 37780
INFO 2025-12-15 19:53:05,758 basehttp 14476 15668 "GET /media/products/41ObsCYcV1L_ScTASl0._SY445_SX342_ML2_.jpg HTTP/1.1" 304 0
INFO 2025-12-15 19:53:18,789 basehttp 14476 10200 "GET /?category=books HTTP/1.1" 200 15158
INFO 2025-12-15 19:53:21,377 basehttp 14476 10200 "GET /?category=furniture HTTP/1.1" 200 16590
INFO 2025-12-15 19:53:24,008 basehttp 14476 10200 "GET /?category=electronic-items HTTP/1.1" 200 16497
INFO 2025-12-15 19:53:28,103 basehttp 14476 1656 "GET /staff/products/ HTTP/1.1" 200 13013
INFO 2025-12-15 19:53:30,555 basehttp 14476 1656 "GET /staff/products/1/edit/ HTTP/1.1" 200 2040
INFO 2025-12-15 19:53:33,978 views 14476 1656 Product updated: The Long Shoe Hardcover – 9 Oct. 2025 by admin
INFO 2025-12-15 19:53:33,985 basehttp 14476 1656 "POST /staff/products/1/edit/ HTTP/1.1" 302 0
INFO 2025-12-15 19:53:34,063 basehttp 14476 1656 "GET /staff/products/ HTTP/1.1" 200 13013
INFO 2025-12-15 19:53:39,805 basehttp 14476 1932 "GET /staff/products/31/delete/ HTTP/1.1" 200 864
INFO 2025-12-15 19:53:41,590 views 14476 1932 Product deleted: The Impossible Fortune: by admin
INFO 2025-12-15 19:53:41,594 basehttp 14476 1932 "POST /staff/products/31/delete/ HTTP/1.1" 302 0
INFO 2025-12-15 19:53:41,652 basehttp 14476 1932 "GET /staff/products/ HTTP/1.1" 200 12571
WARNING 2025-12-15 19:53:46,556 log 14476 1932 Not Found: /staff/products/31/delete/
WARNING 2025-12-15 19:53:46,558 basehttp 14476 1932 "POST /staff/products/31/delete/ HTTP/1.1" 404 6688
WARNING 2025-12-15 19:53:48,995 log 14476 15900 Not Found: /staff/products/31/delete/
WARNING 2025-12-15 19:53:48,997 basehttp 14476 15900 "GET /staff/products/31/delete/ HTTP/1.1" 404 6687
WARNING 2025-12-15 19:53:56,213 log 14476 15900 Not Found: /staff/products/31/delete/
WARNING 2025-12-15 19:53:56,221 basehttp 14476 15900 "GET /staff/products/31/delete/ HTTP/1.1" 404 6687
INFO 2025-12-15 19:54:19,468 basehttp 14476 9468 "GET / HTTP/1.1" 200 36640
INFO 2025-12-15 19:54:26,613 views 14476 9468 Product added to cart: The Long Shoe Hardcover – 9 Oct. 2025 (qty: 1)
INFO 2025-12-15 19:54:26,625 basehttp 14476 9468 "POST /add-to-cart/ HTTP/1.1" 302 0
INFO 2025-12-15 19:54:26,763 basehttp 14476 9468 "GET / HTTP/1.1" 200 36640
INFO 2025-12-15 19:54:27,609 views 14476 15756 Product added to cart: The Impossible Fortune: (qty: 1)
INFO 2025-12-15 19:54:27,616 basehttp 14476 15756 "POST /add-to-cart/ HTTP/1.1" 302 0
INFO 2025-12-15 19:54:27,710 basehttp 14476 15756 "GET / HTTP/1.1" 200 36640
INFO 2025-12-15 19:54:30,380 views 14476 15756 Product added to cart: Alienware X16 R2 Gaming Laptop (qty: 1)
INFO 2025-12-15 19:54:30,391 basehttp 14476 15756 "POST /add-to-cart/ HTTP/1.1" 302 0
INFO 2025-12-15 19:54:30,506 basehttp 14476 15756 "GET / HTTP/1.1" 200 36640
INFO 2025-12-15 19:54:34,774 basehttp 14476 15756 "GET /cart/ HTTP/1.1" 200 5280
INFO 2025-12-15 19:54:43,719 basehttp 14476 8488 "GET /checkout/ HTTP/1.1" 200 950
INFO 2025-12-15 19:54:51,667 views 14476 2064 Order created: 5 by admin
INFO 2025-12-15 19:54:51,671 basehttp 14476 2064 "POST /checkout/ HTTP/1.1" 302 0
INFO 2025-12-15 19:54:51,695 basehttp 14476 2064 "GET /checkout/success/ HTTP/1.1" 200 322
INFO 2025-12-15 19:54:56,467 basehttp 14476 2064 "GET / HTTP/1.1" 200 36640
INFO 2025-12-15 19:55:02,109 basehttp 14476 7412 "GET /cart/ HTTP/1.1" 200 497
INFO 2025-12-15 19:55:04,662 basehttp 14476 7412 "GET / HTTP/1.1" 200 36640
ERROR 2025-12-15 19:55:07,712 log 14476 7412 Internal Server Error: /staff/orders/
Traceback (most recent call last):
  File "C:\Users\USER\Desktop\myshop_app\venv\Lib\site-packages\django\core\handlers\exception.py", line 55, in inner
    response = get_response(request)
  File "C:\Users\USER\Desktop\myshop_app\venv\Lib\site-packages\django\core\handlers\base.py", line 197, in _get_response
    response = wrapped_callback(request, *callback_args, **callback_kwargs)
  File "C:\Users\USER\Desktop\myshop_app\venv\Lib\site-packages\django\contrib\auth\decorators.py", line 59, in _view_wrapper
    return view_func(request, *args, **kwargs)
  File "C:\Users\USER\Desktop\myshop_app\venv\Lib\site-packages\django\contrib\auth\decorators.py", line 59, in _view_wrapper
    return view_func(request, *args, **kwargs)
  File "C:\Users\USER\Desktop\myshop_app\store\views.py", line 258, in manage_orders
    return render(request, 'store/manage_orders.html', {'orders': orders})
  File "C:\Users\USER\Desktop\myshop_app\venv\Lib\site-packages\django\shortcuts.py", line 25, in render
    content = loader.render_to_string(template_name, context, request, using=using)
  File "C:\Users\USER\Desktop\myshop_app\venv\Lib\site-packages\django\template\loader.py", line 62, in render_to_string
    return template.render(context, request)
           ~~~~~~~~~~~~~~~^^^^^^^^^^^^^^^^^^
  File "C:\Users\USER\Desktop\myshop_app\venv\Lib\site-packages\django\template\backends\django.py", line 107, in render
    return self.template.render(context)
           ~~~~~~~~~~~~~~~~~~~~^^^^^^^^^
  File "C:\Users\USER\Desktop\myshop_app\venv\Lib\site-packages\django\template\base.py", line 171, in render
    return self._render(context)
           ~~~~~~~~~~~~^^^^^^^^^
  File "C:\Users\USER\Desktop\myshop_app\venv\Lib\site-packages\django\template\base.py", line 163, in _render
    return self.nodelist.render(context)
           ~~~~~~~~~~~~~~~~~~~~^^^^^^^^^
  File "C:\Users\USER\Desktop\myshop_app\venv\Lib\site-packages\django\template\base.py", line 1016, in render
    return SafeString("".join([node.render_annotated(context) for node in self]))
                               ~~~~~~~~~~~~~~~~~~~~~^^^^^^^^^
  File "C:\Users\USER\Desktop\myshop_app\venv\Lib\site-packages\django\template\base.py", line 977, in render_annotated
    return self.render(context)
           ~~~~~~~~~~~^^^^^^^^^
  File "C:\Users\USER\Desktop\myshop_app\venv\Lib\site-packages\django\template\defaulttags.py", line 327, in render
    return nodelist.render(context)
           ~~~~~~~~~~~~~~~^^^^^^^^^
  File "C:\Users\USER\Desktop\myshop_app\venv\Lib\site-packages\django\template\base.py", line 1016, in render
    return SafeString("".join([node.render_annotated(context) for node in self]))
                               ~~~~~~~~~~~~~~~~~~~~~^^^^^^^^^
  File "C:\Users\USER\Desktop\myshop_app\venv\Lib\site-packages\django\template\base.py", line 977, in render_annotated
    return self.render(context)
           ~~~~~~~~~~~^^^^^^^^^
  File "C:\Users\USER\Desktop\myshop_app\venv\Lib\site-packages\django\template\defaulttags.py", line 243, in render
    nodelist.append(node.render_annotated(context))
                    ~~~~~~~~~~~~~~~~~~~~~^^^^^^^^^
  File "C:\Users\USER\Desktop\myshop_app\venv\Lib\site-packages\django\template\base.py", line 977, in render_annotated
    return self.render(context)
           ~~~~~~~~~~~^^^^^^^^^
  File "C:\Users\USER\Desktop\myshop_app\venv\Lib\site-packages\django\template\defaulttags.py", line 480, in render
    url = reverse(view_name, args=args, kwargs=kwargs, current_app=current_app)
  File "C:\Users\USER\Desktop\myshop_app\venv\Lib\site-packages\django\urls\base.py", line 98, in reverse
    resolved_url = resolver._reverse_with_prefix(view, prefix, *args, **kwargs)
  File "C:\Users\USER\Desktop\myshop_app\venv\Lib\site-packages\django\urls\resolvers.py", line 831, in _reverse_with_prefix
    raise NoReverseMatch(msg)
django.urls.exceptions.NoReverseMatch: Reverse for 'update_order_status' not found. 'update_order_status' is not a valid view function or pattern name.
ERROR 2025-12-15 19:55:07,752 basehttp 14476 7412 "GET /staff/orders/ HTTP/1.1" 500 155260
ERROR 2025-12-15 19:55:16,972 log 14476 7412 Internal Server Error: /staff/orders/
Traceback (most recent call last):
  File "C:\Users\USER\Desktop\myshop_app\venv\Lib\site-packages\django\core\handlers\exception.py", line 55, in inner
    response = get_response(request)
  File "C:\Users\USER\Desktop\myshop_app\venv\Lib\site-packages\django\core\handlers\base.py", line 197, in _get_response
    response = wrapped_callback(request, *callback_args, **callback_kwargs)
  File "C:\Users\USER\Desktop\myshop_app\venv\Lib\site-packages\django\contrib\auth\decorators.py", line 59, in _view_wrapper
    return view_func(request, *args, **kwargs)
  File "C:\Users\USER\Desktop\myshop_app\venv\Lib\site-packages\django\contrib\auth\decorators.py", line 59, in _view_wrapper
    return view_func(request, *args, **kwargs)
  File "C:\Users\USER\Desktop\myshop_app\store\views.py", line 258, in manage_orders
    return render(request, 'store/manage_orders.html', {'orders': orders})
  File "C:\Users\USER\Desktop\myshop_app\venv\Lib\site-packages\django\shortcuts.py", line 25, in render
    content = loader.render_to_string(template_name, context, request, using=using)
  File "C:\Users\USER\Desktop\myshop_app\venv\Lib\site-packages\django\template\loader.py", line 62, in render_to_string
    return template.render(context, request)
           ~~~~~~~~~~~~~~~^^^^^^^^^^^^^^^^^^
  File "C:\Users\USER\Desktop\myshop_app\venv\Lib\site-packages\django\template\backends\django.py", line 107, in render
    return self.template.render(context)
           ~~~~~~~~~~~~~~~~~~~~^^^^^^^^^
  File "C:\Users\USER\Desktop\myshop_app\venv\Lib\site-packages\django\template\base.py", line 171, in render
    return self._render(context)
           ~~~~~~~~~~~~^^^^^^^^^
  File "C:\Users\USER\Desktop\myshop_app\venv\Lib\site-packages\django\template\base.py", line 163, in _render
    return self.nodelist.render(context)
           ~~~~~~~~~~~~~~~~~~~~^^^^^^^^^
  File "C:\Users\USER\Desktop\myshop_app\venv\Lib\site-packages\django\template\base.py", line 1016, in render
    return SafeString("".join([node.render_annotated(context) for node in self]))
                               ~~~~~~~~~~~~~~~~~~~~~^^^^^^^^^
  File "C:\Users\USER\Desktop\myshop_app\venv\Lib\site-packages\django\template\base.py", line 977, in render_annotated
    return self.render(context)
           ~~~~~~~~~~~^^^^^^^^^
  File "C:\Users\USER\Desktop\myshop_app\venv\Lib\site-packages\django\template\defaulttags.py", line 327, in render
    return nodelist.render(context)
           ~~~~~~~~~~~~~~~^^^^^^^^^
  File "C:\Users\USER\Desktop\myshop_app\venv\Lib\site-packages\django\template\base.py", line 1016, in render
    return SafeString("".join([node.render_annotated(context) for node in self]))
                               ~~~~~~~~~~~~~~~~~~~~~^^^^^^^^^
  File "C:\Users\USER\Desktop\myshop_app\venv\Lib\site-packages\django\template\base.py", line 977, in render_annotated
    return self.render(context)
           ~~~~~~~~~~~^^^^^^^^^
  File "C:\Users\USER\Desktop\myshop_app\venv\Lib\site-packages\django\template\defaulttags.py", line 243, in render
    nodelist.append(node.render_annotated(context))
                    ~~~~~~~~~~~~~~~~~~~~~^^^^^^^^^
  File "C:\Users\USER\Desktop\myshop_app\venv\Lib\site-packages\django\template\base.py", line 977, in render_annotated
    return self.render(context)
           ~~~~~~~~~~~^^^^^^^^^
  File "C:\Users\USER\Desktop\myshop_app\venv\Lib\site-packages\django\template\defaulttags.py", line 480, in render
    url = reverse(view_name, args=args, kwargs=kwargs, current_app=current_app)
  File "C:\Users\USER\Desktop\myshop_app\venv\Lib\site-packages\django\urls\base.py", line 98, in reverse
    resolved_url = resolver._reverse_with_prefix(view, prefix, *args, **kwargs)
  File "C:\Users\USER\Desktop\myshop_app\venv\Lib\site-packages\django\urls\resolvers.py", line 831, in _reverse_with_prefix
    raise NoReverseMatch(msg)
django.urls.exceptions.NoReverseMatch: Reverse for 'update_order_status' not found. 'update_order_status' is not a valid view function or pattern name.
ERROR 2025-12-15 19:55:16,983 basehttp 14476 7412 "GET /staff/orders/ HTTP/1.1" 500 155260
INFO 2025-12-15 19:55:31,520 basehttp 14476 7076 "GET /admin/ HTTP/1.1" 200 16668
INFO 2025-12-15 19:55:36,070 basehttp 14476 7076 "GET /admin/auth/user/ HTTP/1.1" 200 16520
INFO 2025-12-15 19:55:36,283 basehttp 14476 7076 "GET /admin/jsi18n/ HTTP/1.1" 200 3342
INFO 2025-12-15 19:55:42,998 basehttp 14476 15132 "GET /admin/orders/orderitem/ HTTP/1.1" 200 13345
INFO 2025-12-15 19:55:43,051 basehttp 14476 15132 "GET /admin/jsi18n/ HTTP/1.1" 200 3342
INFO 2025-12-15 19:55:45,036 basehttp 14476 15132 "GET /admin/orders/order/ HTTP/1.1" 200 14495
INFO 2025-12-15 19:55:45,095 basehttp 14476 15132 "GET /admin/jsi18n/ HTTP/1.1" 200 3342
INFO 2025-12-15 19:55:47,115 basehttp 14476 11968 "GET /admin/store/cartitem/ HTTP/1.1" 200 12484
INFO 2025-12-15 19:55:47,165 basehttp 14476 11968 "GET /admin/jsi18n/ HTTP/1.1" 200 3342
INFO 2025-12-15 19:55:49,111 basehttp 14476 11968 "GET /admin/store/cart/ HTTP/1.1" 200 14681
INFO 2025-12-15 19:55:49,200 basehttp 14476 11968 "GET /admin/jsi18n/ HTTP/1.1" 200 3342
INFO 2025-12-15 19:55:53,398 basehttp 14476 11968 "GET /admin/store/category/ HTTP/1.1" 200 14888
INFO 2025-12-15 19:55:53,455 basehttp 14476 11968 "GET /admin/jsi18n/ HTTP/1.1" 200 3342
INFO 2025-12-15 19:55:55,590 basehttp 14476 11968 "GET /admin/store/customerprofile/ HTTP/1.1" 200 14587
INFO 2025-12-15 19:55:55,648 basehttp 14476 11968 "GET /admin/jsi18n/ HTTP/1.1" 200 3342
INFO 2025-12-15 19:55:57,892 basehttp 14476 9724 "GET /admin/store/orderitem/ HTTP/1.1" 200 16211
INFO 2025-12-15 19:55:57,948 basehttp 14476 9724 "GET /admin/jsi18n/ HTTP/1.1" 200 3342
INFO 2025-12-15 19:56:00,169 basehttp 14476 9724 "GET /admin/store/order/ HTTP/1.1" 200 16358
INFO 2025-12-15 19:56:00,222 basehttp 14476 9724 "GET /admin/jsi18n/ HTTP/1.1" 200 3342
INFO 2025-12-15 19:56:03,001 basehttp 14476 9724 "GET /admin/store/product/ HTTP/1.1" 200 27490
INFO 2025-12-15 19:56:03,058 basehttp 14476 9724 "GET /admin/jsi18n/ HTTP/1.1" 200 3342
INFO 2025-12-15 19:56:04,614 basehttp 14476 9724 "GET /admin/store/order/ HTTP/1.1" 200 16358
INFO 2025-12-15 19:56:04,667 basehttp 14476 9724 "GET /admin/jsi18n/ HTTP/1.1" 200 3342
INFO 2025-12-15 19:56:08,948 basehttp 14476 12688 "GET /admin/store/order/5/change/ HTTP/1.1" 200 14382
INFO 2025-12-15 19:56:09,004 basehttp 14476 12688 "GET /admin/jsi18n/ HTTP/1.1" 200 3342
INFO 2025-12-15 19:56:14,541 basehttp 14476 12688 "POST /admin/store/order/5/change/ HTTP/1.1" 302 0
INFO 2025-12-15 19:56:14,623 basehttp 14476 12688 "GET /admin/store/order/ HTTP/1.1" 200 16557
INFO 2025-12-15 19:56:14,663 basehttp 14476 12688 "GET /admin/jsi18n/ HTTP/1.1" 200 3342
INFO 2025-12-15 19:56:23,924 basehttp 14476 7128 "GET /admin/orders/order/ HTTP/1.1" 200 14495
INFO 2025-12-15 19:56:23,974 basehttp 14476 7128 "GET /admin/jsi18n/ HTTP/1.1" 200 3342
INFO 2025-12-15 19:56:25,678 basehttp 14476 7128 "GET /admin/orders/orderitem/ HTTP/1.1" 200 13345
INFO 2025-12-15 19:56:25,730 basehttp 14476 7128 "GET /admin/jsi18n/ HTTP/1.1" 200 3342
INFO 2025-12-15 19:56:30,985 basehttp 14476 11720 "GET /admin/store/orderitem/ HTTP/1.1" 200 16202
INFO 2025-12-15 19:56:31,029 basehttp 14476 11720 "GET /admin/jsi18n/ HTTP/1.1" 200 3342
INFO 2025-12-15 19:56:31,739 basehttp 14476 11720 "GET /admin/store/orderitem/ HTTP/1.1" 200 16202
INFO 2025-12-15 19:56:31,783 basehttp 14476 11720 "GET /admin/jsi18n/ HTTP/1.1" 200 3342
INFO 2025-12-15 19:56:33,770 basehttp 14476 11720 "GET /admin/store/order/ HTTP/1.1" 200 16352
INFO 2025-12-15 19:56:33,811 basehttp 14476 11720 "GET /admin/jsi18n/ HTTP/1.1" 200 3342
INFO 2025-12-15 19:56:41,614 basehttp 14476 14704 "GET /admin/store/order/4/change/ HTTP/1.1" 200 14383
INFO 2025-12-15 19:56:41,693 basehttp 14476 14704 "GET /admin/jsi18n/ HTTP/1.1" 200 3342
INFO 2025-12-15 19:56:46,467 basehttp 14476 14704 "POST /admin/store/order/4/change/ HTTP/1.1" 302 0
INFO 2025-12-15 19:56:46,551 basehttp 14476 14704 "GET /admin/store/order/ HTTP/1.1" 200 16560
INFO 2025-12-15 19:56:46,601 basehttp 14476 14704 "GET /admin/jsi18n/ HTTP/1.1" 200 3342
INFO 2025-12-15 19:56:48,847 basehttp 14476 308 "GET /admin/store/order/3/change/ HTTP/1.1" 200 14380
INFO 2025-12-15 19:56:48,918 basehttp 14476 308 "GET /admin/jsi18n/ HTTP/1.1" 200 3342
INFO 2025-12-15 19:56:53,613 basehttp 14476 308 "POST /admin/store/order/3/change/ HTTP/1.1" 302 0
INFO 2025-12-15 19:56:53,681 basehttp 14476 308 "GET /admin/store/order/ HTTP/1.1" 200 16566
INFO 2025-12-15 19:56:53,731 basehttp 14476 308 "GET /admin/jsi18n/ HTTP/1.1" 200 3342
INFO 2025-12-15 19:56:57,585 basehttp 14476 8892 "GET /admin/store/orderitem/ HTTP/1.1" 200 16204
INFO 2025-12-15 19:56:57,647 basehttp 14476 8892 "GET /admin/jsi18n/ HTTP/1.1" 200 3342
INFO 2025-12-15 19:57:01,272 basehttp 14476 8892 "GET /admin/store/customerprofile/ HTTP/1.1" 200 14587
INFO 2025-12-15 19:57:01,333 basehttp 14476 8892 "GET /admin/jsi18n/ HTTP/1.1" 200 3342
INFO 2025-12-15 19:57:03,866 basehttp 14476 8892 "GET /admin/store/category/ HTTP/1.1" 200 14888
INFO 2025-12-15 19:57:03,952 basehttp 14476 8892 "GET /admin/jsi18n/ HTTP/1.1" 200 3342
INFO 2025-12-15 19:57:06,200 basehttp 14476 8892 "GET /admin/store/cart/ HTTP/1.1" 200 14681
INFO 2025-12-15 19:57:06,253 basehttp 14476 8892 "GET /admin/jsi18n/ HTTP/1.1" 200 3342
INFO 2025-12-15 19:57:10,049 basehttp 14476 15260 "GET /admin/store/cartitem/ HTTP/1.1" 200 12484
INFO 2025-12-15 19:57:10,127 basehttp 14476 15260 "GET /admin/jsi18n/ HTTP/1.1" 200 3342
INFO 2025-12-15 19:57:12,736 basehttp 14476 15260 "GET /admin/orders/order/ HTTP/1.1" 200 14495
INFO 2025-12-15 19:57:12,785 basehttp 14476 15260 "GET /admin/jsi18n/ HTTP/1.1" 200 3342
INFO 2025-12-15 19:57:14,548 basehttp 14476 15260 "GET /admin/orders/orderitem/ HTTP/1.1" 200 13345
INFO 2025-12-15 19:57:14,598 basehttp 14476 15260 "GET /admin/jsi18n/ HTTP/1.1" 200 3342
INFO 2025-12-15 19:57:16,120 basehttp 14476 15260 "GET /admin/orders/order/ HTTP/1.1" 200 14495
INFO 2025-12-15 19:57:16,178 basehttp 14476 15260 "GET /admin/jsi18n/ HTTP/1.1" 200 3342
INFO 2025-12-15 19:57:18,173 basehttp 14476 14444 "GET /admin/orders/order/?status__exact=pending HTTP/1.1" 200 14837
INFO 2025-12-15 19:57:18,234 basehttp 14476 14444 "GET /admin/jsi18n/ HTTP/1.1" 200 3342
INFO 2025-12-15 19:57:20,565 basehttp 14476 14444 "GET /admin/orders/order/?status__exact=paid HTTP/1.1" 200 14813
INFO 2025-12-15 19:57:20,621 basehttp 14476 14444 "GET /admin/jsi18n/ HTTP/1.1" 200 3342
INFO 2025-12-15 19:57:22,239 basehttp 14476 14444 "GET /admin/orders/order/?status__exact=shipped HTTP/1.1" 200 14837
INFO 2025-12-15 19:57:22,295 basehttp 14476 14444 "GET /admin/jsi18n/ HTTP/1.1" 200 3342
INFO 2025-12-15 19:57:23,617 basehttp 14476 14444 "GET /admin/orders/order/?status__exact=cancelled HTTP/1.1" 200 14853
INFO 2025-12-15 19:57:23,683 basehttp 14476 14444 "GET /admin/jsi18n/ HTTP/1.1" 200 3342
INFO 2025-12-15 19:57:29,407 basehttp 14476 2148 "GET /admin/store/orderitem/ HTTP/1.1" 200 16204
INFO 2025-12-15 19:57:29,456 basehttp 14476 2148 "GET /admin/jsi18n/ HTTP/1.1" 200 3342
INFO 2025-12-15 19:57:34,938 basehttp 14476 2148 "GET /admin/orders/orderitem/ HTTP/1.1" 200 13345
INFO 2025-12-15 19:57:34,983 basehttp 14476 2148 "GET /admin/jsi18n/ HTTP/1.1" 200 3342
INFO 2025-12-15 19:57:42,770 basehttp 14476 1468 "GET /admin/orders/orderitem/add/ HTTP/1.1" 200 18857
INFO 2025-12-15 19:57:42,815 basehttp 14476 1468 "GET /admin/jsi18n/ HTTP/1.1" 200 3342
INFO 2025-12-15 19:57:48,960 basehttp 14476 15484 "GET /admin/orders/order/ HTTP/1.1" 200 14495
INFO 2025-12-15 19:57:49,014 basehttp 14476 15484 "GET /admin/jsi18n/ HTTP/1.1" 200 3342
INFO 2025-12-15 19:57:58,786 basehttp 14476 16176 "GET /register/ HTTP/1.1" 302 0
INFO 2025-12-15 19:57:58,884 basehttp 14476 16176 "GET / HTTP/1.1" 200 36640
INFO 2025-12-15 19:58:04,067 views 14476 16176 Product added to cart: Samsung Galaxy S25 Ultra AI Smartphone, (qty: 1)
INFO 2025-12-15 19:58:04,069 basehttp 14476 16176 "POST /add-to-cart/ HTTP/1.1" 302 0
INFO 2025-12-15 19:58:04,129 basehttp 14476 16176 "GET / HTTP/1.1" 200 36640
ERROR 2025-12-15 19:58:06,473 log 14476 16176 Internal Server Error: /staff/orders/
Traceback (most recent call last):
  File "C:\Users\USER\Desktop\myshop_app\venv\Lib\site-packages\django\core\handlers\exception.py", line 55, in inner
    response = get_response(request)
  File "C:\Users\USER\Desktop\myshop_app\venv\Lib\site-packages\django\core\handlers\base.py", line 197, in _get_response
    response = wrapped_callback(request, *callback_args, **callback_kwargs)
  File "C:\Users\USER\Desktop\myshop_app\venv\Lib\site-packages\django\contrib\auth\decorators.py", line 59, in _view_wrapper
    return view_func(request, *args, **kwargs)
  File "C:\Users\USER\Desktop\myshop_app\venv\Lib\site-packages\django\contrib\auth\decorators.py", line 59, in _view_wrapper
    return view_func(request, *args, **kwargs)
  File "C:\Users\USER\Desktop\myshop_app\store\views.py", line 258, in manage_orders
    return render(request, 'store/manage_orders.html', {'orders': orders})
  File "C:\Users\USER\Desktop\myshop_app\venv\Lib\site-packages\django\shortcuts.py", line 25, in render
    content = loader.render_to_string(template_name, context, request, using=using)
  File "C:\Users\USER\Desktop\myshop_app\venv\Lib\site-packages\django\template\loader.py", line 62, in render_to_string
    return template.render(context, request)
           ~~~~~~~~~~~~~~~^^^^^^^^^^^^^^^^^^
  File "C:\Users\USER\Desktop\myshop_app\venv\Lib\site-packages\django\template\backends\django.py", line 107, in render
    return self.template.render(context)
           ~~~~~~~~~~~~~~~~~~~~^^^^^^^^^
  File "C:\Users\USER\Desktop\myshop_app\venv\Lib\site-packages\django\template\base.py", line 171, in render
    return self._render(context)
           ~~~~~~~~~~~~^^^^^^^^^
  File "C:\Users\USER\Desktop\myshop_app\venv\Lib\site-packages\django\template\base.py", line 163, in _render
    return self.nodelist.render(context)
           ~~~~~~~~~~~~~~~~~~~~^^^^^^^^^
  File "C:\Users\USER\Desktop\myshop_app\venv\Lib\site-packages\django\template\base.py", line 1016, in render
    return SafeString("".join([node.render_annotated(context) for node in self]))
                               ~~~~~~~~~~~~~~~~~~~~~^^^^^^^^^
  File "C:\Users\USER\Desktop\myshop_app\venv\Lib\site-packages\django\template\base.py", line 977, in render_annotated
    return self.render(context)
           ~~~~~~~~~~~^^^^^^^^^
  File "C:\Users\USER\Desktop\myshop_app\venv\Lib\site-packages\django\template\defaulttags.py", line 327, in render
    return nodelist.render(context)
           ~~~~~~~~~~~~~~~^^^^^^^^^
  File "C:\Users\USER\Desktop\myshop_app\venv\Lib\site-packages\django\template\base.py", line 1016, in render
    return SafeString("".join([node.render_annotated(context) for node in self]))
                               ~~~~~~~~~~~~~~~~~~~~~^^^^^^^^^
  File "C:\Users\USER\Desktop\myshop_app\venv\Lib\site-packages\django\template\base.py", line 977, in render_annotated
    return self.render(context)
           ~~~~~~~~~~~^^^^^^^^^
  File "C:\Users\USER\Desktop\myshop_app\venv\Lib\site-packages\django\template\defaulttags.py", line 243, in render
    nodelist.append(node.render_annotated(context))
                    ~~~~~~~~~~~~~~~~~~~~~^^^^^^^^^
  File "C:\Users\USER\Desktop\myshop_app\venv\Lib\site-packages\django\template\base.py", line 977, in render_annotated
    return self.render(context)
           ~~~~~~~~~~~^^^^^^^^^
  File "C:\Users\USER\Desktop\myshop_app\venv\Lib\site-packages\django\template\defaulttags.py", line 480, in render
    url = reverse(view_name, args=args, kwargs=kwargs, current_app=current_app)
  File "C:\Users\USER\Desktop\myshop_app\venv\Lib\site-packages\django\urls\base.py", line 98, in reverse
    resolved_url = resolver._reverse_with_prefix(view, prefix, *args, **kwargs)
  File "C:\Users\USER\Desktop\myshop_app\venv\Lib\site-packages\django\urls\resolvers.py", line 831, in _reverse_with_prefix
    raise NoReverseMatch(msg)
django.urls.exceptions.NoReverseMatch: Reverse for 'update_order_status' not found. 'update_order_status' is not a valid view function or pattern name.
ERROR 2025-12-15 19:58:06,491 basehttp 14476 16176 "GET /staff/orders/ HTTP/1.1" 500 155083
INFO 2025-12-15 19:58:11,228 basehttp 14476 8960 "GET /cart/ HTTP/1.1" 200 2467
INFO 2025-12-15 19:58:13,260 basehttp 14476 8960 "GET /checkout/ HTTP/1.1" 200 852
INFO 2025-12-15 19:58:16,540 views 14476 8960 Order created: 6 by admin
INFO 2025-12-15 19:58:16,542 basehttp 14476 8960 "POST /checkout/ HTTP/1.1" 302 0
INFO 2025-12-15 19:58:16,554 basehttp 14476 8960 "GET /checkout/success/ HTTP/1.1" 200 322
INFO 2025-12-15 19:58:18,034 basehttp 14476 7800 "GET / HTTP/1.1" 200 36640
INFO 2025-12-15 19:58:23,332 basehttp 14476 7800 "GET /admin/store/product/ HTTP/1.1" 200 27732
INFO 2025-12-15 19:58:23,382 basehttp 14476 7800 "GET /admin/jsi18n/ HTTP/1.1" 200 3342
INFO 2025-12-15 19:58:26,630 basehttp 14476 7800 "GET /admin/store/order/ HTTP/1.1" 200 16754
INFO 2025-12-15 19:58:26,674 basehttp 14476 7800 "GET /admin/jsi18n/ HTTP/1.1" 200 3342
INFO 2025-12-15 19:58:34,791 basehttp 14476 6016 "GET /admin/store/order/?status__exact=paid HTTP/1.1" 200 15946
INFO 2025-12-15 19:58:34,837 basehttp 14476 6016 "GET /admin/jsi18n/ HTTP/1.1" 200 3342
INFO 2025-12-15 19:58:37,386 basehttp 14476 13212 "GET /admin/store/order/?status__exact=pending HTTP/1.1" 200 15988
INFO 2025-12-15 19:58:37,437 basehttp 14476 13212 "GET /admin/jsi18n/ HTTP/1.1" 200 3342
INFO 2025-12-15 19:58:43,197 basehttp 14476 13212 "GET /admin/store/order/? HTTP/1.1" 200 16754
INFO 2025-12-15 19:58:43,257 basehttp 14476 13212 "GET /admin/jsi18n/ HTTP/1.1" 200 3342
INFO 2025-12-15 19:58:45,939 basehttp 14476 13212 "GET /admin/store/order/?status__exact=pending HTTP/1.1" 200 15988
INFO 2025-12-15 19:58:45,997 basehttp 14476 13212 "GET /admin/jsi18n/ HTTP/1.1" 200 3342
INFO 2025-12-15 19:58:47,836 basehttp 14476 15632 "GET /admin/store/order/?status__exact=paid HTTP/1.1" 200 15946
INFO 2025-12-15 19:58:47,883 basehttp 14476 15632 "GET /admin/jsi18n/ HTTP/1.1" 200 3342
INFO 2025-12-15 19:58:49,615 basehttp 14476 15632 "GET /admin/store/order/?status__exact=shipped HTTP/1.1" 200 15989
INFO 2025-12-15 19:58:49,693 basehttp 14476 15632 "GET /admin/jsi18n/ HTTP/1.1" 200 3342
INFO 2025-12-15 19:58:50,545 basehttp 14476 15632 "GET /admin/store/order/?status__exact=cancelled HTTP/1.1" 200 16014
INFO 2025-12-15 19:58:50,618 basehttp 14476 15632 "GET /admin/jsi18n/ HTTP/1.1" 200 3342
INFO 2025-12-15 19:59:15,494 basehttp 14476 14140 "GET /admin/store/order/?created_at__gte=2025-12-15+00%3A00%3A00%2B00%3A00&created_at__lt=2025-12-16+00%3A00%3A00%2B00%3A00&status__exact=cancelled HTTP/1.1" 200 17333
INFO 2025-12-15 19:59:15,536 basehttp 14476 14140 "GET /admin/jsi18n/ HTTP/1.1" 200 3342
INFO 2025-12-15 19:59:17,498 basehttp 14476 5596 "GET /admin/store/order/?created_at__gte=2025-12-08+00%3A00%3A00%2B00%3A00&created_at__lt=2025-12-16+00%3A00%3A00%2B00%3A00&status__exact=cancelled HTTP/1.1" 200 17333
INFO 2025-12-15 19:59:17,539 basehttp 14476 5596 "GET /admin/jsi18n/ HTTP/1.1" 200 3342
INFO 2025-12-15 19:59:19,111 basehttp 14476 5596 "GET /admin/store/order/?created_at__gte=2025-12-08+00%3A00%3A00%2B00%3A00&created_at__lt=2025-12-16+00%3A00%3A00%2B00%3A00 HTTP/1.1" 200 18627
INFO 2025-12-15 19:59:19,161 basehttp 14476 5596 "GET /admin/jsi18n/ HTTP/1.1" 200 3342
INFO 2025-12-15 19:59:20,546 basehttp 14476 5596 "GET /admin/store/order/?created_at__gte=2025-01-01+00%3A00%3A00%2B00%3A00&created_at__lt=2026-01-01+00%3A00%3A00%2B00%3A00 HTTP/1.1" 200 18627
INFO 2025-12-15 19:59:20,604 basehttp 14476 5596 "GET /admin/jsi18n/ HTTP/1.1" 200 3342
INFO 2025-12-15 19:59:22,168 basehttp 14476 5596 "GET /admin/store/order/?created_at__gte=2025-12-01+00%3A00%3A00%2B00%3A00&created_at__lt=2026-01-01+00%3A00%3A00%2B00%3A00 HTTP/1.1" 200 18627
INFO 2025-12-15 19:59:22,208 basehttp 14476 5596 "GET /admin/jsi18n/ HTTP/1.1" 200 3342
INFO 2025-12-15 19:59:24,018 basehttp 14476 5596 "GET /admin/store/order/?created_at__gte=2025-12-15+00%3A00%3A00%2B00%3A00&created_at__lt=2025-12-16+00%3A00%3A00%2B00%3A00 HTTP/1.1" 200 18627
INFO 2025-12-15 19:59:24,068 basehttp 14476 5596 "GET /admin/jsi18n/ HTTP/1.1" 200 3342
INFO 2025-12-15 19:59:28,358 basehttp 14476 6248 "GET /admin/orders/order/ HTTP/1.1" 200 14495
INFO 2025-12-15 19:59:28,408 basehttp 14476 6248 "GET /admin/jsi18n/ HTTP/1.1" 200 3342
INFO 2025-12-15 19:59:30,978 basehttp 14476 6248 "GET /admin/orders/orderitem/ HTTP/1.1" 200 13345
INFO 2025-12-15 19:59:31,026 basehttp 14476 6248 "GET /admin/jsi18n/ HTTP/1.1" 200 3342
INFO 2025-12-15 19:59:33,416 basehttp 14476 6248 "GET /admin/orders/orderitem/add/ HTTP/1.1" 200 18857
INFO 2025-12-15 19:59:33,458 basehttp 14476 6248 "GET /admin/jsi18n/ HTTP/1.1" 200 3342
INFO 2025-12-15 19:59:38,033 basehttp 14476 15392 "GET /admin/orders/orderitem/ HTTP/1.1" 200 13345
INFO 2025-12-15 19:59:40,608 views 14476 15392 Product added to cart: The Long Shoe Hardcover – 9 Oct. 2025 (qty: 1)
INFO 2025-12-15 19:59:40,612 basehttp 14476 15392 "POST /add-to-cart/ HTTP/1.1" 302 0
INFO 2025-12-15 19:59:40,678 basehttp 14476 15392 "GET / HTTP/1.1" 200 36640
INFO 2025-12-15 19:59:44,240 basehttp 14476 15392 "GET /admin/orders/order/ HTTP/1.1" 200 14655
INFO 2025-12-15 19:59:44,285 basehttp 14476 15392 "GET /admin/jsi18n/ HTTP/1.1" 200 3342
INFO 2025-12-15 19:59:46,749 basehttp 14476 15392 "GET /admin/orders/order/ HTTP/1.1" 200 14495
INFO 2025-12-15 19:59:46,790 basehttp 14476 15392 "GET /admin/jsi18n/ HTTP/1.1" 200 3342
INFO 2025-12-15 19:59:48,762 basehttp 14476 2160 "GET /admin/orders/orderitem/ HTTP/1.1" 200 13345
INFO 2025-12-15 19:59:48,821 basehttp 14476 2160 "GET /admin/jsi18n/ HTTP/1.1" 200 3342
INFO 2025-12-15 19:59:50,311 basehttp 14476 2160 "GET /admin/orders/orderitem/ HTTP/1.1" 200 13345
INFO 2025-12-15 19:59:50,362 basehttp 14476 2160 "GET /admin/jsi18n/ HTTP/1.1" 200 3342
INFO 2025-12-15 19:59:52,933 basehttp 14476 2160 "GET /admin/orders/orderitem/? HTTP/1.1" 200 13345
INFO 2025-12-15 19:59:52,983 basehttp 14476 2160 "GET /admin/jsi18n/ HTTP/1.1" 200 3342
INFO 2025-12-15 19:59:55,214 basehttp 14476 2160 "GET /admin/store/orderitem/ HTTP/1.1" 200 16678
INFO 2025-12-15 19:59:55,259 basehttp 14476 2160 "GET /admin/jsi18n/ HTTP/1.1" 200 3342
INFO 2025-12-15 19:59:58,836 basehttp 14476 11948 "GET /admin/store/order/ HTTP/1.1" 200 16754
INFO 2025-12-15 19:59:58,884 basehttp 14476 11948 "GET /admin/jsi18n/ HTTP/1.1" 200 3342
INFO 2025-12-15 20:00:00,756 basehttp 14476 11948 "GET /admin/store/orderitem/ HTTP/1.1" 200 16678
INFO 2025-12-15 20:00:00,794 basehttp 14476 11948 "GET /admin/jsi18n/ HTTP/1.1" 200 3342
INFO 2025-12-15 20:00:19,619 basehttp 14476 16188 "GET /staff/products/ HTTP/1.1" 200 12571
INFO 2025-12-15 20:00:22,400 basehttp 14476 16188 "GET /staff/products/1/edit/ HTTP/1.1" 200 2040
INFO 2025-12-15 20:00:25,754 basehttp 14476 16188 "GET /staff/products/ HTTP/1.1" 200 12571
INFO 2025-12-15 20:00:37,532 basehttp 14476 4956 "GET /staff/products/ HTTP/1.1" 200 12571
INFO 2025-12-15 20:00:39,726 basehttp 14476 4956 "GET /staff/products/1/edit/ HTTP/1.1" 200 2040
INFO 2025-12-15 20:00:42,190 views 14476 4956 Product updated: The Long Shoe Hardcover – 9 Oct. 2025 by admin
INFO 2025-12-15 20:00:42,195 basehttp 14476 4956 "POST /staff/products/1/edit/ HTTP/1.1" 302 0
INFO 2025-12-15 20:00:42,253 basehttp 14476 4956 "GET /staff/products/ HTTP/1.1" 200 12571
INFO 2025-12-15 20:45:28,537 basehttp 14476 2128 "GET /?q=%27+OR+%271%27%3D%271 HTTP/1.1" 200 5638
INFO 2025-12-15 20:45:34,063 basehttp 14476 6652 "GET /?q=%27+OR+1%3D1+-- HTTP/1.1" 200 5623
INFO 2025-12-15 20:45:52,002 basehttp 14476 15480 "GET /?category=electronic-items HTTP/1.1" 200 16497
INFO 2025-12-15 20:46:50,007 basehttp 14476 21344 "GET /?q=+OR+%271%27%3D%271 HTTP/1.1" 200 5632
INFO 2025-12-15 20:46:57,627 basehttp 14476 20940 "GET / HTTP/1.1" 200 36640
INFO 2025-12-15 20:47:04,169 basehttp 14476 20584 "GET /?q=%27+OR+%271%27%3D%271%27+OR+%271%27%3D%271 HTTP/1.1" 200 5669
INFO 2025-12-15 20:48:02,259 basehttp 14476 20824 "GET /?q=%27+OR+%271%27%3D%271%27 HTTP/1.1" 200 5644
INFO 2025-12-15 20:48:05,486 basehttp 14476 20824 "GET /?q=OR+%271%27%3D%271 HTTP/1.1" 200 5631
INFO 2025-12-15 20:48:11,267 basehttp 14476 20824 "GET /?q=+OR+%271%27%3D%271 HTTP/1.1" 200 5632
INFO 2025-12-15 20:52:02,467 basehttp 14476 9108 "GET /?q=+OR++%271%27%3D%271+ HTTP/1.1" 200 5634
INFO 2025-12-15 21:35:45,600 basehttp 14476 13280 "GET /?q=%27+OR+%271%27%3D%271 HTTP/1.1" 200 5638
INFO 2025-12-15 21:43:38,153 basehttp 14476 18920 "GET /?q=%3Cscript%3Ealert%28%27XSS%27%29%3C%2Fscript%3E HTTP/1.1" 200 5658
INFO 2025-12-15 21:43:43,463 basehttp 14476 7396 "GET /staff/products/ HTTP/1.1" 200 12571
INFO 2025-12-15 21:43:48,747 basehttp 14476 7396 "GET /staff/products/add/ HTTP/1.1" 200 1296
INFO 2025-12-15 21:44:03,902 basehttp 14476 12140 "POST /staff/products/add/ HTTP/1.1" 200 1617
INFO 2025-12-15 21:44:08,853 basehttp 14476 12140 "GET /staff/products/add/ HTTP/1.1" 200 1296
INFO 2025-12-15 21:44:11,687 basehttp 14476 18184 "POST /staff/products/add/ HTTP/1.1" 200 1617
INFO 2025-12-15 21:44:16,584 basehttp 14476 18184 "GET /staff/products/ HTTP/1.1" 200 12571
INFO 2025-12-15 21:44:21,299 basehttp 14476 18184 "GET /admin/store/orderitem/ HTTP/1.1" 200 16813
INFO 2025-12-15 22:24:18,712 basehttp 14476 9924 "GET / HTTP/1.1" 200 36640
INFO 2025-12-15 22:24:19,577 basehttp 14476 8060 "GET /media/products/furniture.3.jpg HTTP/1.1" 304 0
INFO 2025-12-15 22:24:19,690 basehttp 14476 9924 "GET /media/products/furniture.1.jpg HTTP/1.1" 304 0
INFO 2025-12-15 22:24:19,691 basehttp 14476 19376 "GET /media/products/furniture.2.jpg HTTP/1.1" 304 0
INFO 2025-12-15 22:24:19,951 basehttp 14476 14896 "GET /media/products/furniture.5.jpg HTTP/1.1" 304 0
INFO 2025-12-15 22:24:20,005 basehttp 14476 8060 "GET /media/products/furniture.10.jpg HTTP/1.1" 304 0
INFO 2025-12-15 22:24:20,064 basehttp 14476 8712 "GET /media/products/furniture.6.jpg HTTP/1.1" 304 0
INFO 2025-12-15 22:24:20,106 basehttp 14476 14896 "GET /media/products/elec.2.jpg HTTP/1.1" 304 0
INFO 2025-12-15 22:24:20,149 basehttp 14476 8544 "GET /media/products/furniture.7.jpg HTTP/1.1" 304 0
INFO 2025-12-15 22:24:20,208 basehttp 14476 8060 "GET /media/products/elec.1.jpg HTTP/1.1" 304 0
INFO 2025-12-15 22:24:20,227 basehttp 14476 9924 "GET /media/products/furniture.8.jpg HTTP/1.1" 304 0
INFO 2025-12-15 22:24:20,336 basehttp 14476 14896 "GET /media/products/elec.3.jpg HTTP/1.1" 304 0
INFO 2025-12-15 22:24:20,400 basehttp 14476 8712 "GET /media/products/elec.5.jpg HTTP/1.1" 304 0
INFO 2025-12-15 22:24:20,413 basehttp 14476 19376 "GET /media/products/furniture.9.jpg HTTP/1.1" 304 0
INFO 2025-12-15 22:24:20,486 basehttp 14476 8060 "GET /media/products/elec.6.jpg HTTP/1.1" 304 0
INFO 2025-12-15 22:24:20,517 basehttp 14476 14896 "GET /media/products/elec.8.jpg HTTP/1.1" 304 0
INFO 2025-12-15 22:24:20,518 basehttp 14476 8544 "GET /media/products/elec.4.jpg HTTP/1.1" 304 0
INFO 2025-12-15 22:24:20,530 basehttp 14476 9924 "GET /media/products/elec.7.jpg HTTP/1.1" 304 0
INFO 2025-12-15 22:24:20,620 basehttp 14476 19376 "GET /media/products/elec.9.jpg HTTP/1.1" 304 0
INFO 2025-12-15 22:24:24,986 basehttp 14476 19376 "GET /?q=%27+OR+%271%27%3D%271 HTTP/1.1" 200 5638
INFO 2025-12-15 22:25:09,854 basehttp 14476 13708 "GET / HTTP/1.1" 200 36640
INFO 2025-12-15 22:25:11,241 basehttp 14476 13708 "GET / HTTP/1.1" 200 36640
INFO 2025-12-15 22:25:28,865 basehttp 14476 11608 "GET /?q=%27+OR+%271%27%3D%271 HTTP/1.1" 200 5638
INFO 2025-12-15 22:26:47,110 basehttp 14476 16500 "GET /?q=%3Cscript%3Ealert%28%27XSS%27%29%3C%2Fscript%3E HTTP/1.1" 200 5658
INFO 2025-12-15 22:26:50,016 basehttp 14476 16500 "GET /?q=%3Cscript%3Ealert%28%27XSS%27%29%3C%2Fscript%3E HTTP/1.1" 200 5658
INFO 2025-12-15 22:27:22,676 basehttp 14476 16716 "GET /?q=%27+OR+%271%27%3D%271 HTTP/1.1" 200 5638
INFO 2025-12-15 22:30:15,226 basehttp 14476 15052 "GET /?q=%27%25%7Bquery%7D%25%27 HTTP/1.1" 200 5628
INFO 2025-12-15 22:30:25,313 basehttp 14476 2684 "GET /?q=%27%25 HTTP/1.1" 200 5614
INFO 2025-12-15 22:31:39,770 basehttp 14476 14180 "GET /?q=%27+OR+%271%27%3D%271%27 HTTP/1.1" 200 5644
INFO 2025-12-15 22:31:42,419 basehttp 14476 14180 "GET /?q=%27+OR+%271%27%3D%271%27 HTTP/1.1" 200 5644
INFO 2025-12-15 22:33:32,629 basehttp 14476 20188 "GET /?q=%7Bquery%7D HTTP/1.1" 200 5614
INFO 2025-12-15 22:36:26,766 basehttp 14476 2284 "GET /?q=%27+OR+%271%27%3D%271 HTTP/1.1" 200 5638
INFO 2025-12-15 22:57:30,465 basehttp 14476 21132 "GET / HTTP/1.1" 200 36640
INFO 2025-12-15 22:57:31,189 basehttp 14476 2044 "GET /media/products/elec.1.jpg HTTP/1.1" 304 0
INFO 2025-12-15 22:57:31,264 basehttp 14476 2044 "GET /media/products/elec.7.jpg HTTP/1.1" 304 0
INFO 2025-12-15 22:57:31,357 basehttp 14476 10480 "GET /media/products/elec.3.jpg HTTP/1.1" 304 0
INFO 2025-12-15 22:57:31,416 basehttp 14476 21132 "GET /media/products/elec.2.jpg HTTP/1.1" 304 0
INFO 2025-12-15 22:57:31,442 basehttp 14476 2044 "GET /media/products/elec.8.jpg HTTP/1.1" 304 0
INFO 2025-12-15 22:57:32,018 basehttp 14476 10480 "GET /media/products/elec.9.jpg HTTP/1.1" 304 0
INFO 2025-12-15 22:57:32,185 basehttp 14476 11408 "GET /media/products/elec.6.jpg HTTP/1.1" 304 0
INFO 2025-12-15 22:57:32,236 basehttp 14476 7312 "GET /media/products/elec.4.jpg HTTP/1.1" 304 0
INFO 2025-12-15 22:57:32,308 basehttp 14476 19548 "GET /media/products/elec.5.jpg HTTP/1.1" 304 0
INFO 2025-12-15 22:57:38,122 basehttp 14476 8980 "GET /?q=%27+OR+%271%27%3D%271 HTTP/1.1" 200 5638
INFO 2025-12-15 22:59:11,455 basehttp 14476 15272 "GET /?q=%27%5CnTesting+SQL+Injection...%27 HTTP/1.1" 200 5645
INFO 2025-12-15 23:08:05,582 autoreload 9712 17796 Watching for file changes with StatReloader
INFO 2025-12-15 23:08:11,693 basehttp 9712 6456 "GET / HTTP/1.1" 200 36640
WARNING 2025-12-15 23:08:12,530 log 9712 6456 Not Found: /favicon.ico
WARNING 2025-12-15 23:08:12,540 basehttp 9712 6456 "GET /favicon.ico HTTP/1.1" 404 6905
INFO 2025-12-15 23:08:31,801 basehttp 9712 19284 "GET /?q='%20OR%20'1'='1 HTTP/1.1" 200 5437
INFO 2025-12-15 23:08:33,835 basehttp 9712 17204 "GET /?q=%3Cscript%3Ealert('XSS')%3C/script%3E HTTP/1.1" 200 5457
INFO 2025-12-15 23:08:39,216 basehttp 9712 2388 "GET /?q=%27+OR+%271%27%3D%271 HTTP/1.1" 200 5638
INFO 2025-12-15 23:09:48,655 basehttp 9712 12536 "GET /?q=%22%7BBASE_URL%7D%2F%3Fq%3D%27%2520OR%2520%271%27%3D%271%22 HTTP/1.1" 200 5668
INFO 2025-12-15 23:09:58,322 basehttp 9712 12536 "GET /?q=%27%2520OR%2520%271%27%3D%271%22 HTTP/1.1" 200 5648
INFO 2025-12-15 23:10:03,998 basehttp 9712 12536 "GET /?q=%271%27%3D%271%22 HTTP/1.1" 200 5634
INFO 2025-12-15 23:10:23,678 basehttp 9712 12536 "GET /staff/products/ HTTP/1.1" 200 12571
INFO 2025-12-15 23:10:25,549 basehttp 9712 12536 "GET /staff/products/add/ HTTP/1.1" 200 1296
INFO 2025-12-15 23:10:41,485 basehttp 9712 12536 "POST /staff/products/add/ HTTP/1.1" 200 1617
INFO 2025-12-15 23:10:45,739 basehttp 9712 12536 "GET /staff/products/ HTTP/1.1" 200 12571
INFO 2025-12-15 23:10:49,520 basehttp 9712 12536 "GET / HTTP/1.1" 200 36640
INFO 2025-12-15 23:10:53,904 basehttp 9712 12536 "GET /admin/ HTTP/1.1" 200 15975
INFO 2025-12-15 23:10:57,685 basehttp 9712 12536 "GET /admin/store/product/ HTTP/1.1" 200 27490
INFO 2025-12-15 23:10:57,758 basehttp 9712 12536 "GET /admin/jsi18n/ HTTP/1.1" 200 3342
INFO 2025-12-15 23:11:00,172 basehttp 9712 12536 "GET /admin/store/product/add/ HTTP/1.1" 200 16902
INFO 2025-12-15 23:11:00,223 basehttp 9712 12536 "GET /admin/jsi18n/ HTTP/1.1" 200 3342
INFO 2025-12-15 23:11:09,451 basehttp 9712 12536 "POST /admin/store/product/add/ HTTP/1.1" 302 0
INFO 2025-12-15 23:11:09,574 basehttp 9712 12536 "GET /admin/store/product/ HTTP/1.1" 200 28224
INFO 2025-12-15 23:11:09,599 basehttp 9712 12536 "GET /admin/jsi18n/ HTTP/1.1" 200 3342
INFO 2025-12-15 23:11:40,997 basehttp 9712 4588 "GET / HTTP/1.1" 200 37681
INFO 2025-12-15 23:11:56,169 basehttp 9712 4588 "GET /admin/store/product/32/change/ HTTP/1.1" 200 17366
INFO 2025-12-15 23:11:56,197 basehttp 9712 4588 "GET /admin/jsi18n/ HTTP/1.1" 200 3342
INFO 2025-12-15 23:12:44,724 basehttp 9712 4588 "POST /admin/store/product/32/change/ HTTP/1.1" 302 0
INFO 2025-12-15 23:12:44,883 basehttp 9712 4588 "GET /admin/store/product/ HTTP/1.1" 200 28226
INFO 2025-12-15 23:12:44,937 basehttp 9712 4588 "GET /admin/jsi18n/ HTTP/1.1" 200 3342
INFO 2025-12-15 23:12:52,610 basehttp 9712 4588 "GET / HTTP/1.1" 200 37681
INFO 2025-12-15 23:13:12,206 basehttp 9712 4588 "GET / HTTP/1.1" 200 37681
INFO 2025-12-15 23:13:25,358 basehttp 9712 4588 "POST /admin/store/product/ HTTP/1.1" 200 12270
INFO 2025-12-15 23:13:26,736 basehttp 9712 4588 "POST /admin/store/product/ HTTP/1.1" 302 0
INFO 2025-12-15 23:13:26,855 basehttp 9712 4588 "GET /admin/store/product/ HTTP/1.1" 200 27627
INFO 2025-12-15 23:13:26,892 basehttp 9712 4588 "GET /admin/jsi18n/ HTTP/1.1" 200 3342
INFO 2025-12-15 23:14:19,120 basehttp 9712 4588 "GET / HTTP/1.1" 200 36640
INFO 2025-12-15 23:14:35,383 basehttp 9712 4588 "GET /?q=%27+OR+%271%27%3D%271 HTTP/1.1" 200 5638
INFO 2025-12-15 23:14:53,930 basehttp 9712 4588 "GET /?q=%27+OR+%271%27%3D%271%27+-- HTTP/1.1" 200 5647
INFO 2025-12-15 23:16:10,111 basehttp 9712 9300 "GET /?q='%20OR%20'1'='1 HTTP/1.1" 200 5437
INFO 2025-12-15 23:16:12,165 basehttp 9712 21336 "GET /?q=%3Cscript%3Ealert('XSS')%3C/script%3E HTTP/1.1" 200 5457
INFO 2025-12-15 23:16:55,579 basehttp 9712 16456 "GET / HTTP/1.1" 200 36439
INFO 2025-12-15 23:16:57,814 basehttp 9712 15652 "GET /?q=nonexistentproduct'%20OR%20'1'='1 HTTP/1.1" 200 5455
INFO 2025-12-15 23:16:59,895 basehttp 9712 11216 "GET /?q=%3Cscript%3Ealert('XSS')%3C/script%3E HTTP/1.1" 200 5457
INFO 2025-12-15 23:17:15,847 basehttp 9712 14708 "GET / HTTP/1.1" 200 36439
INFO 2025-12-15 23:17:17,911 basehttp 9712 3324 "GET /?q=nonexistentproduct'%20OR%20'1'='1 HTTP/1.1" 200 5455
INFO 2025-12-15 23:17:19,974 basehttp 9712 15720 "GET /?q=%3Cscript%3Ealert('XSS')%3C/script%3E HTTP/1.1" 200 5457
INFO 2025-12-15 23:17:31,558 basehttp 9712 14548 "GET /?q=nonexistentproduct%20OR%201=1 HTTP/1.1" 200 5632
INFO 2025-12-15 23:18:03,710 basehttp 9712 14548 "GET /?q=nonexistentproduct%27%20OR%20%271%27=%271 HTTP/1.1" 200 5656
INFO 2025-12-15 23:18:06,085 basehttp 9712 14548 "GET /?q=nonexistentproduct%27%20OR%20%271%27=%271 HTTP/1.1" 200 5656
INFO 2025-12-15 23:18:26,567 basehttp 9712 14548 "GET /?q=%27+OR+%271%27%3D%271 HTTP/1.1" 200 5638
INFO 2025-12-15 23:18:30,445 basehttp 9712 14548 "GET /?q=%27+OR+%271%27%3D%271 HTTP/1.1" 200 5638
INFO 2025-12-15 23:18:46,945 basehttp 9712 14548 "GET /?q=OR+1%3D1 HTTP/1.1" 200 5613
INFO 2025-12-15 23:20:56,175 basehttp 9712 14548 "GET /?q=%27+OR+%271%27%3D%271 HTTP/1.1" 200 5638
INFO 2025-12-15 23:20:59,410 basehttp 9712 14548 "GET /?q=%27+OR+%271%27%3D%271 HTTP/1.1" 200 5638
INFO 2025-12-15 23:22:11,820 basehttp 9712 14548 "GET /?q=OR+1%3D1 HTTP/1.1" 200 5613
INFO 2025-12-15 23:24:05,091 basehttp 9712 14548 "GET /?q=%27+OR+%271%27%3D%271 HTTP/1.1" 200 5638
INFO 2025-12-15 23:25:39,669 basehttp 9712 14548 "GET /?q=%27+OR+%271%27%3D%271 HTTP/1.1" 200 5638
INFO 2025-12-15 23:25:55,000 basehttp 9712 14548 "GET /?q=%27+OR+%271%27%3D%271 HTTP/1.1" 200 5638
INFO 2025-12-15 23:25:58,309 basehttp 9712 14548 "GET /?q=+%27+OR+%271%27%3D%271 HTTP/1.1" 200 5639
INFO 2025-12-15 23:26:02,252 basehttp 9712 14548 "GET /?q=+%27+OR+%271%27%3D%27+1 HTTP/1.1" 200 5640
INFO 2025-12-15 23:26:05,808 basehttp 9712 14548 "GET /?q=+%27+OR+++%271%27%3D%27+1 HTTP/1.1" 200 5642
INFO 2025-12-15 23:26:14,686 basehttp 9712 15520 "GET /?q=%27+OR+++%271%27%3D%271 HTTP/1.1" 200 5640
INFO 2025-12-15 23:26:18,086 basehttp 9712 15520 "GET /?q=%27+OR+++++%271%27%3D%271 HTTP/1.1" 200 5642
INFO 2025-12-15 23:26:40,983 basehttp 9712 20888 "GET /?q=%27+OR+%271%27%3D%271 HTTP/1.1" 200 5638
INFO 2025-12-15 23:26:42,609 basehttp 9712 20888 "GET /?q=%27+OR+%271%27%3D%271 HTTP/1.1" 200 5638
INFO 2025-12-15 23:28:31,097 basehttp 9712 18672 "GET /?q=%27+OR+%271%27%3D%271 HTTP/1.1" 200 5638
INFO 2025-12-15 23:29:02,057 basehttp 9712 10996 "GET /?q=test HTTP/1.1" 200 9187
INFO 2025-12-15 23:29:05,147 basehttp 9712 10996 "GET /?q=test HTTP/1.1" 200 9187
INFO 2025-12-15 23:29:08,251 basehttp 9712 10996 "GET / HTTP/1.1" 200 36640
INFO 2025-12-15 23:29:08,317 basehttp 9712 10996 "GET /media/products/41NOgOAkpL._SY445_SX342_ML2_.jpg HTTP/1.1" 304 0
INFO 2025-12-15 23:29:08,319 basehttp 9712 15040 "GET /media/products/41ObsCYcV1L._SY445_SX342_ML2_.jpg HTTP/1.1" 304 0
INFO 2025-12-15 23:29:08,328 basehttp 9712 13592 "GET /media/products/510L6Sk8hL._SY445_SX342_ML2_.jpg HTTP/1.1" 304 0
INFO 2025-12-15 23:29:08,344 basehttp 9712 18384 "GET /media/products/81S88P1FQwL._SY466_.jpg HTTP/1.1" 304 0
INFO 2025-12-15 23:29:08,349 basehttp 9712 7500 "GET /media/products/81YyU0v02gL._SY466_.jpg HTTP/1.1" 304 0
INFO 2025-12-15 23:29:08,353 basehttp 9712 4704 "GET /media/products/OIP_1.webp HTTP/1.1" 304 0
INFO 2025-12-15 23:29:13,895 basehttp 9712 4704 "GET /?q=test HTTP/1.1" 200 9187
INFO 2025-12-15 23:30:32,463 basehttp 9712 7608 "GET /?q=test HTTP/1.1" 200 9187
INFO 2025-12-15 23:30:33,772 basehttp 9712 7608 "GET /?q=test HTTP/1.1" 200 9187
INFO 2025-12-15 23:30:43,277 basehttp 9712 15228 "GET / HTTP/1.1" 200 36640
INFO 2025-12-15 23:30:47,526 basehttp 9712 15228 "GET /?q=test HTTP/1.1" 200 9187
INFO 2025-12-15 23:31:26,981 basehttp 9712 12460 "GET /?q=test HTTP/1.1" 200 9187
INFO 2025-12-15 23:31:29,603 basehttp 9712 18512 "GET /?q=test HTTP/1.1" 200 9187
INFO 2025-12-15 23:31:31,404 basehttp 9712 18512 "GET /?q=test HTTP/1.1" 200 9187
INFO 2025-12-15 23:31:46,778 basehttp 9712 16964 "GET /?category=books HTTP/1.1" 200 15158
INFO 2025-12-15 23:31:50,434 basehttp 9712 16584 "GET /?q=test HTTP/1.1" 200 9187
INFO 2025-12-15 23:31:52,704 basehttp 9712 16584 "GET /?category=electronic-items HTTP/1.1" 200 16497
INFO 2025-12-15 23:31:56,794 basehttp 9712 16584 "GET /?q=test HTTP/1.1" 200 9187
INFO 2025-12-15 23:32:03,340 basehttp 9712 2008 "GET /?q=%27+OR+%271%27%3D%271 HTTP/1.1" 200 5638
INFO 2025-12-15 23:33:56,122 basehttp 9712 6296 "GET /?q=%27+OR+%271%27%3D%271 HTTP/1.1" 200 5638
INFO 2025-12-15 23:33:59,441 basehttp 9712 6296 "GET /?q=%27+OR+%271%27%3D%271 HTTP/1.1" 200 5638
INFO 2025-12-15 23:34:15,238 basehttp 9712 4316 "GET /?q=%27+OR+%271%27%3D%271 HTTP/1.1" 200 5638
INFO 2025-12-15 23:35:19,468 basehttp 9712 6320 "GET /?q=%27+OR+%271%27%3D%271 HTTP/1.1" 200 5638
INFO 2025-12-15 23:36:13,715 basehttp 9712 13612 "GET /?q=%27+OR+%271%27%3D%271 HTTP/1.1" 200 5638
INFO 2025-12-15 23:36:15,554 basehttp 9712 13612 "GET /?q=%27+OR+%271%27%3D%271 HTTP/1.1" 200 5638
INFO 2025-12-15 23:36:17,195 basehttp 9712 13612 "GET /?q=%27+OR+%271%27%3D%271 HTTP/1.1" 200 5638
INFO 2025-12-15 23:37:11,481 basehttp 9712 16280 "GET /?q=%27+OR+%271%27%3D%271 HTTP/1.1" 200 5638
INFO 2025-12-15 23:37:16,539 basehttp 9712 16280 "GET / HTTP/1.1" 200 36640
INFO 2025-12-15 23:37:16,569 basehttp 9712 16200 "GET /media/products/41ObsCYcV1L._SY445_SX342_ML2_.jpg HTTP/1.1" 304 0
INFO 2025-12-15 23:37:16,575 basehttp 9712 16280 "GET /media/products/41NOgOAkpL._SY445_SX342_ML2_.jpg HTTP/1.1" 304 0
INFO 2025-12-15 23:37:16,582 basehttp 9712 16200 "GET /media/products/510L6Sk8hL._SY445_SX342_ML2_.jpg HTTP/1.1" 304 0
INFO 2025-12-15 23:37:16,588 basehttp 9712 16280 "GET /media/products/81S88P1FQwL._SY466_.jpg HTTP/1.1" 304 0
INFO 2025-12-15 23:37:16,592 basehttp 9712 10444 "GET /media/products/81YyU0v02gL._SY466_.jpg HTTP/1.1" 304 0
INFO 2025-12-15 23:37:16,594 basehttp 9712 2020 "GET /media/products/OIP_1.webp HTTP/1.1" 304 0
INFO 2025-12-16 00:18:29,703 basehttp 9712 20888 "GET / HTTP/1.1" 200 36439
INFO 2025-12-16 00:18:31,760 basehttp 9712 21460 "GET /?q=nonexistentproduct'%20OR%20'1'='1 HTTP/1.1" 200 5455
INFO 2025-12-16 00:18:33,837 basehttp 9712 20872 "GET /?q=%3Cscript%3Ealert('XSS')%3C/script%3E HTTP/1.1" 200 5457
INFO 2025-12-16 00:21:44,739 basehttp 9712 7604 "GET / HTTP/1.1" 200 36439
INFO 2025-12-16 00:21:46,804 basehttp 9712 6072 "GET /?q=nonexistentproduct'%20OR%20'1'='1 HTTP/1.1" 200 5455
INFO 2025-12-16 00:21:48,868 basehttp 9712 12448 "GET /?q=%3Cscript%3Ealert('XSS')%3C/script%3E HTTP/1.1" 200 5457
